ISO-10303-21;
HEADER;
FILE_DESCRIPTION(('Open CASCADE Model'),'2;1');
FILE_NAME('Open CASCADE Shape Model','2026-07-25T20:43:02',('Author'),(
    'Open CASCADE'),'Open CASCADE STEP processor 7.9','Open CASCADE 7.9'
  ,'Unknown');
FILE_SCHEMA(('AUTOMOTIVE_DESIGN { 1 0 10303 214 1 1 1 1 }'));
ENDSEC;
DATA;
#1 = APPLICATION_PROTOCOL_DEFINITION('international standard',
  'automotive_design',2000,#2);
#2 = APPLICATION_CONTEXT(
  'core data for automotive mechanical design processes');
#3 = SHAPE_DEFINITION_REPRESENTATION(#4,#10);
#4 = PRODUCT_DEFINITION_SHAPE('','',#5);
#5 = PRODUCT_DEFINITION('design','',#6,#9);
#6 = PRODUCT_DEFINITION_FORMATION('','',#7);
#7 = PRODUCT('Open CASCADE STEP translator 7.9 1',
  'Open CASCADE STEP translator 7.9 1','',(#8));
#8 = PRODUCT_CONTEXT('',#2,'mechanical');
#9 = PRODUCT_DEFINITION_CONTEXT('part definition',#2,'design');
#10 = ADVANCED_BREP_SHAPE_REPRESENTATION('',(#11,#15),#10339);
#11 = AXIS2_PLACEMENT_3D('',#12,#13,#14);
#12 = CARTESIAN_POINT('',(0.,0.,0.));
#13 = DIRECTION('',(0.,0.,1.));
#14 = DIRECTION('',(1.,0.,-0.));
#15 = MANIFOLD_SOLID_BREP('',#16);
#16 = CLOSED_SHELL('',(#17,#137,#1624,#1740,#2263,#3040,#3047,#3096,
    #3146,#3173,#3249,#3298,#3347,#3396,#3445,#3472,#3548,#3597,#3646,
    #3695,#3744,#3771,#3847,#3896,#3945,#3994,#4043,#4070,#4146,#4195,
    #4244,#4293,#4342,#4369,#4445,#4494,#4543,#4592,#4641,#4668,#4744,
    #4793,#4842,#4891,#4940,#4967,#5043,#5092,#5141,#5190,#5239,#5266,
    #5316,#5392,#5441,#5490,#5539,#5588,#5615,#5625,#5675,#5725,#5775,
    #5952,#6001,#6050,#6099,#6148,#6197,#6246,#6295,#6344,#6393,#6442,
    #7303,#7353,#7400,#7427,#7454,#7461,#7529,#7702,#7807,#7859,#7883,
    #7930,#7957,#7984,#7991,#8059,#8169,#8317,#8341,#8393,#8440,#8467,
    #8494,#8501,#8548,#8575,#8602,#8609,#8621,#8661,#8701,#8713,#8753,
    #8793,#8805,#8817,#9039,#9088,#9137,#9164,#9191,#9236,#9286,#9313,
    #9362,#9387,#9436,#9486,#9513,#9558,#9608,#9635,#9684,#9709,#9758,
    #9808,#9835,#9862,#9873,#9884,#9939,#9994,#10049,#10104,#10111,
    #10161,#10211,#10261,#10311,#10318,#10325,#10332));
#17 = ADVANCED_FACE('',(#18),#32,.F.);
#18 = FACE_BOUND('',#19,.F.);
#19 = EDGE_LOOP('',(#20,#55,#83,#111));
#20 = ORIENTED_EDGE('',*,*,#21,.F.);
#21 = EDGE_CURVE('',#22,#24,#26,.T.);
#22 = VERTEX_POINT('',#23);
#23 = CARTESIAN_POINT('',(-52.5,0.,0.));
#24 = VERTEX_POINT('',#25);
#25 = CARTESIAN_POINT('',(-52.5,0.,66.));
#26 = SURFACE_CURVE('',#27,(#31,#43),.PCURVE_S1.);
#27 = LINE('',#28,#29);
#28 = CARTESIAN_POINT('',(-52.5,0.,0.));
#29 = VECTOR('',#30,1.);
#30 = DIRECTION('',(0.,0.,1.));
#31 = PCURVE('',#32,#37);
#32 = PLANE('',#33);
#33 = AXIS2_PLACEMENT_3D('',#34,#35,#36);
#34 = CARTESIAN_POINT('',(-52.5,0.,0.));
#35 = DIRECTION('',(1.,0.,0.));
#36 = DIRECTION('',(0.,0.,1.));
#37 = DEFINITIONAL_REPRESENTATION('',(#38),#42);
#38 = LINE('',#39,#40);
#39 = CARTESIAN_POINT('',(0.,0.));
#40 = VECTOR('',#41,1.);
#41 = DIRECTION('',(1.,0.));
#42 = ( GEOMETRIC_REPRESENTATION_CONTEXT(2) 
PARAMETRIC_REPRESENTATION_CONTEXT() REPRESENTATION_CONTEXT('2D SPACE',''
  ) );
#43 = PCURVE('',#44,#49);
#44 = PLANE('',#45);
#45 = AXIS2_PLACEMENT_3D('',#46,#47,#48);
#46 = CARTESIAN_POINT('',(-52.5,0.,0.));
#47 = DIRECTION('',(0.,1.,0.));
#48 = DIRECTION('',(0.,0.,1.));
#49 = DEFINITIONAL_REPRESENTATION('',(#50),#54);
#50 = LINE('',#51,#52);
#51 = CARTESIAN_POINT('',(0.,0.));
#52 = VECTOR('',#53,1.);
#53 = DIRECTION('',(1.,0.));
#54 = ( GEOMETRIC_REPRESENTATION_CONTEXT(2) 
PARAMETRIC_REPRESENTATION_CONTEXT() REPRESENTATION_CONTEXT('2D SPACE',''
  ) );
#55 = ORIENTED_EDGE('',*,*,#56,.T.);
#56 = EDGE_CURVE('',#22,#57,#59,.T.);
#57 = VERTEX_POINT('',#58);
#58 = CARTESIAN_POINT('',(-52.5,33.,0.));
#59 = SURFACE_CURVE('',#60,(#64,#71),.PCURVE_S1.);
#60 = LINE('',#61,#62);
#61 = CARTESIAN_POINT('',(-52.5,0.,0.));
#62 = VECTOR('',#63,1.);
#63 = DIRECTION('',(0.,1.,0.));
#64 = PCURVE('',#32,#65);
#65 = DEFINITIONAL_REPRESENTATION('',(#66),#70);
#66 = LINE('',#67,#68);
#67 = CARTESIAN_POINT('',(0.,0.));
#68 = VECTOR('',#69,1.);
#69 = DIRECTION('',(0.,-1.));
#70 = ( GEOMETRIC_REPRESENTATION_CONTEXT(2) 
PARAMETRIC_REPRESENTATION_CONTEXT() REPRESENTATION_CONTEXT('2D SPACE',''
  ) );
#71 = PCURVE('',#72,#77);
#72 = PLANE('',#73);
#73 = AXIS2_PLACEMENT_3D('',#74,#75,#76);
#74 = CARTESIAN_POINT('',(-52.5,0.,0.));
#75 = DIRECTION('',(0.,0.,1.));
#76 = DIRECTION('',(1.,0.,0.));
#77 = DEFINITIONAL_REPRESENTATION('',(#78),#82);
#78 = LINE('',#79,#80);
#79 = CARTESIAN_POINT('',(0.,0.));
#80 = VECTOR('',#81,1.);
#81 = DIRECTION('',(0.,1.));
#82 = ( GEOMETRIC_REPRESENTATION_CONTEXT(2) 
PARAMETRIC_REPRESENTATION_CONTEXT() REPRESENTATION_CONTEXT('2D SPACE',''
  ) );
#83 = ORIENTED_EDGE('',*,*,#84,.T.);
#84 = EDGE_CURVE('',#57,#85,#87,.T.);
#85 = VERTEX_POINT('',#86);
#86 = CARTESIAN_POINT('',(-52.5,33.,66.));
#87 = SURFACE_CURVE('',#88,(#92,#99),.PCURVE_S1.);
#88 = LINE('',#89,#90);
#89 = CARTESIAN_POINT('',(-52.5,33.,0.));
#90 = VECTOR('',#91,1.);
#91 = DIRECTION('',(0.,0.,1.));
#92 = PCURVE('',#32,#93);
#93 = DEFINITIONAL_REPRESENTATION('',(#94),#98);
#94 = LINE('',#95,#96);
#95 = CARTESIAN_POINT('',(0.,-33.));
#96 = VECTOR('',#97,1.);
#97 = DIRECTION('',(1.,0.));
#98 = ( GEOMETRIC_REPRESENTATION_CONTEXT(2) 
PARAMETRIC_REPRESENTATION_CONTEXT() REPRESENTATION_CONTEXT('2D SPACE',''
  ) );
#99 = PCURVE('',#100,#105);
#100 = PLANE('',#101);
#101 = AXIS2_PLACEMENT_3D('',#102,#103,#104);
#102 = CARTESIAN_POINT('',(-52.5,33.,0.));
#103 = DIRECTION('',(0.,1.,0.));
#104 = DIRECTION('',(0.,0.,1.));
#105 = DEFINITIONAL_REPRESENTATION('',(#106),#110);
#106 = LINE('',#107,#108);
#107 = CARTESIAN_POINT('',(0.,0.));
#108 = VECTOR('',#109,1.);
#109 = DIRECTION('',(1.,0.));
#110 = ( GEOMETRIC_REPRESENTATION_CONTEXT(2) 
PARAMETRIC_REPRESENTATION_CONTEXT() REPRESENTATION_CONTEXT('2D SPACE',''
  ) );
#111 = ORIENTED_EDGE('',*,*,#112,.F.);
#112 = EDGE_CURVE('',#24,#85,#113,.T.);
#113 = SURFACE_CURVE('',#114,(#118,#125),.PCURVE_S1.);
#114 = LINE('',#115,#116);
#115 = CARTESIAN_POINT('',(-52.5,0.,66.));
#116 = VECTOR('',#117,1.);
#117 = DIRECTION('',(0.,1.,0.));
#118 = PCURVE('',#32,#119);
#119 = DEFINITIONAL_REPRESENTATION('',(#120),#124);
#120 = LINE('',#121,#122);
#121 = CARTESIAN_POINT('',(66.,0.));
#122 = VECTOR('',#123,1.);
#123 = DIRECTION('',(0.,-1.));
#124 = ( GEOMETRIC_REPRESENTATION_CONTEXT(2) 
PARAMETRIC_REPRESENTATION_CONTEXT() REPRESENTATION_CONTEXT('2D SPACE',''
  ) );
#125 = PCURVE('',#126,#131);
#126 = PLANE('',#127);
#127 = AXIS2_PLACEMENT_3D('',#128,#129,#130);
#128 = CARTESIAN_POINT('',(-52.5,0.,66.));
#129 = DIRECTION('',(0.,0.,1.));
#130 = DIRECTION('',(1.,0.,0.));
#131 = DEFINITIONAL_REPRESENTATION('',(#132),#136);
#132 = LINE('',#133,#134);
#133 = CARTESIAN_POINT('',(0.,0.));
#134 = VECTOR('',#135,1.);
#135 = DIRECTION('',(0.,1.));
#136 = ( GEOMETRIC_REPRESENTATION_CONTEXT(2) 
PARAMETRIC_REPRESENTATION_CONTEXT() REPRESENTATION_CONTEXT('2D SPACE',''
  ) );
#137 = ADVANCED_FACE('',(#138,#325,#483,#641,#799,#957,#1115,#1273,#1431
    ,#1466),#44,.F.);
#138 = FACE_BOUND('',#139,.F.);
#139 = EDGE_LOOP('',(#140,#170,#191,#192,#215,#243,#276,#304));
#140 = ORIENTED_EDGE('',*,*,#141,.F.);
#141 = EDGE_CURVE('',#142,#144,#146,.T.);
#142 = VERTEX_POINT('',#143);
#143 = CARTESIAN_POINT('',(52.5,0.,0.));
#144 = VERTEX_POINT('',#145);
#145 = CARTESIAN_POINT('',(52.5,0.,66.));
#146 = SURFACE_CURVE('',#147,(#151,#158),.PCURVE_S1.);
#147 = LINE('',#148,#149);
#148 = CARTESIAN_POINT('',(52.5,0.,0.));
#149 = VECTOR('',#150,1.);
#150 = DIRECTION('',(0.,0.,1.));
#151 = PCURVE('',#44,#152);
#152 = DEFINITIONAL_REPRESENTATION('',(#153),#157);
#153 = LINE('',#154,#155);
#154 = CARTESIAN_POINT('',(0.,105.));
#155 = VECTOR('',#156,1.);
#156 = DIRECTION('',(1.,0.));
#157 = ( GEOMETRIC_REPRESENTATION_CONTEXT(2) 
PARAMETRIC_REPRESENTATION_CONTEXT() REPRESENTATION_CONTEXT('2D SPACE',''
  ) );
#158 = PCURVE('',#159,#164);
#159 = PLANE('',#160);
#160 = AXIS2_PLACEMENT_3D('',#161,#162,#163);
#161 = CARTESIAN_POINT('',(52.5,0.,0.));
#162 = DIRECTION('',(1.,0.,0.));
#163 = DIRECTION('',(0.,0.,1.));
#164 = DEFINITIONAL_REPRESENTATION('',(#165),#169);
#165 = LINE('',#166,#167);
#166 = CARTESIAN_POINT('',(0.,0.));
#167 = VECTOR('',#168,1.);
#168 = DIRECTION('',(1.,0.));
#169 = ( GEOMETRIC_REPRESENTATION_CONTEXT(2) 
PARAMETRIC_REPRESENTATION_CONTEXT() REPRESENTATION_CONTEXT('2D SPACE',''
  ) );
#170 = ORIENTED_EDGE('',*,*,#171,.F.);
#171 = EDGE_CURVE('',#22,#142,#172,.T.);
#172 = SURFACE_CURVE('',#173,(#177,#184),.PCURVE_S1.);
#173 = LINE('',#174,#175);
#174 = CARTESIAN_POINT('',(-52.5,0.,0.));
#175 = VECTOR('',#176,1.);
#176 = DIRECTION('',(1.,0.,0.));
#177 = PCURVE('',#44,#178);
#178 = DEFINITIONAL_REPRESENTATION('',(#179),#183);
#179 = LINE('',#180,#181);
#180 = CARTESIAN_POINT('',(0.,0.));
#181 = VECTOR('',#182,1.);
#182 = DIRECTION('',(0.,1.));
#183 = ( GEOMETRIC_REPRESENTATION_CONTEXT(2) 
PARAMETRIC_REPRESENTATION_CONTEXT() REPRESENTATION_CONTEXT('2D SPACE',''
  ) );
#184 = PCURVE('',#72,#185);
#185 = DEFINITIONAL_REPRESENTATION('',(#186),#190);
#186 = LINE('',#187,#188);
#187 = CARTESIAN_POINT('',(0.,0.));
#188 = VECTOR('',#189,1.);
#189 = DIRECTION('',(1.,0.));
#190 = ( GEOMETRIC_REPRESENTATION_CONTEXT(2) 
PARAMETRIC_REPRESENTATION_CONTEXT() REPRESENTATION_CONTEXT('2D SPACE',''
  ) );
#191 = ORIENTED_EDGE('',*,*,#21,.T.);
#192 = ORIENTED_EDGE('',*,*,#193,.T.);
#193 = EDGE_CURVE('',#24,#194,#196,.T.);
#194 = VERTEX_POINT('',#195);
#195 = CARTESIAN_POINT('',(-15.14285714285,0.,66.));
#196 = SURFACE_CURVE('',#197,(#201,#208),.PCURVE_S1.);
#197 = LINE('',#198,#199);
#198 = CARTESIAN_POINT('',(-52.5,0.,66.));
#199 = VECTOR('',#200,1.);
#200 = DIRECTION('',(1.,0.,0.));
#201 = PCURVE('',#44,#202);
#202 = DEFINITIONAL_REPRESENTATION('',(#203),#207);
#203 = LINE('',#204,#205);
#204 = CARTESIAN_POINT('',(66.,0.));
#205 = VECTOR('',#206,1.);
#206 = DIRECTION('',(0.,1.));
#207 = ( GEOMETRIC_REPRESENTATION_CONTEXT(2) 
PARAMETRIC_REPRESENTATION_CONTEXT() REPRESENTATION_CONTEXT('2D SPACE',''
  ) );
#208 = PCURVE('',#126,#209);
#209 = DEFINITIONAL_REPRESENTATION('',(#210),#214);
#210 = LINE('',#211,#212);
#211 = CARTESIAN_POINT('',(0.,0.));
#212 = VECTOR('',#213,1.);
#213 = DIRECTION('',(1.,0.));
#214 = ( GEOMETRIC_REPRESENTATION_CONTEXT(2) 
PARAMETRIC_REPRESENTATION_CONTEXT() REPRESENTATION_CONTEXT('2D SPACE',''
  ) );
#215 = ORIENTED_EDGE('',*,*,#216,.F.);
#216 = EDGE_CURVE('',#217,#194,#219,.T.);
#217 = VERTEX_POINT('',#218);
#218 = CARTESIAN_POINT('',(-10.,0.,74.));
#219 = SURFACE_CURVE('',#220,(#224,#231),.PCURVE_S1.);
#220 = LINE('',#221,#222);
#221 = CARTESIAN_POINT('',(-10.,0.,74.));
#222 = VECTOR('',#223,1.);
#223 = DIRECTION('',(-0.540757591313,0.,-0.841178475377));
#224 = PCURVE('',#44,#225);
#225 = DEFINITIONAL_REPRESENTATION('',(#226),#230);
#226 = LINE('',#227,#228);
#227 = CARTESIAN_POINT('',(74.,42.5));
#228 = VECTOR('',#229,1.);
#229 = DIRECTION('',(-0.841178475377,-0.540757591313));
#230 = ( GEOMETRIC_REPRESENTATION_CONTEXT(2) 
PARAMETRIC_REPRESENTATION_CONTEXT() REPRESENTATION_CONTEXT('2D SPACE',''
  ) );
#231 = PCURVE('',#232,#237);
#232 = PLANE('',#233);
#233 = AXIS2_PLACEMENT_3D('',#234,#235,#236);
#234 = CARTESIAN_POINT('',(-10.,5.,74.));
#235 = DIRECTION('',(0.841178475377,0.,-0.540757591313));
#236 = DIRECTION('',(-0.540757591313,0.,-0.841178475377));
#237 = DEFINITIONAL_REPRESENTATION('',(#238),#242);
#238 = LINE('',#239,#240);
#239 = CARTESIAN_POINT('',(-0.,-5.));
#240 = VECTOR('',#241,1.);
#241 = DIRECTION('',(1.,0.));
#242 = ( GEOMETRIC_REPRESENTATION_CONTEXT(2) 
PARAMETRIC_REPRESENTATION_CONTEXT() REPRESENTATION_CONTEXT('2D SPACE',''
  ) );
#243 = ORIENTED_EDGE('',*,*,#244,.F.);
#244 = EDGE_CURVE('',#245,#217,#247,.T.);
#245 = VERTEX_POINT('',#246);
#246 = CARTESIAN_POINT('',(10.,0.,74.));
#247 = SURFACE_CURVE('',#248,(#253,#264),.PCURVE_S1.);
#248 = CIRCLE('',#249,10.);
#249 = AXIS2_PLACEMENT_3D('',#250,#251,#252);
#250 = CARTESIAN_POINT('',(0.,0.,74.));
#251 = DIRECTION('',(0.,-1.,0.));
#252 = DIRECTION('',(1.,0.,0.));
#253 = PCURVE('',#44,#254);
#254 = DEFINITIONAL_REPRESENTATION('',(#255),#263);
#255 = ( BOUNDED_CURVE() B_SPLINE_CURVE(2,(#256,#257,#258,#259,#260,#261
,#262),.UNSPECIFIED.,.T.,.F.) B_SPLINE_CURVE_WITH_KNOTS((1,2,2,2,2,1),(
    -2.094395102393,0.,2.094395102393,4.188790204786,6.28318530718,
8.377580409573),.UNSPECIFIED.) CURVE() GEOMETRIC_REPRESENTATION_ITEM() 
RATIONAL_B_SPLINE_CURVE((1.,0.5,1.,0.5,1.,0.5,1.)) REPRESENTATION_ITEM(
  '') );
#256 = CARTESIAN_POINT('',(74.,62.5));
#257 = CARTESIAN_POINT('',(91.320508075689,62.5));
#258 = CARTESIAN_POINT('',(82.660254037844,47.5));
#259 = CARTESIAN_POINT('',(74.,32.5));
#260 = CARTESIAN_POINT('',(65.339745962156,47.5));
#261 = CARTESIAN_POINT('',(56.679491924311,62.5));
#262 = CARTESIAN_POINT('',(74.,62.5));
#263 = ( GEOMETRIC_REPRESENTATION_CONTEXT(2) 
PARAMETRIC_REPRESENTATION_CONTEXT() REPRESENTATION_CONTEXT('2D SPACE',''
  ) );
#264 = PCURVE('',#265,#270);
#265 = CYLINDRICAL_SURFACE('',#266,10.);
#266 = AXIS2_PLACEMENT_3D('',#267,#268,#269);
#267 = CARTESIAN_POINT('',(0.,5.,74.));
#268 = DIRECTION('',(-0.,1.,-0.));
#269 = DIRECTION('',(1.,0.,0.));
#270 = DEFINITIONAL_REPRESENTATION('',(#271),#275);
#271 = LINE('',#272,#273);
#272 = CARTESIAN_POINT('',(-0.,-5.));
#273 = VECTOR('',#274,1.);
#274 = DIRECTION('',(-1.,0.));
#275 = ( GEOMETRIC_REPRESENTATION_CONTEXT(2) 
PARAMETRIC_REPRESENTATION_CONTEXT() REPRESENTATION_CONTEXT('2D SPACE',''
  ) );
#276 = ORIENTED_EDGE('',*,*,#277,.F.);
#277 = EDGE_CURVE('',#278,#245,#280,.T.);
#278 = VERTEX_POINT('',#279);
#279 = CARTESIAN_POINT('',(15.142857142857,0.,66.));
#280 = SURFACE_CURVE('',#281,(#285,#292),.PCURVE_S1.);
#281 = LINE('',#282,#283);
#282 = CARTESIAN_POINT('',(19.,0.,60.));
#283 = VECTOR('',#284,1.);
#284 = DIRECTION('',(-0.540757591313,0.,0.841178475377));
#285 = PCURVE('',#44,#286);
#286 = DEFINITIONAL_REPRESENTATION('',(#287),#291);
#287 = LINE('',#288,#289);
#288 = CARTESIAN_POINT('',(60.,71.5));
#289 = VECTOR('',#290,1.);
#290 = DIRECTION('',(0.841178475377,-0.540757591313));
#291 = ( GEOMETRIC_REPRESENTATION_CONTEXT(2) 
PARAMETRIC_REPRESENTATION_CONTEXT() REPRESENTATION_CONTEXT('2D SPACE',''
  ) );
#292 = PCURVE('',#293,#298);
#293 = PLANE('',#294);
#294 = AXIS2_PLACEMENT_3D('',#295,#296,#297);
#295 = CARTESIAN_POINT('',(19.,5.,60.));
#296 = DIRECTION('',(-0.841178475377,-0.,-0.540757591313));
#297 = DIRECTION('',(-0.540757591313,0.,0.841178475377));
#298 = DEFINITIONAL_REPRESENTATION('',(#299),#303);
#299 = LINE('',#300,#301);
#300 = CARTESIAN_POINT('',(0.,-5.));
#301 = VECTOR('',#302,1.);
#302 = DIRECTION('',(1.,0.));
#303 = ( GEOMETRIC_REPRESENTATION_CONTEXT(2) 
PARAMETRIC_REPRESENTATION_CONTEXT() REPRESENTATION_CONTEXT('2D SPACE',''
  ) );
#304 = ORIENTED_EDGE('',*,*,#305,.T.);
#305 = EDGE_CURVE('',#278,#144,#306,.T.);
#306 = SURFACE_CURVE('',#307,(#311,#318),.PCURVE_S1.);
#307 = LINE('',#308,#309);
#308 = CARTESIAN_POINT('',(-52.5,0.,66.));
#309 = VECTOR('',#310,1.);
#310 = DIRECTION('',(1.,0.,0.));
#311 = PCURVE('',#44,#312);
#312 = DEFINITIONAL_REPRESENTATION('',(#313),#317);
#313 = LINE('',#314,#315);
#314 = CARTESIAN_POINT('',(66.,0.));
#315 = VECTOR('',#316,1.);
#316 = DIRECTION('',(0.,1.));
#317 = ( GEOMETRIC_REPRESENTATION_CONTEXT(2) 
PARAMETRIC_REPRESENTATION_CONTEXT() REPRESENTATION_CONTEXT('2D SPACE',''
  ) );
#318 = PCURVE('',#126,#319);
#319 = DEFINITIONAL_REPRESENTATION('',(#320),#324);
#320 = LINE('',#321,#322);
#321 = CARTESIAN_POINT('',(0.,0.));
#322 = VECTOR('',#323,1.);
#323 = DIRECTION('',(1.,0.));
#324 = ( GEOMETRIC_REPRESENTATION_CONTEXT(2) 
PARAMETRIC_REPRESENTATION_CONTEXT() REPRESENTATION_CONTEXT('2D SPACE',''
  ) );
#325 = FACE_BOUND('',#326,.F.);
#326 = EDGE_LOOP('',(#327,#355,#381,#407,#433,#459));
#327 = ORIENTED_EDGE('',*,*,#328,.F.);
#328 = EDGE_CURVE('',#329,#331,#333,.T.);
#329 = VERTEX_POINT('',#330);
#330 = CARTESIAN_POINT('',(-42.86380400399,0.,11.7));
#331 = VERTEX_POINT('',#332);
#332 = CARTESIAN_POINT('',(-40.72760800799,0.,8.));
#333 = SURFACE_CURVE('',#334,(#338,#344),.PCURVE_S1.);
#334 = LINE('',#335,#336);
#335 = CARTESIAN_POINT('',(-40.46710619942,0.,7.548797632096));
#336 = VECTOR('',#337,1.);
#337 = DIRECTION('',(0.5,0.,-0.866025403784));
#338 = PCURVE('',#44,#339);
#339 = DEFINITIONAL_REPRESENTATION('',(#340),#343);
#340 = B_SPLINE_CURVE_WITH_KNOTS('',1,(#341,#342),.UNSPECIFIED.,.F.,.F.,
  (2,2),(-4.79339560914,-0.521003617137),.PIECEWISE_BEZIER_KNOTS.);
#341 = CARTESIAN_POINT('',(11.7,9.636195996002));
#342 = CARTESIAN_POINT('',(8.,11.772391992003));
#343 = ( GEOMETRIC_REPRESENTATION_CONTEXT(2) 
PARAMETRIC_REPRESENTATION_CONTEXT() REPRESENTATION_CONTEXT('2D SPACE',''
  ) );
#344 = PCURVE('',#345,#350);
#345 = PLANE('',#346);
#346 = AXIS2_PLACEMENT_3D('',#347,#348,#349);
#347 = CARTESIAN_POINT('',(-40.72760800799,-1.E-02,8.));
#348 = DIRECTION('',(0.866025403784,0.,0.5));
#349 = DIRECTION('',(-0.5,0.,0.866025403784));
#350 = DEFINITIONAL_REPRESENTATION('',(#351),#354);
#351 = B_SPLINE_CURVE_WITH_KNOTS('',1,(#352,#353),.UNSPECIFIED.,.F.,.F.,
  (2,2),(-4.79339560914,-0.521003617137),.PIECEWISE_BEZIER_KNOTS.);
#352 = CARTESIAN_POINT('',(4.272391992003,-1.E-02));
#353 = CARTESIAN_POINT('',(0.,-1.E-02));
#354 = ( GEOMETRIC_REPRESENTATION_CONTEXT(2) 
PARAMETRIC_REPRESENTATION_CONTEXT() REPRESENTATION_CONTEXT('2D SPACE',''
  ) );
#355 = ORIENTED_EDGE('',*,*,#356,.F.);
#356 = EDGE_CURVE('',#357,#329,#359,.T.);
#357 = VERTEX_POINT('',#358);
#358 = CARTESIAN_POINT('',(-47.136195996,0.,11.7));
#359 = SURFACE_CURVE('',#360,(#364,#370),.PCURVE_S1.);
#360 = LINE('',#361,#362);
#361 = CARTESIAN_POINT('',(-47.68190200199,0.,11.7));
#362 = VECTOR('',#363,1.);
#363 = DIRECTION('',(1.,0.,-1.039439289937E-16));
#364 = PCURVE('',#44,#365);
#365 = DEFINITIONAL_REPRESENTATION('',(#366),#369);
#366 = B_SPLINE_CURVE_WITH_KNOTS('',1,(#367,#368),.UNSPECIFIED.,.F.,.F.,
  (2,2),(0.545706005998,4.818097998001),.PIECEWISE_BEZIER_KNOTS.);
#367 = CARTESIAN_POINT('',(11.7,5.363804003998));
#368 = CARTESIAN_POINT('',(11.7,9.636195996002));
#369 = ( GEOMETRIC_REPRESENTATION_CONTEXT(2) 
PARAMETRIC_REPRESENTATION_CONTEXT() REPRESENTATION_CONTEXT('2D SPACE',''
  ) );
#370 = PCURVE('',#371,#376);
#371 = PLANE('',#372);
#372 = AXIS2_PLACEMENT_3D('',#373,#374,#375);
#373 = CARTESIAN_POINT('',(-42.86380400399,-1.E-02,11.7));
#374 = DIRECTION('',(1.039439289937E-16,0.,1.));
#375 = DIRECTION('',(-1.,0.,1.039439289937E-16));
#376 = DEFINITIONAL_REPRESENTATION('',(#377),#380);
#377 = B_SPLINE_CURVE_WITH_KNOTS('',1,(#378,#379),.UNSPECIFIED.,.F.,.F.,
  (2,2),(0.545706005998,4.818097998001),.PIECEWISE_BEZIER_KNOTS.);
#378 = CARTESIAN_POINT('',(4.272391992003,-1.E-02));
#379 = CARTESIAN_POINT('',(0.,-1.E-02));
#380 = ( GEOMETRIC_REPRESENTATION_CONTEXT(2) 
PARAMETRIC_REPRESENTATION_CONTEXT() REPRESENTATION_CONTEXT('2D SPACE',''
  ) );
#381 = ORIENTED_EDGE('',*,*,#382,.F.);
#382 = EDGE_CURVE('',#383,#357,#385,.T.);
#383 = VERTEX_POINT('',#384);
#384 = CARTESIAN_POINT('',(-49.272391992,0.,8.));
#385 = SURFACE_CURVE('',#386,(#390,#396),.PCURVE_S1.);
#386 = LINE('',#387,#388);
#387 = CARTESIAN_POINT('',(-50.33979580257,0.,6.151202367904));
#388 = VECTOR('',#389,1.);
#389 = DIRECTION('',(0.5,-0.,0.866025403784));
#390 = PCURVE('',#44,#391);
#391 = DEFINITIONAL_REPRESENTATION('',(#392),#395);
#392 = B_SPLINE_CURVE_WITH_KNOTS('',1,(#393,#394),.UNSPECIFIED.,.F.,.F.,
  (2,2),(2.134807621135,6.407199613139),.PIECEWISE_BEZIER_KNOTS.);
#393 = CARTESIAN_POINT('',(8.,3.227608007997));
#394 = CARTESIAN_POINT('',(11.7,5.363804003998));
#395 = ( GEOMETRIC_REPRESENTATION_CONTEXT(2) 
PARAMETRIC_REPRESENTATION_CONTEXT() REPRESENTATION_CONTEXT('2D SPACE',''
  ) );
#396 = PCURVE('',#397,#402);
#397 = PLANE('',#398);
#398 = AXIS2_PLACEMENT_3D('',#399,#400,#401);
#399 = CARTESIAN_POINT('',(-47.136195996,-1.E-02,11.7));
#400 = DIRECTION('',(-0.866025403784,0.,0.5));
#401 = DIRECTION('',(-0.5,0.,-0.866025403784));
#402 = DEFINITIONAL_REPRESENTATION('',(#403),#406);
#403 = B_SPLINE_CURVE_WITH_KNOTS('',1,(#404,#405),.UNSPECIFIED.,.F.,.F.,
  (2,2),(2.134807621135,6.407199613139),.PIECEWISE_BEZIER_KNOTS.);
#404 = CARTESIAN_POINT('',(4.272391992003,-1.E-02));
#405 = CARTESIAN_POINT('',(0.,-1.E-02));
#406 = ( GEOMETRIC_REPRESENTATION_CONTEXT(2) 
PARAMETRIC_REPRESENTATION_CONTEXT() REPRESENTATION_CONTEXT('2D SPACE',''
  ) );
#407 = ORIENTED_EDGE('',*,*,#408,.F.);
#408 = EDGE_CURVE('',#409,#383,#411,.T.);
#409 = VERTEX_POINT('',#410);
#410 = CARTESIAN_POINT('',(-47.136195996,0.,4.3));
#411 = SURFACE_CURVE('',#412,(#416,#422),.PCURVE_S1.);
#412 = LINE('',#413,#414);
#413 = CARTESIAN_POINT('',(-47.94379218543,0.,5.698797632096));
#414 = VECTOR('',#415,1.);
#415 = DIRECTION('',(-0.5,0.,0.866025403784));
#416 = PCURVE('',#44,#417);
#417 = DEFINITIONAL_REPRESENTATION('',(#418),#421);
#418 = B_SPLINE_CURVE_WITH_KNOTS('',1,(#419,#420),.UNSPECIFIED.,.F.,.F.,
  (2,2),(-1.615192378865,2.657199613139),.PIECEWISE_BEZIER_KNOTS.);
#419 = CARTESIAN_POINT('',(4.3,5.363804003998));
#420 = CARTESIAN_POINT('',(8.,3.227608007997));
#421 = ( GEOMETRIC_REPRESENTATION_CONTEXT(2) 
PARAMETRIC_REPRESENTATION_CONTEXT() REPRESENTATION_CONTEXT('2D SPACE',''
  ) );
#422 = PCURVE('',#423,#428);
#423 = PLANE('',#424);
#424 = AXIS2_PLACEMENT_3D('',#425,#426,#427);
#425 = CARTESIAN_POINT('',(-49.272391992,-1.E-02,8.));
#426 = DIRECTION('',(-0.866025403784,-0.,-0.5));
#427 = DIRECTION('',(0.5,0.,-0.866025403784));
#428 = DEFINITIONAL_REPRESENTATION('',(#429),#432);
#429 = B_SPLINE_CURVE_WITH_KNOTS('',1,(#430,#431),.UNSPECIFIED.,.F.,.F.,
  (2,2),(-1.615192378865,2.657199613139),.PIECEWISE_BEZIER_KNOTS.);
#430 = CARTESIAN_POINT('',(4.272391992003,-1.E-02));
#431 = CARTESIAN_POINT('',(0.,-1.E-02));
#432 = ( GEOMETRIC_REPRESENTATION_CONTEXT(2) 
PARAMETRIC_REPRESENTATION_CONTEXT() REPRESENTATION_CONTEXT('2D SPACE',''
  ) );
#433 = ORIENTED_EDGE('',*,*,#434,.F.);
#434 = EDGE_CURVE('',#435,#409,#437,.T.);
#435 = VERTEX_POINT('',#436);
#436 = CARTESIAN_POINT('',(-42.86380400399,0.,4.3));
#437 = SURFACE_CURVE('',#438,(#442,#448),.PCURVE_S1.);
#438 = LINE('',#439,#440);
#439 = CARTESIAN_POINT('',(-49.818097998,0.,4.3));
#440 = VECTOR('',#441,1.);
#441 = DIRECTION('',(-1.,0.,7.276075029559E-16));
#442 = PCURVE('',#44,#443);
#443 = DEFINITIONAL_REPRESENTATION('',(#444),#447);
#444 = B_SPLINE_CURVE_WITH_KNOTS('',1,(#445,#446),.UNSPECIFIED.,.F.,.F.,
  (2,2),(-6.954293994002,-2.681902001999),.PIECEWISE_BEZIER_KNOTS.);
#445 = CARTESIAN_POINT('',(4.3,9.636195996002));
#446 = CARTESIAN_POINT('',(4.3,5.363804003998));
#447 = ( GEOMETRIC_REPRESENTATION_CONTEXT(2) 
PARAMETRIC_REPRESENTATION_CONTEXT() REPRESENTATION_CONTEXT('2D SPACE',''
  ) );
#448 = PCURVE('',#449,#454);
#449 = PLANE('',#450);
#450 = AXIS2_PLACEMENT_3D('',#451,#452,#453);
#451 = CARTESIAN_POINT('',(-47.136195996,-1.E-02,4.3));
#452 = DIRECTION('',(-7.276075029559E-16,-0.,-1.));
#453 = DIRECTION('',(1.,0.,-7.276075029559E-16));
#454 = DEFINITIONAL_REPRESENTATION('',(#455),#458);
#455 = B_SPLINE_CURVE_WITH_KNOTS('',1,(#456,#457),.UNSPECIFIED.,.F.,.F.,
  (2,2),(-6.954293994002,-2.681902001999),.PIECEWISE_BEZIER_KNOTS.);
#456 = CARTESIAN_POINT('',(4.272391992003,-1.E-02));
#457 = CARTESIAN_POINT('',(0.,-1.E-02));
#458 = ( GEOMETRIC_REPRESENTATION_CONTEXT(2) 
PARAMETRIC_REPRESENTATION_CONTEXT() REPRESENTATION_CONTEXT('2D SPACE',''
  ) );
#459 = ORIENTED_EDGE('',*,*,#460,.F.);
#460 = EDGE_CURVE('',#331,#435,#461,.T.);
#461 = SURFACE_CURVE('',#462,(#466,#472),.PCURVE_S1.);
#462 = LINE('',#463,#464);
#463 = CARTESIAN_POINT('',(-44.99930581256,0.,0.601202367904));
#464 = VECTOR('',#465,1.);
#465 = DIRECTION('',(-0.5,0.,-0.866025403784));
#466 = PCURVE('',#44,#467);
#467 = DEFINITIONAL_REPRESENTATION('',(#468),#471);
#468 = B_SPLINE_CURVE_WITH_KNOTS('',1,(#469,#470),.UNSPECIFIED.,.F.,.F.,
  (2,2),(-8.54339560914,-4.271003617137),.PIECEWISE_BEZIER_KNOTS.);
#469 = CARTESIAN_POINT('',(8.,11.772391992003));
#470 = CARTESIAN_POINT('',(4.3,9.636195996002));
#471 = ( GEOMETRIC_REPRESENTATION_CONTEXT(2) 
PARAMETRIC_REPRESENTATION_CONTEXT() REPRESENTATION_CONTEXT('2D SPACE',''
  ) );
#472 = PCURVE('',#473,#478);
#473 = PLANE('',#474);
#474 = AXIS2_PLACEMENT_3D('',#475,#476,#477);
#475 = CARTESIAN_POINT('',(-42.86380400399,-1.E-02,4.3));
#476 = DIRECTION('',(0.866025403784,0.,-0.5));
#477 = DIRECTION('',(0.5,0.,0.866025403784));
#478 = DEFINITIONAL_REPRESENTATION('',(#479),#482);
#479 = B_SPLINE_CURVE_WITH_KNOTS('',1,(#480,#481),.UNSPECIFIED.,.F.,.F.,
  (2,2),(-8.54339560914,-4.271003617137),.PIECEWISE_BEZIER_KNOTS.);
#480 = CARTESIAN_POINT('',(4.272391992003,-1.E-02));
#481 = CARTESIAN_POINT('',(0.,-1.E-02));
#482 = ( GEOMETRIC_REPRESENTATION_CONTEXT(2) 
PARAMETRIC_REPRESENTATION_CONTEXT() REPRESENTATION_CONTEXT('2D SPACE',''
  ) );
#483 = FACE_BOUND('',#484,.F.);
#484 = EDGE_LOOP('',(#485,#513,#539,#565,#591,#617));
#485 = ORIENTED_EDGE('',*,*,#486,.F.);
#486 = EDGE_CURVE('',#487,#489,#491,.T.);
#487 = VERTEX_POINT('',#488);
#488 = CARTESIAN_POINT('',(-23.8375644347,0.,15.8));
#489 = VERTEX_POINT('',#490);
#490 = CARTESIAN_POINT('',(-22.6251288694,0.,13.7));
#491 = SURFACE_CURVE('',#492,(#496,#502),.PCURVE_S1.);
#492 = LINE('',#493,#494);
#493 = CARTESIAN_POINT('',(-23.39335075276,0.,15.030599333471));
#494 = VECTOR('',#495,1.);
#495 = DIRECTION('',(0.5,0.,-0.866025403784));
#496 = PCURVE('',#44,#497);
#497 = DEFINITIONAL_REPRESENTATION('',(#498),#501);
#498 = B_SPLINE_CURVE_WITH_KNOTS('',1,(#499,#500),.UNSPECIFIED.,.F.,.F.,
  (2,2),(-0.888427363871,1.536443766726),.PIECEWISE_BEZIER_KNOTS.);
#499 = CARTESIAN_POINT('',(15.8,28.662435565298));
#500 = CARTESIAN_POINT('',(13.7,29.874871130596));
#501 = ( GEOMETRIC_REPRESENTATION_CONTEXT(2) 
PARAMETRIC_REPRESENTATION_CONTEXT() REPRESENTATION_CONTEXT('2D SPACE',''
  ) );
#502 = PCURVE('',#503,#508);
#503 = PLANE('',#504);
#504 = AXIS2_PLACEMENT_3D('',#505,#506,#507);
#505 = CARTESIAN_POINT('',(-22.6251288694,-1.E-02,13.7));
#506 = DIRECTION('',(0.866025403784,0.,0.5));
#507 = DIRECTION('',(-0.5,0.,0.866025403784));
#508 = DEFINITIONAL_REPRESENTATION('',(#509),#512);
#509 = B_SPLINE_CURVE_WITH_KNOTS('',1,(#510,#511),.UNSPECIFIED.,.F.,.F.,
  (2,2),(-0.888427363871,1.536443766726),.PIECEWISE_BEZIER_KNOTS.);
#510 = CARTESIAN_POINT('',(2.424871130596,-1.E-02));
#511 = CARTESIAN_POINT('',(0.,-1.E-02));
#512 = ( GEOMETRIC_REPRESENTATION_CONTEXT(2) 
PARAMETRIC_REPRESENTATION_CONTEXT() REPRESENTATION_CONTEXT('2D SPACE',''
  ) );
#513 = ORIENTED_EDGE('',*,*,#514,.F.);
#514 = EDGE_CURVE('',#515,#487,#517,.T.);
#515 = VERTEX_POINT('',#516);
#516 = CARTESIAN_POINT('',(-26.26243556529,0.,15.8));
#517 = SURFACE_CURVE('',#518,(#522,#528),.PCURVE_S1.);
#518 = LINE('',#519,#520);
#519 = CARTESIAN_POINT('',(-38.16878221735,0.,15.8));
#520 = VECTOR('',#521,1.);
#521 = DIRECTION('',(1.,0.,0.));
#522 = PCURVE('',#44,#523);
#523 = DEFINITIONAL_REPRESENTATION('',(#524),#527);
#524 = B_SPLINE_CURVE_WITH_KNOTS('',1,(#525,#526),.UNSPECIFIED.,.F.,.F.,
  (2,2),(11.906346652053,14.331217782649),.PIECEWISE_BEZIER_KNOTS.);
#525 = CARTESIAN_POINT('',(15.8,26.237564434702));
#526 = CARTESIAN_POINT('',(15.8,28.662435565298));
#527 = ( GEOMETRIC_REPRESENTATION_CONTEXT(2) 
PARAMETRIC_REPRESENTATION_CONTEXT() REPRESENTATION_CONTEXT('2D SPACE',''
  ) );
#528 = PCURVE('',#529,#534);
#529 = PLANE('',#530);
#530 = AXIS2_PLACEMENT_3D('',#531,#532,#533);
#531 = CARTESIAN_POINT('',(-23.8375644347,-1.E-02,15.8));
#532 = DIRECTION('',(0.,0.,1.));
#533 = DIRECTION('',(-1.,0.,0.));
#534 = DEFINITIONAL_REPRESENTATION('',(#535),#538);
#535 = B_SPLINE_CURVE_WITH_KNOTS('',1,(#536,#537),.UNSPECIFIED.,.F.,.F.,
  (2,2),(11.906346652053,14.331217782649),.PIECEWISE_BEZIER_KNOTS.);
#536 = CARTESIAN_POINT('',(2.424871130596,-1.E-02));
#537 = CARTESIAN_POINT('',(0.,-1.E-02));
#538 = ( GEOMETRIC_REPRESENTATION_CONTEXT(2) 
PARAMETRIC_REPRESENTATION_CONTEXT() REPRESENTATION_CONTEXT('2D SPACE',''
  ) );
#539 = ORIENTED_EDGE('',*,*,#540,.F.);
#540 = EDGE_CURVE('',#541,#515,#543,.T.);
#541 = VERTEX_POINT('',#542);
#542 = CARTESIAN_POINT('',(-27.47487113059,0.,13.7));
#543 = SURFACE_CURVE('',#544,(#548,#554),.PCURVE_S1.);
#544 = LINE('',#545,#546);
#545 = CARTESIAN_POINT('',(-32.96293146458,8.673617379884E-19,
    4.194400666529));
#546 = VECTOR('',#547,1.);
#547 = DIRECTION('',(0.5,-0.,0.866025403784));
#548 = PCURVE('',#44,#549);
#549 = DEFINITIONAL_REPRESENTATION('',(#550),#553);
#550 = B_SPLINE_CURVE_WITH_KNOTS('',1,(#551,#552),.UNSPECIFIED.,.F.,.F.,
  (2,2),(10.976120667976,13.400991798573),.PIECEWISE_BEZIER_KNOTS.);
#551 = CARTESIAN_POINT('',(13.7,25.025128869404));
#552 = CARTESIAN_POINT('',(15.8,26.237564434702));
#553 = ( GEOMETRIC_REPRESENTATION_CONTEXT(2) 
PARAMETRIC_REPRESENTATION_CONTEXT() REPRESENTATION_CONTEXT('2D SPACE',''
  ) );
#554 = PCURVE('',#555,#560);
#555 = PLANE('',#556);
#556 = AXIS2_PLACEMENT_3D('',#557,#558,#559);
#557 = CARTESIAN_POINT('',(-26.26243556529,-1.E-02,15.8));
#558 = DIRECTION('',(-0.866025403784,0.,0.5));
#559 = DIRECTION('',(-0.5,0.,-0.866025403784));
#560 = DEFINITIONAL_REPRESENTATION('',(#561),#564);
#561 = B_SPLINE_CURVE_WITH_KNOTS('',1,(#562,#563),.UNSPECIFIED.,.F.,.F.,
  (2,2),(10.976120667976,13.400991798573),.PIECEWISE_BEZIER_KNOTS.);
#562 = CARTESIAN_POINT('',(2.424871130596,-1.E-02));
#563 = CARTESIAN_POINT('',(0.,-1.E-02));
#564 = ( GEOMETRIC_REPRESENTATION_CONTEXT(2) 
PARAMETRIC_REPRESENTATION_CONTEXT() REPRESENTATION_CONTEXT('2D SPACE',''
  ) );
#565 = ORIENTED_EDGE('',*,*,#566,.F.);
#566 = EDGE_CURVE('',#567,#541,#569,.T.);
#567 = VERTEX_POINT('',#568);
#568 = CARTESIAN_POINT('',(-26.26243556529,0.,11.6));
#569 = SURFACE_CURVE('',#570,(#574,#580),.PCURVE_S1.);
#570 = LINE('',#571,#572);
#571 = CARTESIAN_POINT('',(-27.63687523131,8.673617379884E-19,
    13.980599333471));
#572 = VECTOR('',#573,1.);
#573 = DIRECTION('',(-0.5,0.,0.866025403784));
#574 = PCURVE('',#44,#575);
#575 = DEFINITIONAL_REPRESENTATION('',(#576),#579);
#576 = B_SPLINE_CURVE_WITH_KNOTS('',1,(#577,#578),.UNSPECIFIED.,.F.,.F.,
  (2,2),(-2.748879332024,-0.324008201427),.PIECEWISE_BEZIER_KNOTS.);
#577 = CARTESIAN_POINT('',(11.6,26.237564434702));
#578 = CARTESIAN_POINT('',(13.7,25.025128869404));
#579 = ( GEOMETRIC_REPRESENTATION_CONTEXT(2) 
PARAMETRIC_REPRESENTATION_CONTEXT() REPRESENTATION_CONTEXT('2D SPACE',''
  ) );
#580 = PCURVE('',#581,#586);
#581 = PLANE('',#582);
#582 = AXIS2_PLACEMENT_3D('',#583,#584,#585);
#583 = CARTESIAN_POINT('',(-27.47487113059,-1.E-02,13.7));
#584 = DIRECTION('',(-0.866025403784,-0.,-0.5));
#585 = DIRECTION('',(0.5,0.,-0.866025403784));
#586 = DEFINITIONAL_REPRESENTATION('',(#587),#590);
#587 = B_SPLINE_CURVE_WITH_KNOTS('',1,(#588,#589),.UNSPECIFIED.,.F.,.F.,
  (2,2),(-2.748879332024,-0.324008201427),.PIECEWISE_BEZIER_KNOTS.);
#588 = CARTESIAN_POINT('',(2.424871130596,-1.E-02));
#589 = CARTESIAN_POINT('',(0.,-1.E-02));
#590 = ( GEOMETRIC_REPRESENTATION_CONTEXT(2) 
PARAMETRIC_REPRESENTATION_CONTEXT() REPRESENTATION_CONTEXT('2D SPACE',''
  ) );
#591 = ORIENTED_EDGE('',*,*,#592,.F.);
#592 = EDGE_CURVE('',#593,#567,#595,.T.);
#593 = VERTEX_POINT('',#594);
#594 = CARTESIAN_POINT('',(-23.8375644347,0.,11.6));
#595 = SURFACE_CURVE('',#596,(#600,#606),.PCURVE_S1.);
#596 = LINE('',#597,#598);
#597 = CARTESIAN_POINT('',(-39.38121778264,0.,11.6));
#598 = VECTOR('',#599,1.);
#599 = DIRECTION('',(-1.,0.,5.494179103953E-16));
#600 = PCURVE('',#44,#601);
#601 = DEFINITIONAL_REPRESENTATION('',(#602),#605);
#602 = B_SPLINE_CURVE_WITH_KNOTS('',1,(#603,#604),.UNSPECIFIED.,.F.,.F.,
  (2,2),(-15.54365334794,-13.11878221735),.PIECEWISE_BEZIER_KNOTS.);
#603 = CARTESIAN_POINT('',(11.6,28.662435565298));
#604 = CARTESIAN_POINT('',(11.6,26.237564434702));
#605 = ( GEOMETRIC_REPRESENTATION_CONTEXT(2) 
PARAMETRIC_REPRESENTATION_CONTEXT() REPRESENTATION_CONTEXT('2D SPACE',''
  ) );
#606 = PCURVE('',#607,#612);
#607 = PLANE('',#608);
#608 = AXIS2_PLACEMENT_3D('',#609,#610,#611);
#609 = CARTESIAN_POINT('',(-26.26243556529,-1.E-02,11.6));
#610 = DIRECTION('',(-5.494179103953E-16,-0.,-1.));
#611 = DIRECTION('',(1.,0.,-5.494179103953E-16));
#612 = DEFINITIONAL_REPRESENTATION('',(#613),#616);
#613 = B_SPLINE_CURVE_WITH_KNOTS('',1,(#614,#615),.UNSPECIFIED.,.F.,.F.,
  (2,2),(-15.54365334794,-13.11878221735),.PIECEWISE_BEZIER_KNOTS.);
#614 = CARTESIAN_POINT('',(2.424871130596,-1.E-02));
#615 = CARTESIAN_POINT('',(0.,-1.E-02));
#616 = ( GEOMETRIC_REPRESENTATION_CONTEXT(2) 
PARAMETRIC_REPRESENTATION_CONTEXT() REPRESENTATION_CONTEXT('2D SPACE',''
  ) );
#617 = ORIENTED_EDGE('',*,*,#618,.F.);
#618 = EDGE_CURVE('',#489,#593,#619,.T.);
#619 = SURFACE_CURVE('',#620,(#624,#630),.PCURVE_S1.);
#620 = LINE('',#621,#622);
#621 = CARTESIAN_POINT('',(-29.93184255133,0.,1.044400666529));
#622 = VECTOR('',#623,1.);
#623 = DIRECTION('',(-0.5,0.,-0.866025403784));
#624 = PCURVE('',#44,#625);
#625 = DEFINITIONAL_REPRESENTATION('',(#626),#629);
#626 = B_SPLINE_CURVE_WITH_KNOTS('',1,(#627,#628),.UNSPECIFIED.,.F.,.F.,
  (2,2),(-14.61342736387,-12.18855623327),.PIECEWISE_BEZIER_KNOTS.);
#627 = CARTESIAN_POINT('',(13.7,29.874871130596));
#628 = CARTESIAN_POINT('',(11.6,28.662435565298));
#629 = ( GEOMETRIC_REPRESENTATION_CONTEXT(2) 
PARAMETRIC_REPRESENTATION_CONTEXT() REPRESENTATION_CONTEXT('2D SPACE',''
  ) );
#630 = PCURVE('',#631,#636);
#631 = PLANE('',#632);
#632 = AXIS2_PLACEMENT_3D('',#633,#634,#635);
#633 = CARTESIAN_POINT('',(-23.8375644347,-1.E-02,11.6));
#634 = DIRECTION('',(0.866025403784,0.,-0.5));
#635 = DIRECTION('',(0.5,0.,0.866025403784));
#636 = DEFINITIONAL_REPRESENTATION('',(#637),#640);
#637 = B_SPLINE_CURVE_WITH_KNOTS('',1,(#638,#639),.UNSPECIFIED.,.F.,.F.,
  (2,2),(-14.61342736387,-12.18855623327),.PIECEWISE_BEZIER_KNOTS.);
#638 = CARTESIAN_POINT('',(2.424871130596,-1.E-02));
#639 = CARTESIAN_POINT('',(0.,-1.E-02));
#640 = ( GEOMETRIC_REPRESENTATION_CONTEXT(2) 
PARAMETRIC_REPRESENTATION_CONTEXT() REPRESENTATION_CONTEXT('2D SPACE',''
  ) );
#641 = FACE_BOUND('',#642,.F.);
#642 = EDGE_LOOP('',(#643,#671,#697,#723,#749,#775));
#643 = ORIENTED_EDGE('',*,*,#644,.F.);
#644 = EDGE_CURVE('',#645,#647,#649,.T.);
#645 = VERTEX_POINT('',#646);
#646 = CARTESIAN_POINT('',(-4.337564434702,0.,15.8));
#647 = VERTEX_POINT('',#648);
#648 = CARTESIAN_POINT('',(-3.125128869404,0.,13.7));
#649 = SURFACE_CURVE('',#650,(#654,#660),.PCURVE_S1.);
#650 = LINE('',#651,#652);
#651 = CARTESIAN_POINT('',(-6.330850752766,0.,19.25247317692));
#652 = VECTOR('',#653,1.);
#653 = DIRECTION('',(0.5,0.,-0.866025403784));
#654 = PCURVE('',#44,#655);
#655 = DEFINITIONAL_REPRESENTATION('',(#656),#659);
#656 = B_SPLINE_CURVE_WITH_KNOTS('',1,(#657,#658),.UNSPECIFIED.,.F.,.F.,
  (2,2),(3.986572636129,6.411443766726),.PIECEWISE_BEZIER_KNOTS.);
#657 = CARTESIAN_POINT('',(15.8,48.162435565298));
#658 = CARTESIAN_POINT('',(13.7,49.374871130596));
#659 = ( GEOMETRIC_REPRESENTATION_CONTEXT(2) 
PARAMETRIC_REPRESENTATION_CONTEXT() REPRESENTATION_CONTEXT('2D SPACE',''
  ) );
#660 = PCURVE('',#661,#666);
#661 = PLANE('',#662);
#662 = AXIS2_PLACEMENT_3D('',#663,#664,#665);
#663 = CARTESIAN_POINT('',(-3.125128869404,-1.E-02,13.7));
#664 = DIRECTION('',(0.866025403784,0.,0.5));
#665 = DIRECTION('',(-0.5,0.,0.866025403784));
#666 = DEFINITIONAL_REPRESENTATION('',(#667),#670);
#667 = B_SPLINE_CURVE_WITH_KNOTS('',1,(#668,#669),.UNSPECIFIED.,.F.,.F.,
  (2,2),(3.986572636129,6.411443766726),.PIECEWISE_BEZIER_KNOTS.);
#668 = CARTESIAN_POINT('',(2.424871130596,-1.E-02));
#669 = CARTESIAN_POINT('',(0.,-1.E-02));
#670 = ( GEOMETRIC_REPRESENTATION_CONTEXT(2) 
PARAMETRIC_REPRESENTATION_CONTEXT() REPRESENTATION_CONTEXT('2D SPACE',''
  ) );
#671 = ORIENTED_EDGE('',*,*,#672,.F.);
#672 = EDGE_CURVE('',#673,#645,#675,.T.);
#673 = VERTEX_POINT('',#674);
#674 = CARTESIAN_POINT('',(-6.762435565298,0.,15.8));
#675 = SURFACE_CURVE('',#676,(#680,#686),.PCURVE_S1.);
#676 = LINE('',#677,#678);
#677 = CARTESIAN_POINT('',(-28.41878221735,0.,15.8));
#678 = VECTOR('',#679,1.);
#679 = DIRECTION('',(1.,0.,0.));
#680 = PCURVE('',#44,#681);
#681 = DEFINITIONAL_REPRESENTATION('',(#682),#685);
#682 = B_SPLINE_CURVE_WITH_KNOTS('',1,(#683,#684),.UNSPECIFIED.,.F.,.F.,
  (2,2),(21.656346652053,24.081217782649),.PIECEWISE_BEZIER_KNOTS.);
#683 = CARTESIAN_POINT('',(15.8,45.737564434702));
#684 = CARTESIAN_POINT('',(15.8,48.162435565298));
#685 = ( GEOMETRIC_REPRESENTATION_CONTEXT(2) 
PARAMETRIC_REPRESENTATION_CONTEXT() REPRESENTATION_CONTEXT('2D SPACE',''
  ) );
#686 = PCURVE('',#687,#692);
#687 = PLANE('',#688);
#688 = AXIS2_PLACEMENT_3D('',#689,#690,#691);
#689 = CARTESIAN_POINT('',(-4.337564434702,-1.E-02,15.8));
#690 = DIRECTION('',(0.,0.,1.));
#691 = DIRECTION('',(-1.,0.,0.));
#692 = DEFINITIONAL_REPRESENTATION('',(#693),#696);
#693 = B_SPLINE_CURVE_WITH_KNOTS('',1,(#694,#695),.UNSPECIFIED.,.F.,.F.,
  (2,2),(21.656346652053,24.081217782649),.PIECEWISE_BEZIER_KNOTS.);
#694 = CARTESIAN_POINT('',(2.424871130596,-1.E-02));
#695 = CARTESIAN_POINT('',(0.,-1.E-02));
#696 = ( GEOMETRIC_REPRESENTATION_CONTEXT(2) 
PARAMETRIC_REPRESENTATION_CONTEXT() REPRESENTATION_CONTEXT('2D SPACE',''
  ) );
#697 = ORIENTED_EDGE('',*,*,#698,.F.);
#698 = EDGE_CURVE('',#699,#673,#701,.T.);
#699 = VERTEX_POINT('',#700);
#700 = CARTESIAN_POINT('',(-7.974871130596,0.,13.7));
#701 = SURFACE_CURVE('',#702,(#706,#712),.PCURVE_S1.);
#702 = LINE('',#703,#704);
#703 = CARTESIAN_POINT('',(-15.90043146458,8.673617379884E-19,
    -2.747317691985E-02));
#704 = VECTOR('',#705,1.);
#705 = DIRECTION('',(0.5,-0.,0.866025403784));
#706 = PCURVE('',#44,#707);
#707 = DEFINITIONAL_REPRESENTATION('',(#708),#711);
#708 = B_SPLINE_CURVE_WITH_KNOTS('',1,(#709,#710),.UNSPECIFIED.,.F.,.F.,
  (2,2),(15.851120667976,18.275991798573),.PIECEWISE_BEZIER_KNOTS.);
#709 = CARTESIAN_POINT('',(13.7,44.525128869404));
#710 = CARTESIAN_POINT('',(15.8,45.737564434702));
#711 = ( GEOMETRIC_REPRESENTATION_CONTEXT(2) 
PARAMETRIC_REPRESENTATION_CONTEXT() REPRESENTATION_CONTEXT('2D SPACE',''
  ) );
#712 = PCURVE('',#713,#718);
#713 = PLANE('',#714);
#714 = AXIS2_PLACEMENT_3D('',#715,#716,#717);
#715 = CARTESIAN_POINT('',(-6.762435565298,-1.E-02,15.8));
#716 = DIRECTION('',(-0.866025403784,0.,0.5));
#717 = DIRECTION('',(-0.5,0.,-0.866025403784));
#718 = DEFINITIONAL_REPRESENTATION('',(#719),#722);
#719 = B_SPLINE_CURVE_WITH_KNOTS('',1,(#720,#721),.UNSPECIFIED.,.F.,.F.,
  (2,2),(15.851120667976,18.275991798573),.PIECEWISE_BEZIER_KNOTS.);
#720 = CARTESIAN_POINT('',(2.424871130596,-1.E-02));
#721 = CARTESIAN_POINT('',(0.,-1.E-02));
#722 = ( GEOMETRIC_REPRESENTATION_CONTEXT(2) 
PARAMETRIC_REPRESENTATION_CONTEXT() REPRESENTATION_CONTEXT('2D SPACE',''
  ) );
#723 = ORIENTED_EDGE('',*,*,#724,.F.);
#724 = EDGE_CURVE('',#725,#699,#727,.T.);
#725 = VERTEX_POINT('',#726);
#726 = CARTESIAN_POINT('',(-6.762435565298,0.,11.6));
#727 = SURFACE_CURVE('',#728,(#732,#738),.PCURVE_S1.);
#728 = LINE('',#729,#730);
#729 = CARTESIAN_POINT('',(-10.57437523131,8.673617379884E-19,
    18.20247317692));
#730 = VECTOR('',#731,1.);
#731 = DIRECTION('',(-0.5,0.,0.866025403784));
#732 = PCURVE('',#44,#733);
#733 = DEFINITIONAL_REPRESENTATION('',(#734),#737);
#734 = B_SPLINE_CURVE_WITH_KNOTS('',1,(#735,#736),.UNSPECIFIED.,.F.,.F.,
  (2,2),(-7.623879332024,-5.199008201427),.PIECEWISE_BEZIER_KNOTS.);
#735 = CARTESIAN_POINT('',(11.6,45.737564434702));
#736 = CARTESIAN_POINT('',(13.7,44.525128869404));
#737 = ( GEOMETRIC_REPRESENTATION_CONTEXT(2) 
PARAMETRIC_REPRESENTATION_CONTEXT() REPRESENTATION_CONTEXT('2D SPACE',''
  ) );
#738 = PCURVE('',#739,#744);
#739 = PLANE('',#740);
#740 = AXIS2_PLACEMENT_3D('',#741,#742,#743);
#741 = CARTESIAN_POINT('',(-7.974871130596,-1.E-02,13.7));
#742 = DIRECTION('',(-0.866025403784,-0.,-0.5));
#743 = DIRECTION('',(0.5,0.,-0.866025403784));
#744 = DEFINITIONAL_REPRESENTATION('',(#745),#748);
#745 = B_SPLINE_CURVE_WITH_KNOTS('',1,(#746,#747),.UNSPECIFIED.,.F.,.F.,
  (2,2),(-7.623879332024,-5.199008201427),.PIECEWISE_BEZIER_KNOTS.);
#746 = CARTESIAN_POINT('',(2.424871130596,-1.E-02));
#747 = CARTESIAN_POINT('',(0.,-1.E-02));
#748 = ( GEOMETRIC_REPRESENTATION_CONTEXT(2) 
PARAMETRIC_REPRESENTATION_CONTEXT() REPRESENTATION_CONTEXT('2D SPACE',''
  ) );
#749 = ORIENTED_EDGE('',*,*,#750,.F.);
#750 = EDGE_CURVE('',#751,#725,#753,.T.);
#751 = VERTEX_POINT('',#752);
#752 = CARTESIAN_POINT('',(-4.337564434702,0.,11.6));
#753 = SURFACE_CURVE('',#754,(#758,#764),.PCURVE_S1.);
#754 = LINE('',#755,#756);
#755 = CARTESIAN_POINT('',(-29.63121778264,0.,11.6));
#756 = VECTOR('',#757,1.);
#757 = DIRECTION('',(-1.,0.,5.494179103953E-16));
#758 = PCURVE('',#44,#759);
#759 = DEFINITIONAL_REPRESENTATION('',(#760),#763);
#760 = B_SPLINE_CURVE_WITH_KNOTS('',1,(#761,#762),.UNSPECIFIED.,.F.,.F.,
  (2,2),(-25.29365334794,-22.86878221735),.PIECEWISE_BEZIER_KNOTS.);
#761 = CARTESIAN_POINT('',(11.6,48.162435565298));
#762 = CARTESIAN_POINT('',(11.6,45.737564434702));
#763 = ( GEOMETRIC_REPRESENTATION_CONTEXT(2) 
PARAMETRIC_REPRESENTATION_CONTEXT() REPRESENTATION_CONTEXT('2D SPACE',''
  ) );
#764 = PCURVE('',#765,#770);
#765 = PLANE('',#766);
#766 = AXIS2_PLACEMENT_3D('',#767,#768,#769);
#767 = CARTESIAN_POINT('',(-6.762435565298,-1.E-02,11.6));
#768 = DIRECTION('',(-5.494179103953E-16,-0.,-1.));
#769 = DIRECTION('',(1.,0.,-5.494179103953E-16));
#770 = DEFINITIONAL_REPRESENTATION('',(#771),#774);
#771 = B_SPLINE_CURVE_WITH_KNOTS('',1,(#772,#773),.UNSPECIFIED.,.F.,.F.,
  (2,2),(-25.29365334794,-22.86878221735),.PIECEWISE_BEZIER_KNOTS.);
#772 = CARTESIAN_POINT('',(2.424871130596,-1.E-02));
#773 = CARTESIAN_POINT('',(0.,-1.E-02));
#774 = ( GEOMETRIC_REPRESENTATION_CONTEXT(2) 
PARAMETRIC_REPRESENTATION_CONTEXT() REPRESENTATION_CONTEXT('2D SPACE',''
  ) );
#775 = ORIENTED_EDGE('',*,*,#776,.F.);
#776 = EDGE_CURVE('',#647,#751,#777,.T.);
#777 = SURFACE_CURVE('',#778,(#782,#788),.PCURVE_S1.);
#778 = LINE('',#779,#780);
#779 = CARTESIAN_POINT('',(-12.86934255133,0.,-3.17747317692));
#780 = VECTOR('',#781,1.);
#781 = DIRECTION('',(-0.5,0.,-0.866025403784));
#782 = PCURVE('',#44,#783);
#783 = DEFINITIONAL_REPRESENTATION('',(#784),#787);
#784 = B_SPLINE_CURVE_WITH_KNOTS('',1,(#785,#786),.UNSPECIFIED.,.F.,.F.,
  (2,2),(-19.48842736387,-17.06355623327),.PIECEWISE_BEZIER_KNOTS.);
#785 = CARTESIAN_POINT('',(13.7,49.374871130596));
#786 = CARTESIAN_POINT('',(11.6,48.162435565298));
#787 = ( GEOMETRIC_REPRESENTATION_CONTEXT(2) 
PARAMETRIC_REPRESENTATION_CONTEXT() REPRESENTATION_CONTEXT('2D SPACE',''
  ) );
#788 = PCURVE('',#789,#794);
#789 = PLANE('',#790);
#790 = AXIS2_PLACEMENT_3D('',#791,#792,#793);
#791 = CARTESIAN_POINT('',(-4.337564434702,-1.E-02,11.6));
#792 = DIRECTION('',(0.866025403784,0.,-0.5));
#793 = DIRECTION('',(0.5,0.,0.866025403784));
#794 = DEFINITIONAL_REPRESENTATION('',(#795),#798);
#795 = B_SPLINE_CURVE_WITH_KNOTS('',1,(#796,#797),.UNSPECIFIED.,.F.,.F.,
  (2,2),(-19.48842736387,-17.06355623327),.PIECEWISE_BEZIER_KNOTS.);
#796 = CARTESIAN_POINT('',(2.424871130596,-1.E-02));
#797 = CARTESIAN_POINT('',(0.,-1.E-02));
#798 = ( GEOMETRIC_REPRESENTATION_CONTEXT(2) 
PARAMETRIC_REPRESENTATION_CONTEXT() REPRESENTATION_CONTEXT('2D SPACE',''
  ) );
#799 = FACE_BOUND('',#800,.F.);
#800 = EDGE_LOOP('',(#801,#829,#855,#881,#907,#933));
#801 = ORIENTED_EDGE('',*,*,#802,.F.);
#802 = EDGE_CURVE('',#803,#805,#807,.T.);
#803 = VERTEX_POINT('',#804);
#804 = CARTESIAN_POINT('',(-42.86380400399,0.,61.7));
#805 = VERTEX_POINT('',#806);
#806 = CARTESIAN_POINT('',(-40.72760800799,0.,58.));
#807 = SURFACE_CURVE('',#808,(#812,#818),.PCURVE_S1.);
#808 = LINE('',#809,#810);
#809 = CARTESIAN_POINT('',(-29.64178865212,0.,38.798797632096));
#810 = VECTOR('',#811,1.);
#811 = DIRECTION('',(0.5,0.,-0.866025403784));
#812 = PCURVE('',#44,#813);
#813 = DEFINITIONAL_REPRESENTATION('',(#814),#817);
#814 = B_SPLINE_CURVE_WITH_KNOTS('',1,(#815,#816),.UNSPECIFIED.,.F.,.F.,
  (2,2),(-26.44403070375,-22.17163871174),.PIECEWISE_BEZIER_KNOTS.);
#815 = CARTESIAN_POINT('',(61.7,9.636195996002));
#816 = CARTESIAN_POINT('',(58.,11.772391992003));
#817 = ( GEOMETRIC_REPRESENTATION_CONTEXT(2) 
PARAMETRIC_REPRESENTATION_CONTEXT() REPRESENTATION_CONTEXT('2D SPACE',''
  ) );
#818 = PCURVE('',#819,#824);
#819 = PLANE('',#820);
#820 = AXIS2_PLACEMENT_3D('',#821,#822,#823);
#821 = CARTESIAN_POINT('',(-40.72760800799,-1.E-02,58.));
#822 = DIRECTION('',(0.866025403784,0.,0.5));
#823 = DIRECTION('',(-0.5,0.,0.866025403784));
#824 = DEFINITIONAL_REPRESENTATION('',(#825),#828);
#825 = B_SPLINE_CURVE_WITH_KNOTS('',1,(#826,#827),.UNSPECIFIED.,.F.,.F.,
  (2,2),(-26.44403070375,-22.17163871174),.PIECEWISE_BEZIER_KNOTS.);
#826 = CARTESIAN_POINT('',(4.272391992003,-1.E-02));
#827 = CARTESIAN_POINT('',(0.,-1.E-02));
#828 = ( GEOMETRIC_REPRESENTATION_CONTEXT(2) 
PARAMETRIC_REPRESENTATION_CONTEXT() REPRESENTATION_CONTEXT('2D SPACE',''
  ) );
#829 = ORIENTED_EDGE('',*,*,#830,.F.);
#830 = EDGE_CURVE('',#831,#803,#833,.T.);
#831 = VERTEX_POINT('',#832);
#832 = CARTESIAN_POINT('',(-47.136195996,0.,61.7));
#833 = SURFACE_CURVE('',#834,(#838,#844),.PCURVE_S1.);
#834 = LINE('',#835,#836);
#835 = CARTESIAN_POINT('',(-47.68190200199,0.,61.7));
#836 = VECTOR('',#837,1.);
#837 = DIRECTION('',(1.,0.,-1.039439289937E-16));
#838 = PCURVE('',#44,#839);
#839 = DEFINITIONAL_REPRESENTATION('',(#840),#843);
#840 = B_SPLINE_CURVE_WITH_KNOTS('',1,(#841,#842),.UNSPECIFIED.,.F.,.F.,
  (2,2),(0.545706005998,4.818097998001),.PIECEWISE_BEZIER_KNOTS.);
#841 = CARTESIAN_POINT('',(61.7,5.363804003998));
#842 = CARTESIAN_POINT('',(61.7,9.636195996002));
#843 = ( GEOMETRIC_REPRESENTATION_CONTEXT(2) 
PARAMETRIC_REPRESENTATION_CONTEXT() REPRESENTATION_CONTEXT('2D SPACE',''
  ) );
#844 = PCURVE('',#845,#850);
#845 = PLANE('',#846);
#846 = AXIS2_PLACEMENT_3D('',#847,#848,#849);
#847 = CARTESIAN_POINT('',(-42.86380400399,-1.E-02,61.7));
#848 = DIRECTION('',(1.039439289937E-16,0.,1.));
#849 = DIRECTION('',(-1.,0.,1.039439289937E-16));
#850 = DEFINITIONAL_REPRESENTATION('',(#851),#854);
#851 = B_SPLINE_CURVE_WITH_KNOTS('',1,(#852,#853),.UNSPECIFIED.,.F.,.F.,
  (2,2),(0.545706005998,4.818097998001),.PIECEWISE_BEZIER_KNOTS.);
#852 = CARTESIAN_POINT('',(4.272391992003,-1.E-02));
#853 = CARTESIAN_POINT('',(0.,-1.E-02));
#854 = ( GEOMETRIC_REPRESENTATION_CONTEXT(2) 
PARAMETRIC_REPRESENTATION_CONTEXT() REPRESENTATION_CONTEXT('2D SPACE',''
  ) );
#855 = ORIENTED_EDGE('',*,*,#856,.F.);
#856 = EDGE_CURVE('',#857,#831,#859,.T.);
#857 = VERTEX_POINT('',#858);
#858 = CARTESIAN_POINT('',(-49.272391992,0.,58.));
#859 = SURFACE_CURVE('',#860,(#864,#870),.PCURVE_S1.);
#860 = LINE('',#861,#862);
#861 = CARTESIAN_POINT('',(-61.16511334987,0.,37.401202367904));
#862 = VECTOR('',#863,1.);
#863 = DIRECTION('',(0.5,-0.,0.866025403784));
#864 = PCURVE('',#44,#865);
#865 = DEFINITIONAL_REPRESENTATION('',(#866),#869);
#866 = B_SPLINE_CURVE_WITH_KNOTS('',1,(#867,#868),.UNSPECIFIED.,.F.,.F.,
  (2,2),(23.785442715746,28.05783470775),.PIECEWISE_BEZIER_KNOTS.);
#867 = CARTESIAN_POINT('',(58.,3.227608007997));
#868 = CARTESIAN_POINT('',(61.7,5.363804003998));
#869 = ( GEOMETRIC_REPRESENTATION_CONTEXT(2) 
PARAMETRIC_REPRESENTATION_CONTEXT() REPRESENTATION_CONTEXT('2D SPACE',''
  ) );
#870 = PCURVE('',#871,#876);
#871 = PLANE('',#872);
#872 = AXIS2_PLACEMENT_3D('',#873,#874,#875);
#873 = CARTESIAN_POINT('',(-47.136195996,-1.E-02,61.7));
#874 = DIRECTION('',(-0.866025403784,0.,0.5));
#875 = DIRECTION('',(-0.5,0.,-0.866025403784));
#876 = DEFINITIONAL_REPRESENTATION('',(#877),#880);
#877 = B_SPLINE_CURVE_WITH_KNOTS('',1,(#878,#879),.UNSPECIFIED.,.F.,.F.,
  (2,2),(23.785442715746,28.05783470775),.PIECEWISE_BEZIER_KNOTS.);
#878 = CARTESIAN_POINT('',(4.272391992003,-1.E-02));
#879 = CARTESIAN_POINT('',(0.,-1.E-02));
#880 = ( GEOMETRIC_REPRESENTATION_CONTEXT(2) 
PARAMETRIC_REPRESENTATION_CONTEXT() REPRESENTATION_CONTEXT('2D SPACE',''
  ) );
#881 = ORIENTED_EDGE('',*,*,#882,.F.);
#882 = EDGE_CURVE('',#883,#857,#885,.T.);
#883 = VERTEX_POINT('',#884);
#884 = CARTESIAN_POINT('',(-47.136195996,0.,54.3));
#885 = SURFACE_CURVE('',#886,(#890,#896),.PCURVE_S1.);
#886 = LINE('',#887,#888);
#887 = CARTESIAN_POINT('',(-37.11847463812,0.,36.948797632096));
#888 = VECTOR('',#889,1.);
#889 = DIRECTION('',(-0.5,0.,0.866025403784));
#890 = PCURVE('',#44,#891);
#891 = DEFINITIONAL_REPRESENTATION('',(#892),#895);
#892 = B_SPLINE_CURVE_WITH_KNOTS('',1,(#893,#894),.UNSPECIFIED.,.F.,.F.,
  (2,2),(20.035442715746,24.30783470775),.PIECEWISE_BEZIER_KNOTS.);
#893 = CARTESIAN_POINT('',(54.3,5.363804003998));
#894 = CARTESIAN_POINT('',(58.,3.227608007997));
#895 = ( GEOMETRIC_REPRESENTATION_CONTEXT(2) 
PARAMETRIC_REPRESENTATION_CONTEXT() REPRESENTATION_CONTEXT('2D SPACE',''
  ) );
#896 = PCURVE('',#897,#902);
#897 = PLANE('',#898);
#898 = AXIS2_PLACEMENT_3D('',#899,#900,#901);
#899 = CARTESIAN_POINT('',(-49.272391992,-1.E-02,58.));
#900 = DIRECTION('',(-0.866025403784,-0.,-0.5));
#901 = DIRECTION('',(0.5,0.,-0.866025403784));
#902 = DEFINITIONAL_REPRESENTATION('',(#903),#906);
#903 = B_SPLINE_CURVE_WITH_KNOTS('',1,(#904,#905),.UNSPECIFIED.,.F.,.F.,
  (2,2),(20.035442715746,24.30783470775),.PIECEWISE_BEZIER_KNOTS.);
#904 = CARTESIAN_POINT('',(4.272391992003,-1.E-02));
#905 = CARTESIAN_POINT('',(0.,-1.E-02));
#906 = ( GEOMETRIC_REPRESENTATION_CONTEXT(2) 
PARAMETRIC_REPRESENTATION_CONTEXT() REPRESENTATION_CONTEXT('2D SPACE',''
  ) );
#907 = ORIENTED_EDGE('',*,*,#908,.F.);
#908 = EDGE_CURVE('',#909,#883,#911,.T.);
#909 = VERTEX_POINT('',#910);
#910 = CARTESIAN_POINT('',(-42.86380400399,0.,54.3));
#911 = SURFACE_CURVE('',#912,(#916,#922),.PCURVE_S1.);
#912 = LINE('',#913,#914);
#913 = CARTESIAN_POINT('',(-49.818097998,0.,54.3));
#914 = VECTOR('',#915,1.);
#915 = DIRECTION('',(-1.,0.,7.276075029559E-16));
#916 = PCURVE('',#44,#917);
#917 = DEFINITIONAL_REPRESENTATION('',(#918),#921);
#918 = B_SPLINE_CURVE_WITH_KNOTS('',1,(#919,#920),.UNSPECIFIED.,.F.,.F.,
  (2,2),(-6.954293994002,-2.681902001999),.PIECEWISE_BEZIER_KNOTS.);
#919 = CARTESIAN_POINT('',(54.3,9.636195996002));
#920 = CARTESIAN_POINT('',(54.3,5.363804003998));
#921 = ( GEOMETRIC_REPRESENTATION_CONTEXT(2) 
PARAMETRIC_REPRESENTATION_CONTEXT() REPRESENTATION_CONTEXT('2D SPACE',''
  ) );
#922 = PCURVE('',#923,#928);
#923 = PLANE('',#924);
#924 = AXIS2_PLACEMENT_3D('',#925,#926,#927);
#925 = CARTESIAN_POINT('',(-47.136195996,-1.E-02,54.3));
#926 = DIRECTION('',(-7.276075029559E-16,-0.,-1.));
#927 = DIRECTION('',(1.,0.,-7.276075029559E-16));
#928 = DEFINITIONAL_REPRESENTATION('',(#929),#932);
#929 = B_SPLINE_CURVE_WITH_KNOTS('',1,(#930,#931),.UNSPECIFIED.,.F.,.F.,
  (2,2),(-6.954293994002,-2.681902001999),.PIECEWISE_BEZIER_KNOTS.);
#930 = CARTESIAN_POINT('',(4.272391992003,-1.E-02));
#931 = CARTESIAN_POINT('',(0.,-1.E-02));
#932 = ( GEOMETRIC_REPRESENTATION_CONTEXT(2) 
PARAMETRIC_REPRESENTATION_CONTEXT() REPRESENTATION_CONTEXT('2D SPACE',''
  ) );
#933 = ORIENTED_EDGE('',*,*,#934,.F.);
#934 = EDGE_CURVE('',#805,#909,#935,.T.);
#935 = SURFACE_CURVE('',#936,(#940,#946),.PCURVE_S1.);
#936 = LINE('',#937,#938);
#937 = CARTESIAN_POINT('',(-55.82462335987,0.,31.851202367904));
#938 = VECTOR('',#939,1.);
#939 = DIRECTION('',(-0.5,0.,-0.866025403784));
#940 = PCURVE('',#44,#941);
#941 = DEFINITIONAL_REPRESENTATION('',(#942),#945);
#942 = B_SPLINE_CURVE_WITH_KNOTS('',1,(#943,#944),.UNSPECIFIED.,.F.,.F.,
  (2,2),(-30.19403070375,-25.92163871174),.PIECEWISE_BEZIER_KNOTS.);
#943 = CARTESIAN_POINT('',(58.,11.772391992003));
#944 = CARTESIAN_POINT('',(54.3,9.636195996002));
#945 = ( GEOMETRIC_REPRESENTATION_CONTEXT(2) 
PARAMETRIC_REPRESENTATION_CONTEXT() REPRESENTATION_CONTEXT('2D SPACE',''
  ) );
#946 = PCURVE('',#947,#952);
#947 = PLANE('',#948);
#948 = AXIS2_PLACEMENT_3D('',#949,#950,#951);
#949 = CARTESIAN_POINT('',(-42.86380400399,-1.E-02,54.3));
#950 = DIRECTION('',(0.866025403784,0.,-0.5));
#951 = DIRECTION('',(0.5,0.,0.866025403784));
#952 = DEFINITIONAL_REPRESENTATION('',(#953),#956);
#953 = B_SPLINE_CURVE_WITH_KNOTS('',1,(#954,#955),.UNSPECIFIED.,.F.,.F.,
  (2,2),(-30.19403070375,-25.92163871174),.PIECEWISE_BEZIER_KNOTS.);
#954 = CARTESIAN_POINT('',(4.272391992003,-1.E-02));
#955 = CARTESIAN_POINT('',(0.,-1.E-02));
#956 = ( GEOMETRIC_REPRESENTATION_CONTEXT(2) 
PARAMETRIC_REPRESENTATION_CONTEXT() REPRESENTATION_CONTEXT('2D SPACE',''
  ) );
#957 = FACE_BOUND('',#958,.F.);
#958 = EDGE_LOOP('',(#959,#987,#1013,#1039,#1065,#1091));
#959 = ORIENTED_EDGE('',*,*,#960,.F.);
#960 = EDGE_CURVE('',#961,#963,#965,.T.);
#961 = VERTEX_POINT('',#962);
#962 = CARTESIAN_POINT('',(6.762435565298,0.,15.8));
#963 = VERTEX_POINT('',#964);
#964 = CARTESIAN_POINT('',(7.974871130596,0.,13.7));
#965 = SURFACE_CURVE('',#966,(#970,#976),.PCURVE_S1.);
#966 = LINE('',#967,#968);
#967 = CARTESIAN_POINT('',(3.381649247234,0.,21.655693672422));
#968 = VECTOR('',#969,1.);
#969 = DIRECTION('',(0.5,0.,-0.866025403784));
#970 = PCURVE('',#44,#971);
#971 = DEFINITIONAL_REPRESENTATION('',(#972),#975);
#972 = B_SPLINE_CURVE_WITH_KNOTS('',1,(#973,#974),.UNSPECIFIED.,.F.,.F.,
  (2,2),(6.761572636129,9.186443766726),.PIECEWISE_BEZIER_KNOTS.);
#973 = CARTESIAN_POINT('',(15.8,59.262435565298));
#974 = CARTESIAN_POINT('',(13.7,60.474871130596));
#975 = ( GEOMETRIC_REPRESENTATION_CONTEXT(2) 
PARAMETRIC_REPRESENTATION_CONTEXT() REPRESENTATION_CONTEXT('2D SPACE',''
  ) );
#976 = PCURVE('',#977,#982);
#977 = PLANE('',#978);
#978 = AXIS2_PLACEMENT_3D('',#979,#980,#981);
#979 = CARTESIAN_POINT('',(7.974871130596,-1.E-02,13.7));
#980 = DIRECTION('',(0.866025403784,0.,0.5));
#981 = DIRECTION('',(-0.5,0.,0.866025403784));
#982 = DEFINITIONAL_REPRESENTATION('',(#983),#986);
#983 = B_SPLINE_CURVE_WITH_KNOTS('',1,(#984,#985),.UNSPECIFIED.,.F.,.F.,
  (2,2),(6.761572636129,9.186443766726),.PIECEWISE_BEZIER_KNOTS.);
#984 = CARTESIAN_POINT('',(2.424871130596,-1.E-02));
#985 = CARTESIAN_POINT('',(0.,-1.E-02));
#986 = ( GEOMETRIC_REPRESENTATION_CONTEXT(2) 
PARAMETRIC_REPRESENTATION_CONTEXT() REPRESENTATION_CONTEXT('2D SPACE',''
  ) );
#987 = ORIENTED_EDGE('',*,*,#988,.F.);
#988 = EDGE_CURVE('',#989,#961,#991,.T.);
#989 = VERTEX_POINT('',#990);
#990 = CARTESIAN_POINT('',(4.337564434702,0.,15.8));
#991 = SURFACE_CURVE('',#992,(#996,#1002),.PCURVE_S1.);
#992 = LINE('',#993,#994);
#993 = CARTESIAN_POINT('',(-22.86878221735,0.,15.8));
#994 = VECTOR('',#995,1.);
#995 = DIRECTION('',(1.,0.,0.));
#996 = PCURVE('',#44,#997);
#997 = DEFINITIONAL_REPRESENTATION('',(#998),#1001);
#998 = B_SPLINE_CURVE_WITH_KNOTS('',1,(#999,#1000),.UNSPECIFIED.,.F.,.F.
  ,(2,2),(27.206346652053,29.631217782649),.PIECEWISE_BEZIER_KNOTS.);
#999 = CARTESIAN_POINT('',(15.8,56.837564434702));
#1000 = CARTESIAN_POINT('',(15.8,59.262435565298));
#1001 = ( GEOMETRIC_REPRESENTATION_CONTEXT(2) 
PARAMETRIC_REPRESENTATION_CONTEXT() REPRESENTATION_CONTEXT('2D SPACE',''
  ) );
#1002 = PCURVE('',#1003,#1008);
#1003 = PLANE('',#1004);
#1004 = AXIS2_PLACEMENT_3D('',#1005,#1006,#1007);
#1005 = CARTESIAN_POINT('',(6.762435565298,-1.E-02,15.8));
#1006 = DIRECTION('',(0.,0.,1.));
#1007 = DIRECTION('',(-1.,0.,0.));
#1008 = DEFINITIONAL_REPRESENTATION('',(#1009),#1012);
#1009 = B_SPLINE_CURVE_WITH_KNOTS('',1,(#1010,#1011),.UNSPECIFIED.,.F.,
  .F.,(2,2),(27.206346652053,29.631217782649),.PIECEWISE_BEZIER_KNOTS.);
#1010 = CARTESIAN_POINT('',(2.424871130596,-1.E-02));
#1011 = CARTESIAN_POINT('',(0.,-1.E-02));
#1012 = ( GEOMETRIC_REPRESENTATION_CONTEXT(2) 
PARAMETRIC_REPRESENTATION_CONTEXT() REPRESENTATION_CONTEXT('2D SPACE',''
  ) );
#1013 = ORIENTED_EDGE('',*,*,#1014,.F.);
#1014 = EDGE_CURVE('',#1015,#989,#1017,.T.);
#1015 = VERTEX_POINT('',#1016);
#1016 = CARTESIAN_POINT('',(3.125128869404,0.,13.7));
#1017 = SURFACE_CURVE('',#1018,(#1022,#1028),.PCURVE_S1.);
#1018 = LINE('',#1019,#1020);
#1019 = CARTESIAN_POINT('',(-6.187931464584,8.673617379884E-19,
    -2.430693672422));
#1020 = VECTOR('',#1021,1.);
#1021 = DIRECTION('',(0.5,-0.,0.866025403784));
#1022 = PCURVE('',#44,#1023);
#1023 = DEFINITIONAL_REPRESENTATION('',(#1024),#1027);
#1024 = B_SPLINE_CURVE_WITH_KNOTS('',1,(#1025,#1026),.UNSPECIFIED.,.F.,
  .F.,(2,2),(18.626120667976,21.050991798573),.PIECEWISE_BEZIER_KNOTS.);
#1025 = CARTESIAN_POINT('',(13.7,55.625128869404));
#1026 = CARTESIAN_POINT('',(15.8,56.837564434702));
#1027 = ( GEOMETRIC_REPRESENTATION_CONTEXT(2) 
PARAMETRIC_REPRESENTATION_CONTEXT() REPRESENTATION_CONTEXT('2D SPACE',''
  ) );
#1028 = PCURVE('',#1029,#1034);
#1029 = PLANE('',#1030);
#1030 = AXIS2_PLACEMENT_3D('',#1031,#1032,#1033);
#1031 = CARTESIAN_POINT('',(4.337564434702,-1.E-02,15.8));
#1032 = DIRECTION('',(-0.866025403784,0.,0.5));
#1033 = DIRECTION('',(-0.5,0.,-0.866025403784));
#1034 = DEFINITIONAL_REPRESENTATION('',(#1035),#1038);
#1035 = B_SPLINE_CURVE_WITH_KNOTS('',1,(#1036,#1037),.UNSPECIFIED.,.F.,
  .F.,(2,2),(18.626120667976,21.050991798573),.PIECEWISE_BEZIER_KNOTS.);
#1036 = CARTESIAN_POINT('',(2.424871130596,-1.E-02));
#1037 = CARTESIAN_POINT('',(0.,-1.E-02));
#1038 = ( GEOMETRIC_REPRESENTATION_CONTEXT(2) 
PARAMETRIC_REPRESENTATION_CONTEXT() REPRESENTATION_CONTEXT('2D SPACE',''
  ) );
#1039 = ORIENTED_EDGE('',*,*,#1040,.F.);
#1040 = EDGE_CURVE('',#1041,#1015,#1043,.T.);
#1041 = VERTEX_POINT('',#1042);
#1042 = CARTESIAN_POINT('',(4.337564434702,0.,11.6));
#1043 = SURFACE_CURVE('',#1044,(#1048,#1054),.PCURVE_S1.);
#1044 = LINE('',#1045,#1046);
#1045 = CARTESIAN_POINT('',(-0.86187523131,8.673617379884E-19,
    20.605693672422));
#1046 = VECTOR('',#1047,1.);
#1047 = DIRECTION('',(-0.5,0.,0.866025403784));
#1048 = PCURVE('',#44,#1049);
#1049 = DEFINITIONAL_REPRESENTATION('',(#1050),#1053);
#1050 = B_SPLINE_CURVE_WITH_KNOTS('',1,(#1051,#1052),.UNSPECIFIED.,.F.,
  .F.,(2,2),(-10.39887933202,-7.974008201427),.PIECEWISE_BEZIER_KNOTS.);
#1051 = CARTESIAN_POINT('',(11.6,56.837564434702));
#1052 = CARTESIAN_POINT('',(13.7,55.625128869404));
#1053 = ( GEOMETRIC_REPRESENTATION_CONTEXT(2) 
PARAMETRIC_REPRESENTATION_CONTEXT() REPRESENTATION_CONTEXT('2D SPACE',''
  ) );
#1054 = PCURVE('',#1055,#1060);
#1055 = PLANE('',#1056);
#1056 = AXIS2_PLACEMENT_3D('',#1057,#1058,#1059);
#1057 = CARTESIAN_POINT('',(3.125128869404,-1.E-02,13.7));
#1058 = DIRECTION('',(-0.866025403784,-0.,-0.5));
#1059 = DIRECTION('',(0.5,0.,-0.866025403784));
#1060 = DEFINITIONAL_REPRESENTATION('',(#1061),#1064);
#1061 = B_SPLINE_CURVE_WITH_KNOTS('',1,(#1062,#1063),.UNSPECIFIED.,.F.,
  .F.,(2,2),(-10.39887933202,-7.974008201427),.PIECEWISE_BEZIER_KNOTS.);
#1062 = CARTESIAN_POINT('',(2.424871130596,-1.E-02));
#1063 = CARTESIAN_POINT('',(0.,-1.E-02));
#1064 = ( GEOMETRIC_REPRESENTATION_CONTEXT(2) 
PARAMETRIC_REPRESENTATION_CONTEXT() REPRESENTATION_CONTEXT('2D SPACE',''
  ) );
#1065 = ORIENTED_EDGE('',*,*,#1066,.F.);
#1066 = EDGE_CURVE('',#1067,#1041,#1069,.T.);
#1067 = VERTEX_POINT('',#1068);
#1068 = CARTESIAN_POINT('',(6.762435565298,0.,11.6));
#1069 = SURFACE_CURVE('',#1070,(#1074,#1080),.PCURVE_S1.);
#1070 = LINE('',#1071,#1072);
#1071 = CARTESIAN_POINT('',(-24.08121778264,0.,11.6));
#1072 = VECTOR('',#1073,1.);
#1073 = DIRECTION('',(-1.,0.,5.494179103953E-16));
#1074 = PCURVE('',#44,#1075);
#1075 = DEFINITIONAL_REPRESENTATION('',(#1076),#1079);
#1076 = B_SPLINE_CURVE_WITH_KNOTS('',1,(#1077,#1078),.UNSPECIFIED.,.F.,
  .F.,(2,2),(-30.84365334794,-28.41878221735),.PIECEWISE_BEZIER_KNOTS.);
#1077 = CARTESIAN_POINT('',(11.6,59.262435565298));
#1078 = CARTESIAN_POINT('',(11.6,56.837564434702));
#1079 = ( GEOMETRIC_REPRESENTATION_CONTEXT(2) 
PARAMETRIC_REPRESENTATION_CONTEXT() REPRESENTATION_CONTEXT('2D SPACE',''
  ) );
#1080 = PCURVE('',#1081,#1086);
#1081 = PLANE('',#1082);
#1082 = AXIS2_PLACEMENT_3D('',#1083,#1084,#1085);
#1083 = CARTESIAN_POINT('',(4.337564434702,-1.E-02,11.6));
#1084 = DIRECTION('',(-5.494179103953E-16,-0.,-1.));
#1085 = DIRECTION('',(1.,0.,-5.494179103953E-16));
#1086 = DEFINITIONAL_REPRESENTATION('',(#1087),#1090);
#1087 = B_SPLINE_CURVE_WITH_KNOTS('',1,(#1088,#1089),.UNSPECIFIED.,.F.,
  .F.,(2,2),(-30.84365334794,-28.41878221735),.PIECEWISE_BEZIER_KNOTS.);
#1088 = CARTESIAN_POINT('',(2.424871130596,-1.E-02));
#1089 = CARTESIAN_POINT('',(0.,-1.E-02));
#1090 = ( GEOMETRIC_REPRESENTATION_CONTEXT(2) 
PARAMETRIC_REPRESENTATION_CONTEXT() REPRESENTATION_CONTEXT('2D SPACE',''
  ) );
#1091 = ORIENTED_EDGE('',*,*,#1092,.F.);
#1092 = EDGE_CURVE('',#963,#1067,#1093,.T.);
#1093 = SURFACE_CURVE('',#1094,(#1098,#1104),.PCURVE_S1.);
#1094 = LINE('',#1095,#1096);
#1095 = CARTESIAN_POINT('',(-3.156842551339,0.,-5.580693672422));
#1096 = VECTOR('',#1097,1.);
#1097 = DIRECTION('',(-0.5,0.,-0.866025403784));
#1098 = PCURVE('',#44,#1099);
#1099 = DEFINITIONAL_REPRESENTATION('',(#1100),#1103);
#1100 = B_SPLINE_CURVE_WITH_KNOTS('',1,(#1101,#1102),.UNSPECIFIED.,.F.,
  .F.,(2,2),(-22.26342736387,-19.83855623327),.PIECEWISE_BEZIER_KNOTS.);
#1101 = CARTESIAN_POINT('',(13.7,60.474871130596));
#1102 = CARTESIAN_POINT('',(11.6,59.262435565298));
#1103 = ( GEOMETRIC_REPRESENTATION_CONTEXT(2) 
PARAMETRIC_REPRESENTATION_CONTEXT() REPRESENTATION_CONTEXT('2D SPACE',''
  ) );
#1104 = PCURVE('',#1105,#1110);
#1105 = PLANE('',#1106);
#1106 = AXIS2_PLACEMENT_3D('',#1107,#1108,#1109);
#1107 = CARTESIAN_POINT('',(6.762435565298,-1.E-02,11.6));
#1108 = DIRECTION('',(0.866025403784,0.,-0.5));
#1109 = DIRECTION('',(0.5,0.,0.866025403784));
#1110 = DEFINITIONAL_REPRESENTATION('',(#1111),#1114);
#1111 = B_SPLINE_CURVE_WITH_KNOTS('',1,(#1112,#1113),.UNSPECIFIED.,.F.,
  .F.,(2,2),(-22.26342736387,-19.83855623327),.PIECEWISE_BEZIER_KNOTS.);
#1112 = CARTESIAN_POINT('',(2.424871130596,-1.E-02));
#1113 = CARTESIAN_POINT('',(0.,-1.E-02));
#1114 = ( GEOMETRIC_REPRESENTATION_CONTEXT(2) 
PARAMETRIC_REPRESENTATION_CONTEXT() REPRESENTATION_CONTEXT('2D SPACE',''
  ) );
#1115 = FACE_BOUND('',#1116,.F.);
#1116 = EDGE_LOOP('',(#1117,#1145,#1171,#1197,#1223,#1249));
#1117 = ORIENTED_EDGE('',*,*,#1118,.F.);
#1118 = EDGE_CURVE('',#1119,#1121,#1123,.T.);
#1119 = VERTEX_POINT('',#1120);
#1120 = CARTESIAN_POINT('',(26.262435565298,0.,15.8));
#1121 = VERTEX_POINT('',#1122);
#1122 = CARTESIAN_POINT('',(27.474871130596,0.,13.7));
#1123 = SURFACE_CURVE('',#1124,(#1128,#1134),.PCURVE_S1.);
#1124 = LINE('',#1125,#1126);
#1125 = CARTESIAN_POINT('',(20.444149247234,0.,25.877567515871));
#1126 = VECTOR('',#1127,1.);
#1127 = DIRECTION('',(0.5,0.,-0.866025403784));
#1128 = PCURVE('',#44,#1129);
#1129 = DEFINITIONAL_REPRESENTATION('',(#1130),#1133);
#1130 = B_SPLINE_CURVE_WITH_KNOTS('',1,(#1131,#1132),.UNSPECIFIED.,.F.,
  .F.,(2,2),(11.636572636129,14.061443766726),.PIECEWISE_BEZIER_KNOTS.);
#1131 = CARTESIAN_POINT('',(15.8,78.762435565298));
#1132 = CARTESIAN_POINT('',(13.7,79.974871130596));
#1133 = ( GEOMETRIC_REPRESENTATION_CONTEXT(2) 
PARAMETRIC_REPRESENTATION_CONTEXT() REPRESENTATION_CONTEXT('2D SPACE',''
  ) );
#1134 = PCURVE('',#1135,#1140);
#1135 = PLANE('',#1136);
#1136 = AXIS2_PLACEMENT_3D('',#1137,#1138,#1139);
#1137 = CARTESIAN_POINT('',(27.474871130596,-1.E-02,13.7));
#1138 = DIRECTION('',(0.866025403784,0.,0.5));
#1139 = DIRECTION('',(-0.5,0.,0.866025403784));
#1140 = DEFINITIONAL_REPRESENTATION('',(#1141),#1144);
#1141 = B_SPLINE_CURVE_WITH_KNOTS('',1,(#1142,#1143),.UNSPECIFIED.,.F.,
  .F.,(2,2),(11.636572636129,14.061443766726),.PIECEWISE_BEZIER_KNOTS.);
#1142 = CARTESIAN_POINT('',(2.424871130596,-1.E-02));
#1143 = CARTESIAN_POINT('',(0.,-1.E-02));
#1144 = ( GEOMETRIC_REPRESENTATION_CONTEXT(2) 
PARAMETRIC_REPRESENTATION_CONTEXT() REPRESENTATION_CONTEXT('2D SPACE',''
  ) );
#1145 = ORIENTED_EDGE('',*,*,#1146,.F.);
#1146 = EDGE_CURVE('',#1147,#1119,#1149,.T.);
#1147 = VERTEX_POINT('',#1148);
#1148 = CARTESIAN_POINT('',(23.837564434702,0.,15.8));
#1149 = SURFACE_CURVE('',#1150,(#1154,#1160),.PCURVE_S1.);
#1150 = LINE('',#1151,#1152);
#1151 = CARTESIAN_POINT('',(-13.11878221735,0.,15.8));
#1152 = VECTOR('',#1153,1.);
#1153 = DIRECTION('',(1.,0.,0.));
#1154 = PCURVE('',#44,#1155);
#1155 = DEFINITIONAL_REPRESENTATION('',(#1156),#1159);
#1156 = B_SPLINE_CURVE_WITH_KNOTS('',1,(#1157,#1158),.UNSPECIFIED.,.F.,
  .F.,(2,2),(36.956346652053,39.381217782649),.PIECEWISE_BEZIER_KNOTS.);
#1157 = CARTESIAN_POINT('',(15.8,76.337564434702));
#1158 = CARTESIAN_POINT('',(15.8,78.762435565298));
#1159 = ( GEOMETRIC_REPRESENTATION_CONTEXT(2) 
PARAMETRIC_REPRESENTATION_CONTEXT() REPRESENTATION_CONTEXT('2D SPACE',''
  ) );
#1160 = PCURVE('',#1161,#1166);
#1161 = PLANE('',#1162);
#1162 = AXIS2_PLACEMENT_3D('',#1163,#1164,#1165);
#1163 = CARTESIAN_POINT('',(26.262435565298,-1.E-02,15.8));
#1164 = DIRECTION('',(0.,0.,1.));
#1165 = DIRECTION('',(-1.,0.,0.));
#1166 = DEFINITIONAL_REPRESENTATION('',(#1167),#1170);
#1167 = B_SPLINE_CURVE_WITH_KNOTS('',1,(#1168,#1169),.UNSPECIFIED.,.F.,
  .F.,(2,2),(36.956346652053,39.381217782649),.PIECEWISE_BEZIER_KNOTS.);
#1168 = CARTESIAN_POINT('',(2.424871130596,-1.E-02));
#1169 = CARTESIAN_POINT('',(0.,-1.E-02));
#1170 = ( GEOMETRIC_REPRESENTATION_CONTEXT(2) 
PARAMETRIC_REPRESENTATION_CONTEXT() REPRESENTATION_CONTEXT('2D SPACE',''
  ) );
#1171 = ORIENTED_EDGE('',*,*,#1172,.F.);
#1172 = EDGE_CURVE('',#1173,#1147,#1175,.T.);
#1173 = VERTEX_POINT('',#1174);
#1174 = CARTESIAN_POINT('',(22.625128869404,0.,13.7));
#1175 = SURFACE_CURVE('',#1176,(#1180,#1186),.PCURVE_S1.);
#1176 = LINE('',#1177,#1178);
#1177 = CARTESIAN_POINT('',(10.874568535416,8.673617379884E-19,
    -6.652567515871));
#1178 = VECTOR('',#1179,1.);
#1179 = DIRECTION('',(0.5,-0.,0.866025403784));
#1180 = PCURVE('',#44,#1181);
#1181 = DEFINITIONAL_REPRESENTATION('',(#1182),#1185);
#1182 = B_SPLINE_CURVE_WITH_KNOTS('',1,(#1183,#1184),.UNSPECIFIED.,.F.,
  .F.,(2,2),(23.501120667976,25.925991798573),.PIECEWISE_BEZIER_KNOTS.);
#1183 = CARTESIAN_POINT('',(13.7,75.125128869404));
#1184 = CARTESIAN_POINT('',(15.8,76.337564434702));
#1185 = ( GEOMETRIC_REPRESENTATION_CONTEXT(2) 
PARAMETRIC_REPRESENTATION_CONTEXT() REPRESENTATION_CONTEXT('2D SPACE',''
  ) );
#1186 = PCURVE('',#1187,#1192);
#1187 = PLANE('',#1188);
#1188 = AXIS2_PLACEMENT_3D('',#1189,#1190,#1191);
#1189 = CARTESIAN_POINT('',(23.837564434702,-1.E-02,15.8));
#1190 = DIRECTION('',(-0.866025403784,0.,0.5));
#1191 = DIRECTION('',(-0.5,0.,-0.866025403784));
#1192 = DEFINITIONAL_REPRESENTATION('',(#1193),#1196);
#1193 = B_SPLINE_CURVE_WITH_KNOTS('',1,(#1194,#1195),.UNSPECIFIED.,.F.,
  .F.,(2,2),(23.501120667976,25.925991798573),.PIECEWISE_BEZIER_KNOTS.);
#1194 = CARTESIAN_POINT('',(2.424871130596,-1.E-02));
#1195 = CARTESIAN_POINT('',(0.,-1.E-02));
#1196 = ( GEOMETRIC_REPRESENTATION_CONTEXT(2) 
PARAMETRIC_REPRESENTATION_CONTEXT() REPRESENTATION_CONTEXT('2D SPACE',''
  ) );
#1197 = ORIENTED_EDGE('',*,*,#1198,.F.);
#1198 = EDGE_CURVE('',#1199,#1173,#1201,.T.);
#1199 = VERTEX_POINT('',#1200);
#1200 = CARTESIAN_POINT('',(23.837564434702,0.,11.6));
#1201 = SURFACE_CURVE('',#1202,(#1206,#1212),.PCURVE_S1.);
#1202 = LINE('',#1203,#1204);
#1203 = CARTESIAN_POINT('',(16.20062476869,8.673617379884E-19,
    24.827567515871));
#1204 = VECTOR('',#1205,1.);
#1205 = DIRECTION('',(-0.5,0.,0.866025403784));
#1206 = PCURVE('',#44,#1207);
#1207 = DEFINITIONAL_REPRESENTATION('',(#1208),#1211);
#1208 = B_SPLINE_CURVE_WITH_KNOTS('',1,(#1209,#1210),.UNSPECIFIED.,.F.,
  .F.,(2,2),(-15.27387933202,-12.84900820142),.PIECEWISE_BEZIER_KNOTS.);
#1209 = CARTESIAN_POINT('',(11.6,76.337564434702));
#1210 = CARTESIAN_POINT('',(13.7,75.125128869404));
#1211 = ( GEOMETRIC_REPRESENTATION_CONTEXT(2) 
PARAMETRIC_REPRESENTATION_CONTEXT() REPRESENTATION_CONTEXT('2D SPACE',''
  ) );
#1212 = PCURVE('',#1213,#1218);
#1213 = PLANE('',#1214);
#1214 = AXIS2_PLACEMENT_3D('',#1215,#1216,#1217);
#1215 = CARTESIAN_POINT('',(22.625128869404,-1.E-02,13.7));
#1216 = DIRECTION('',(-0.866025403784,-0.,-0.5));
#1217 = DIRECTION('',(0.5,0.,-0.866025403784));
#1218 = DEFINITIONAL_REPRESENTATION('',(#1219),#1222);
#1219 = B_SPLINE_CURVE_WITH_KNOTS('',1,(#1220,#1221),.UNSPECIFIED.,.F.,
  .F.,(2,2),(-15.27387933202,-12.84900820142),.PIECEWISE_BEZIER_KNOTS.);
#1220 = CARTESIAN_POINT('',(2.424871130596,-1.E-02));
#1221 = CARTESIAN_POINT('',(0.,-1.E-02));
#1222 = ( GEOMETRIC_REPRESENTATION_CONTEXT(2) 
PARAMETRIC_REPRESENTATION_CONTEXT() REPRESENTATION_CONTEXT('2D SPACE',''
  ) );
#1223 = ORIENTED_EDGE('',*,*,#1224,.F.);
#1224 = EDGE_CURVE('',#1225,#1199,#1227,.T.);
#1225 = VERTEX_POINT('',#1226);
#1226 = CARTESIAN_POINT('',(26.262435565298,0.,11.6));
#1227 = SURFACE_CURVE('',#1228,(#1232,#1238),.PCURVE_S1.);
#1228 = LINE('',#1229,#1230);
#1229 = CARTESIAN_POINT('',(-14.33121778264,0.,11.6));
#1230 = VECTOR('',#1231,1.);
#1231 = DIRECTION('',(-1.,0.,5.494179103953E-16));
#1232 = PCURVE('',#44,#1233);
#1233 = DEFINITIONAL_REPRESENTATION('',(#1234),#1237);
#1234 = B_SPLINE_CURVE_WITH_KNOTS('',1,(#1235,#1236),.UNSPECIFIED.,.F.,
  .F.,(2,2),(-40.59365334794,-38.16878221735),.PIECEWISE_BEZIER_KNOTS.);
#1235 = CARTESIAN_POINT('',(11.6,78.762435565298));
#1236 = CARTESIAN_POINT('',(11.6,76.337564434702));
#1237 = ( GEOMETRIC_REPRESENTATION_CONTEXT(2) 
PARAMETRIC_REPRESENTATION_CONTEXT() REPRESENTATION_CONTEXT('2D SPACE',''
  ) );
#1238 = PCURVE('',#1239,#1244);
#1239 = PLANE('',#1240);
#1240 = AXIS2_PLACEMENT_3D('',#1241,#1242,#1243);
#1241 = CARTESIAN_POINT('',(23.837564434702,-1.E-02,11.6));
#1242 = DIRECTION('',(-5.494179103953E-16,-0.,-1.));
#1243 = DIRECTION('',(1.,0.,-5.494179103953E-16));
#1244 = DEFINITIONAL_REPRESENTATION('',(#1245),#1248);
#1245 = B_SPLINE_CURVE_WITH_KNOTS('',1,(#1246,#1247),.UNSPECIFIED.,.F.,
  .F.,(2,2),(-40.59365334794,-38.16878221735),.PIECEWISE_BEZIER_KNOTS.);
#1246 = CARTESIAN_POINT('',(2.424871130596,-1.E-02));
#1247 = CARTESIAN_POINT('',(0.,-1.E-02));
#1248 = ( GEOMETRIC_REPRESENTATION_CONTEXT(2) 
PARAMETRIC_REPRESENTATION_CONTEXT() REPRESENTATION_CONTEXT('2D SPACE',''
  ) );
#1249 = ORIENTED_EDGE('',*,*,#1250,.F.);
#1250 = EDGE_CURVE('',#1121,#1225,#1251,.T.);
#1251 = SURFACE_CURVE('',#1252,(#1256,#1262),.PCURVE_S1.);
#1252 = LINE('',#1253,#1254);
#1253 = CARTESIAN_POINT('',(13.905657448661,0.,-9.802567515871));
#1254 = VECTOR('',#1255,1.);
#1255 = DIRECTION('',(-0.5,0.,-0.866025403784));
#1256 = PCURVE('',#44,#1257);
#1257 = DEFINITIONAL_REPRESENTATION('',(#1258),#1261);
#1258 = B_SPLINE_CURVE_WITH_KNOTS('',1,(#1259,#1260),.UNSPECIFIED.,.F.,
  .F.,(2,2),(-27.13842736387,-24.71355623327),.PIECEWISE_BEZIER_KNOTS.);
#1259 = CARTESIAN_POINT('',(13.7,79.974871130596));
#1260 = CARTESIAN_POINT('',(11.6,78.762435565298));
#1261 = ( GEOMETRIC_REPRESENTATION_CONTEXT(2) 
PARAMETRIC_REPRESENTATION_CONTEXT() REPRESENTATION_CONTEXT('2D SPACE',''
  ) );
#1262 = PCURVE('',#1263,#1268);
#1263 = PLANE('',#1264);
#1264 = AXIS2_PLACEMENT_3D('',#1265,#1266,#1267);
#1265 = CARTESIAN_POINT('',(26.262435565298,-1.E-02,11.6));
#1266 = DIRECTION('',(0.866025403784,0.,-0.5));
#1267 = DIRECTION('',(0.5,0.,0.866025403784));
#1268 = DEFINITIONAL_REPRESENTATION('',(#1269),#1272);
#1269 = B_SPLINE_CURVE_WITH_KNOTS('',1,(#1270,#1271),.UNSPECIFIED.,.F.,
  .F.,(2,2),(-27.13842736387,-24.71355623327),.PIECEWISE_BEZIER_KNOTS.);
#1270 = CARTESIAN_POINT('',(2.424871130596,-1.E-02));
#1271 = CARTESIAN_POINT('',(0.,-1.E-02));
#1272 = ( GEOMETRIC_REPRESENTATION_CONTEXT(2) 
PARAMETRIC_REPRESENTATION_CONTEXT() REPRESENTATION_CONTEXT('2D SPACE',''
  ) );
#1273 = FACE_BOUND('',#1274,.F.);
#1274 = EDGE_LOOP('',(#1275,#1303,#1329,#1355,#1381,#1407));
#1275 = ORIENTED_EDGE('',*,*,#1276,.F.);
#1276 = EDGE_CURVE('',#1277,#1279,#1281,.T.);
#1277 = VERTEX_POINT('',#1278);
#1278 = CARTESIAN_POINT('',(47.136195996002,0.,11.7));
#1279 = VERTEX_POINT('',#1280);
#1280 = CARTESIAN_POINT('',(49.272391992003,0.,8.));
#1281 = SURFACE_CURVE('',#1282,(#1286,#1292),.PCURVE_S1.);
#1282 = LINE('',#1283,#1284);
#1283 = CARTESIAN_POINT('',(38.282893800572,0.,27.034369217246));
#1284 = VECTOR('',#1285,1.);
#1285 = DIRECTION('',(0.5,0.,-0.866025403784));
#1286 = PCURVE('',#44,#1287);
#1287 = DEFINITIONAL_REPRESENTATION('',(#1288),#1291);
#1288 = B_SPLINE_CURVE_WITH_KNOTS('',1,(#1289,#1290),.UNSPECIFIED.,.F.,
  .F.,(2,2),(17.70660439086,21.978996382863),.PIECEWISE_BEZIER_KNOTS.);
#1289 = CARTESIAN_POINT('',(11.7,99.636195996002));
#1290 = CARTESIAN_POINT('',(8.,101.772391992));
#1291 = ( GEOMETRIC_REPRESENTATION_CONTEXT(2) 
PARAMETRIC_REPRESENTATION_CONTEXT() REPRESENTATION_CONTEXT('2D SPACE',''
  ) );
#1292 = PCURVE('',#1293,#1298);
#1293 = PLANE('',#1294);
#1294 = AXIS2_PLACEMENT_3D('',#1295,#1296,#1297);
#1295 = CARTESIAN_POINT('',(49.272391992003,-1.E-02,8.));
#1296 = DIRECTION('',(0.866025403784,0.,0.5));
#1297 = DIRECTION('',(-0.5,0.,0.866025403784));
#1298 = DEFINITIONAL_REPRESENTATION('',(#1299),#1302);
#1299 = B_SPLINE_CURVE_WITH_KNOTS('',1,(#1300,#1301),.UNSPECIFIED.,.F.,
  .F.,(2,2),(17.70660439086,21.978996382863),.PIECEWISE_BEZIER_KNOTS.);
#1300 = CARTESIAN_POINT('',(4.272391992003,-1.E-02));
#1301 = CARTESIAN_POINT('',(0.,-1.E-02));
#1302 = ( GEOMETRIC_REPRESENTATION_CONTEXT(2) 
PARAMETRIC_REPRESENTATION_CONTEXT() REPRESENTATION_CONTEXT('2D SPACE',''
  ) );
#1303 = ORIENTED_EDGE('',*,*,#1304,.F.);
#1304 = EDGE_CURVE('',#1305,#1277,#1307,.T.);
#1305 = VERTEX_POINT('',#1306);
#1306 = CARTESIAN_POINT('',(42.863804003998,0.,11.7));
#1307 = SURFACE_CURVE('',#1308,(#1312,#1318),.PCURVE_S1.);
#1308 = LINE('',#1309,#1310);
#1309 = CARTESIAN_POINT('',(-2.681902001999,0.,11.7));
#1310 = VECTOR('',#1311,1.);
#1311 = DIRECTION('',(1.,0.,-1.039439289937E-16));
#1312 = PCURVE('',#44,#1313);
#1313 = DEFINITIONAL_REPRESENTATION('',(#1314),#1317);
#1314 = B_SPLINE_CURVE_WITH_KNOTS('',1,(#1315,#1316),.UNSPECIFIED.,.F.,
  .F.,(2,2),(45.545706005998,49.818097998001),.PIECEWISE_BEZIER_KNOTS.);
#1315 = CARTESIAN_POINT('',(11.7,95.363804003998));
#1316 = CARTESIAN_POINT('',(11.7,99.636195996002));
#1317 = ( GEOMETRIC_REPRESENTATION_CONTEXT(2) 
PARAMETRIC_REPRESENTATION_CONTEXT() REPRESENTATION_CONTEXT('2D SPACE',''
  ) );
#1318 = PCURVE('',#1319,#1324);
#1319 = PLANE('',#1320);
#1320 = AXIS2_PLACEMENT_3D('',#1321,#1322,#1323);
#1321 = CARTESIAN_POINT('',(47.136195996002,-1.E-02,11.7));
#1322 = DIRECTION('',(1.039439289937E-16,0.,1.));
#1323 = DIRECTION('',(-1.,0.,1.039439289937E-16));
#1324 = DEFINITIONAL_REPRESENTATION('',(#1325),#1328);
#1325 = B_SPLINE_CURVE_WITH_KNOTS('',1,(#1326,#1327),.UNSPECIFIED.,.F.,
  .F.,(2,2),(45.545706005998,49.818097998001),.PIECEWISE_BEZIER_KNOTS.);
#1326 = CARTESIAN_POINT('',(4.272391992003,-1.E-02));
#1327 = CARTESIAN_POINT('',(0.,-1.E-02));
#1328 = ( GEOMETRIC_REPRESENTATION_CONTEXT(2) 
PARAMETRIC_REPRESENTATION_CONTEXT() REPRESENTATION_CONTEXT('2D SPACE',''
  ) );
#1329 = ORIENTED_EDGE('',*,*,#1330,.F.);
#1330 = EDGE_CURVE('',#1331,#1305,#1333,.T.);
#1331 = VERTEX_POINT('',#1332);
#1332 = CARTESIAN_POINT('',(40.727608007997,0.,8.));
#1333 = SURFACE_CURVE('',#1334,(#1338,#1344),.PCURVE_S1.);
#1334 = LINE('',#1335,#1336);
#1335 = CARTESIAN_POINT('',(28.410204197429,0.,-13.33436921724));
#1336 = VECTOR('',#1337,1.);
#1337 = DIRECTION('',(0.5,-0.,0.866025403784));
#1338 = PCURVE('',#44,#1339);
#1339 = DEFINITIONAL_REPRESENTATION('',(#1340),#1343);
#1340 = B_SPLINE_CURVE_WITH_KNOTS('',1,(#1341,#1342),.UNSPECIFIED.,.F.,
  .F.,(2,2),(24.634807621135,28.907199613139),.PIECEWISE_BEZIER_KNOTS.);
#1341 = CARTESIAN_POINT('',(8.,93.227608007997));
#1342 = CARTESIAN_POINT('',(11.7,95.363804003998));
#1343 = ( GEOMETRIC_REPRESENTATION_CONTEXT(2) 
PARAMETRIC_REPRESENTATION_CONTEXT() REPRESENTATION_CONTEXT('2D SPACE',''
  ) );
#1344 = PCURVE('',#1345,#1350);
#1345 = PLANE('',#1346);
#1346 = AXIS2_PLACEMENT_3D('',#1347,#1348,#1349);
#1347 = CARTESIAN_POINT('',(42.863804003998,-1.E-02,11.7));
#1348 = DIRECTION('',(-0.866025403784,0.,0.5));
#1349 = DIRECTION('',(-0.5,0.,-0.866025403784));
#1350 = DEFINITIONAL_REPRESENTATION('',(#1351),#1354);
#1351 = B_SPLINE_CURVE_WITH_KNOTS('',1,(#1352,#1353),.UNSPECIFIED.,.F.,
  .F.,(2,2),(24.634807621135,28.907199613139),.PIECEWISE_BEZIER_KNOTS.);
#1352 = CARTESIAN_POINT('',(4.272391992003,-1.E-02));
#1353 = CARTESIAN_POINT('',(0.,-1.E-02));
#1354 = ( GEOMETRIC_REPRESENTATION_CONTEXT(2) 
PARAMETRIC_REPRESENTATION_CONTEXT() REPRESENTATION_CONTEXT('2D SPACE',''
  ) );
#1355 = ORIENTED_EDGE('',*,*,#1356,.F.);
#1356 = EDGE_CURVE('',#1357,#1331,#1359,.T.);
#1357 = VERTEX_POINT('',#1358);
#1358 = CARTESIAN_POINT('',(42.863804003998,0.,4.3));
#1359 = SURFACE_CURVE('',#1360,(#1364,#1370),.PCURVE_S1.);
#1360 = LINE('',#1361,#1362);
#1361 = CARTESIAN_POINT('',(30.806207814566,0.,25.184369217246));
#1362 = VECTOR('',#1363,1.);
#1363 = DIRECTION('',(-0.5,0.,0.866025403784));
#1364 = PCURVE('',#44,#1365);
#1365 = DEFINITIONAL_REPRESENTATION('',(#1366),#1369);
#1366 = B_SPLINE_CURVE_WITH_KNOTS('',1,(#1367,#1368),.UNSPECIFIED.,.F.,
  .F.,(2,2),(-24.11519237886,-19.84280038686),.PIECEWISE_BEZIER_KNOTS.);
#1367 = CARTESIAN_POINT('',(4.3,95.363804003998));
#1368 = CARTESIAN_POINT('',(8.,93.227608007997));
#1369 = ( GEOMETRIC_REPRESENTATION_CONTEXT(2) 
PARAMETRIC_REPRESENTATION_CONTEXT() REPRESENTATION_CONTEXT('2D SPACE',''
  ) );
#1370 = PCURVE('',#1371,#1376);
#1371 = PLANE('',#1372);
#1372 = AXIS2_PLACEMENT_3D('',#1373,#1374,#1375);
#1373 = CARTESIAN_POINT('',(40.727608007997,-1.E-02,8.));
#1374 = DIRECTION('',(-0.866025403784,-0.,-0.5));
#1375 = DIRECTION('',(0.5,0.,-0.866025403784));
#1376 = DEFINITIONAL_REPRESENTATION('',(#1377),#1380);
#1377 = B_SPLINE_CURVE_WITH_KNOTS('',1,(#1378,#1379),.UNSPECIFIED.,.F.,
  .F.,(2,2),(-24.11519237886,-19.84280038686),.PIECEWISE_BEZIER_KNOTS.);
#1378 = CARTESIAN_POINT('',(4.272391992003,-1.E-02));
#1379 = CARTESIAN_POINT('',(0.,-1.E-02));
#1380 = ( GEOMETRIC_REPRESENTATION_CONTEXT(2) 
PARAMETRIC_REPRESENTATION_CONTEXT() REPRESENTATION_CONTEXT('2D SPACE',''
  ) );
#1381 = ORIENTED_EDGE('',*,*,#1382,.F.);
#1382 = EDGE_CURVE('',#1383,#1357,#1385,.T.);
#1383 = VERTEX_POINT('',#1384);
#1384 = CARTESIAN_POINT('',(47.136195996002,0.,4.3));
#1385 = SURFACE_CURVE('',#1386,(#1390,#1396),.PCURVE_S1.);
#1386 = LINE('',#1387,#1388);
#1387 = CARTESIAN_POINT('',(-4.818097998001,0.,4.3));
#1388 = VECTOR('',#1389,1.);
#1389 = DIRECTION('',(-1.,0.,7.276075029559E-16));
#1390 = PCURVE('',#44,#1391);
#1391 = DEFINITIONAL_REPRESENTATION('',(#1392),#1395);
#1392 = B_SPLINE_CURVE_WITH_KNOTS('',1,(#1393,#1394),.UNSPECIFIED.,.F.,
  .F.,(2,2),(-51.954293994,-47.68190200199),.PIECEWISE_BEZIER_KNOTS.);
#1393 = CARTESIAN_POINT('',(4.3,99.636195996002));
#1394 = CARTESIAN_POINT('',(4.3,95.363804003998));
#1395 = ( GEOMETRIC_REPRESENTATION_CONTEXT(2) 
PARAMETRIC_REPRESENTATION_CONTEXT() REPRESENTATION_CONTEXT('2D SPACE',''
  ) );
#1396 = PCURVE('',#1397,#1402);
#1397 = PLANE('',#1398);
#1398 = AXIS2_PLACEMENT_3D('',#1399,#1400,#1401);
#1399 = CARTESIAN_POINT('',(42.863804003998,-1.E-02,4.3));
#1400 = DIRECTION('',(-7.276075029559E-16,-0.,-1.));
#1401 = DIRECTION('',(1.,0.,-7.276075029559E-16));
#1402 = DEFINITIONAL_REPRESENTATION('',(#1403),#1406);
#1403 = B_SPLINE_CURVE_WITH_KNOTS('',1,(#1404,#1405),.UNSPECIFIED.,.F.,
  .F.,(2,2),(-51.954293994,-47.68190200199),.PIECEWISE_BEZIER_KNOTS.);
#1404 = CARTESIAN_POINT('',(4.272391992003,-1.E-02));
#1405 = CARTESIAN_POINT('',(0.,-1.E-02));
#1406 = ( GEOMETRIC_REPRESENTATION_CONTEXT(2) 
PARAMETRIC_REPRESENTATION_CONTEXT() REPRESENTATION_CONTEXT('2D SPACE',''
  ) );
#1407 = ORIENTED_EDGE('',*,*,#1408,.F.);
#1408 = EDGE_CURVE('',#1279,#1383,#1409,.T.);
#1409 = SURFACE_CURVE('',#1410,(#1414,#1420),.PCURVE_S1.);
#1410 = LINE('',#1411,#1412);
#1411 = CARTESIAN_POINT('',(33.750694187433,0.,-18.88436921724));
#1412 = VECTOR('',#1413,1.);
#1413 = DIRECTION('',(-0.5,0.,-0.866025403784));
#1414 = PCURVE('',#44,#1415);
#1415 = DEFINITIONAL_REPRESENTATION('',(#1416),#1419);
#1416 = B_SPLINE_CURVE_WITH_KNOTS('',1,(#1417,#1418),.UNSPECIFIED.,.F.,
  .F.,(2,2),(-31.04339560914,-26.77100361713),.PIECEWISE_BEZIER_KNOTS.);
#1417 = CARTESIAN_POINT('',(8.,101.772391992));
#1418 = CARTESIAN_POINT('',(4.3,99.636195996002));
#1419 = ( GEOMETRIC_REPRESENTATION_CONTEXT(2) 
PARAMETRIC_REPRESENTATION_CONTEXT() REPRESENTATION_CONTEXT('2D SPACE',''
  ) );
#1420 = PCURVE('',#1421,#1426);
#1421 = PLANE('',#1422);
#1422 = AXIS2_PLACEMENT_3D('',#1423,#1424,#1425);
#1423 = CARTESIAN_POINT('',(47.136195996002,-1.E-02,4.3));
#1424 = DIRECTION('',(0.866025403784,0.,-0.5));
#1425 = DIRECTION('',(0.5,0.,0.866025403784));
#1426 = DEFINITIONAL_REPRESENTATION('',(#1427),#1430);
#1427 = B_SPLINE_CURVE_WITH_KNOTS('',1,(#1428,#1429),.UNSPECIFIED.,.F.,
  .F.,(2,2),(-31.04339560914,-26.77100361713),.PIECEWISE_BEZIER_KNOTS.);
#1428 = CARTESIAN_POINT('',(4.272391992003,-1.E-02));
#1429 = CARTESIAN_POINT('',(0.,-1.E-02));
#1430 = ( GEOMETRIC_REPRESENTATION_CONTEXT(2) 
PARAMETRIC_REPRESENTATION_CONTEXT() REPRESENTATION_CONTEXT('2D SPACE',''
  ) );
#1431 = FACE_BOUND('',#1432,.F.);
#1432 = EDGE_LOOP('',(#1433));
#1433 = ORIENTED_EDGE('',*,*,#1434,.T.);
#1434 = EDGE_CURVE('',#1435,#1435,#1437,.T.);
#1435 = VERTEX_POINT('',#1436);
#1436 = CARTESIAN_POINT('',(2.25,0.,74.));
#1437 = SURFACE_CURVE('',#1438,(#1443,#1454),.PCURVE_S1.);
#1438 = CIRCLE('',#1439,2.25);
#1439 = AXIS2_PLACEMENT_3D('',#1440,#1441,#1442);
#1440 = CARTESIAN_POINT('',(0.,0.,74.));
#1441 = DIRECTION('',(0.,-1.,0.));
#1442 = DIRECTION('',(1.,0.,0.));
#1443 = PCURVE('',#44,#1444);
#1444 = DEFINITIONAL_REPRESENTATION('',(#1445),#1453);
#1445 = ( BOUNDED_CURVE() B_SPLINE_CURVE(2,(#1446,#1447,#1448,#1449,
#1450,#1451,#1452),.UNSPECIFIED.,.T.,.F.) B_SPLINE_CURVE_WITH_KNOTS((1,2
    ,2,2,2,1),(-2.094395102393,0.,2.094395102393,4.188790204786,
6.28318530718,8.377580409573),.UNSPECIFIED.) CURVE() 
GEOMETRIC_REPRESENTATION_ITEM() RATIONAL_B_SPLINE_CURVE((1.,0.5,1.,0.5,
1.,0.5,1.)) REPRESENTATION_ITEM('') );
#1446 = CARTESIAN_POINT('',(74.,54.75));
#1447 = CARTESIAN_POINT('',(77.89711431703,54.75));
#1448 = CARTESIAN_POINT('',(75.948557158515,51.375));
#1449 = CARTESIAN_POINT('',(74.,48.));
#1450 = CARTESIAN_POINT('',(72.051442841485,51.375));
#1451 = CARTESIAN_POINT('',(70.10288568297,54.75));
#1452 = CARTESIAN_POINT('',(74.,54.75));
#1453 = ( GEOMETRIC_REPRESENTATION_CONTEXT(2) 
PARAMETRIC_REPRESENTATION_CONTEXT() REPRESENTATION_CONTEXT('2D SPACE',''
  ) );
#1454 = PCURVE('',#1455,#1460);
#1455 = CYLINDRICAL_SURFACE('',#1456,2.25);
#1456 = AXIS2_PLACEMENT_3D('',#1457,#1458,#1459);
#1457 = CARTESIAN_POINT('',(0.,-1.,74.));
#1458 = DIRECTION('',(0.,-1.,0.));
#1459 = DIRECTION('',(1.,0.,0.));
#1460 = DEFINITIONAL_REPRESENTATION('',(#1461),#1465);
#1461 = LINE('',#1462,#1463);
#1462 = CARTESIAN_POINT('',(0.,-1.));
#1463 = VECTOR('',#1464,1.);
#1464 = DIRECTION('',(1.,0.));
#1465 = ( GEOMETRIC_REPRESENTATION_CONTEXT(2) 
PARAMETRIC_REPRESENTATION_CONTEXT() REPRESENTATION_CONTEXT('2D SPACE',''
  ) );
#1466 = FACE_BOUND('',#1467,.F.);
#1467 = EDGE_LOOP('',(#1468,#1496,#1522,#1548,#1574,#1600));
#1468 = ORIENTED_EDGE('',*,*,#1469,.F.);
#1469 = EDGE_CURVE('',#1470,#1472,#1474,.T.);
#1470 = VERTEX_POINT('',#1471);
#1471 = CARTESIAN_POINT('',(47.136195996002,0.,61.7));
#1472 = VERTEX_POINT('',#1473);
#1473 = CARTESIAN_POINT('',(49.272391992003,0.,58.));
#1474 = SURFACE_CURVE('',#1475,(#1479,#1485),.PCURVE_S1.);
#1475 = LINE('',#1476,#1477);
#1476 = CARTESIAN_POINT('',(49.108211347877,0.,58.284369217246));
#1477 = VECTOR('',#1478,1.);
#1478 = DIRECTION('',(0.5,0.,-0.866025403784));
#1479 = PCURVE('',#44,#1480);
#1480 = DEFINITIONAL_REPRESENTATION('',(#1481),#1484);
#1481 = B_SPLINE_CURVE_WITH_KNOTS('',1,(#1482,#1483),.UNSPECIFIED.,.F.,
  .F.,(2,2),(-3.944030703751,0.328361288252),.PIECEWISE_BEZIER_KNOTS.);
#1482 = CARTESIAN_POINT('',(61.7,99.636195996002));
#1483 = CARTESIAN_POINT('',(58.,101.772391992));
#1484 = ( GEOMETRIC_REPRESENTATION_CONTEXT(2) 
PARAMETRIC_REPRESENTATION_CONTEXT() REPRESENTATION_CONTEXT('2D SPACE',''
  ) );
#1485 = PCURVE('',#1486,#1491);
#1486 = PLANE('',#1487);
#1487 = AXIS2_PLACEMENT_3D('',#1488,#1489,#1490);
#1488 = CARTESIAN_POINT('',(49.272391992003,-1.E-02,58.));
#1489 = DIRECTION('',(0.866025403784,0.,0.5));
#1490 = DIRECTION('',(-0.5,0.,0.866025403784));
#1491 = DEFINITIONAL_REPRESENTATION('',(#1492),#1495);
#1492 = B_SPLINE_CURVE_WITH_KNOTS('',1,(#1493,#1494),.UNSPECIFIED.,.F.,
  .F.,(2,2),(-3.944030703751,0.328361288252),.PIECEWISE_BEZIER_KNOTS.);
#1493 = CARTESIAN_POINT('',(4.272391992003,-1.E-02));
#1494 = CARTESIAN_POINT('',(0.,-1.E-02));
#1495 = ( GEOMETRIC_REPRESENTATION_CONTEXT(2) 
PARAMETRIC_REPRESENTATION_CONTEXT() REPRESENTATION_CONTEXT('2D SPACE',''
  ) );
#1496 = ORIENTED_EDGE('',*,*,#1497,.F.);
#1497 = EDGE_CURVE('',#1498,#1470,#1500,.T.);
#1498 = VERTEX_POINT('',#1499);
#1499 = CARTESIAN_POINT('',(42.863804003998,0.,61.7));
#1500 = SURFACE_CURVE('',#1501,(#1505,#1511),.PCURVE_S1.);
#1501 = LINE('',#1502,#1503);
#1502 = CARTESIAN_POINT('',(-2.681902001999,0.,61.7));
#1503 = VECTOR('',#1504,1.);
#1504 = DIRECTION('',(1.,0.,-1.039439289937E-16));
#1505 = PCURVE('',#44,#1506);
#1506 = DEFINITIONAL_REPRESENTATION('',(#1507),#1510);
#1507 = B_SPLINE_CURVE_WITH_KNOTS('',1,(#1508,#1509),.UNSPECIFIED.,.F.,
  .F.,(2,2),(45.545706005998,49.818097998001),.PIECEWISE_BEZIER_KNOTS.);
#1508 = CARTESIAN_POINT('',(61.7,95.363804003998));
#1509 = CARTESIAN_POINT('',(61.7,99.636195996002));
#1510 = ( GEOMETRIC_REPRESENTATION_CONTEXT(2) 
PARAMETRIC_REPRESENTATION_CONTEXT() REPRESENTATION_CONTEXT('2D SPACE',''
  ) );
#1511 = PCURVE('',#1512,#1517);
#1512 = PLANE('',#1513);
#1513 = AXIS2_PLACEMENT_3D('',#1514,#1515,#1516);
#1514 = CARTESIAN_POINT('',(47.136195996002,-1.E-02,61.7));
#1515 = DIRECTION('',(1.039439289937E-16,0.,1.));
#1516 = DIRECTION('',(-1.,0.,1.039439289937E-16));
#1517 = DEFINITIONAL_REPRESENTATION('',(#1518),#1521);
#1518 = B_SPLINE_CURVE_WITH_KNOTS('',1,(#1519,#1520),.UNSPECIFIED.,.F.,
  .F.,(2,2),(45.545706005998,49.818097998001),.PIECEWISE_BEZIER_KNOTS.);
#1519 = CARTESIAN_POINT('',(4.272391992003,-1.E-02));
#1520 = CARTESIAN_POINT('',(0.,-1.E-02));
#1521 = ( GEOMETRIC_REPRESENTATION_CONTEXT(2) 
PARAMETRIC_REPRESENTATION_CONTEXT() REPRESENTATION_CONTEXT('2D SPACE',''
  ) );
#1522 = ORIENTED_EDGE('',*,*,#1523,.F.);
#1523 = EDGE_CURVE('',#1524,#1498,#1526,.T.);
#1524 = VERTEX_POINT('',#1525);
#1525 = CARTESIAN_POINT('',(40.727608007997,0.,58.));
#1526 = SURFACE_CURVE('',#1527,(#1531,#1537),.PCURVE_S1.);
#1527 = LINE('',#1528,#1529);
#1528 = CARTESIAN_POINT('',(17.584886650124,0.,17.915630782754));
#1529 = VECTOR('',#1530,1.);
#1530 = DIRECTION('',(0.5,-0.,0.866025403784));
#1531 = PCURVE('',#44,#1532);
#1532 = DEFINITIONAL_REPRESENTATION('',(#1533),#1536);
#1533 = B_SPLINE_CURVE_WITH_KNOTS('',1,(#1534,#1535),.UNSPECIFIED.,.F.,
  .F.,(2,2),(46.285442715746,50.55783470775),.PIECEWISE_BEZIER_KNOTS.);
#1534 = CARTESIAN_POINT('',(58.,93.227608007997));
#1535 = CARTESIAN_POINT('',(61.7,95.363804003998));
#1536 = ( GEOMETRIC_REPRESENTATION_CONTEXT(2) 
PARAMETRIC_REPRESENTATION_CONTEXT() REPRESENTATION_CONTEXT('2D SPACE',''
  ) );
#1537 = PCURVE('',#1538,#1543);
#1538 = PLANE('',#1539);
#1539 = AXIS2_PLACEMENT_3D('',#1540,#1541,#1542);
#1540 = CARTESIAN_POINT('',(42.863804003998,-1.E-02,61.7));
#1541 = DIRECTION('',(-0.866025403784,0.,0.5));
#1542 = DIRECTION('',(-0.5,0.,-0.866025403784));
#1543 = DEFINITIONAL_REPRESENTATION('',(#1544),#1547);
#1544 = B_SPLINE_CURVE_WITH_KNOTS('',1,(#1545,#1546),.UNSPECIFIED.,.F.,
  .F.,(2,2),(46.285442715746,50.55783470775),.PIECEWISE_BEZIER_KNOTS.);
#1545 = CARTESIAN_POINT('',(4.272391992003,-1.E-02));
#1546 = CARTESIAN_POINT('',(0.,-1.E-02));
#1547 = ( GEOMETRIC_REPRESENTATION_CONTEXT(2) 
PARAMETRIC_REPRESENTATION_CONTEXT() REPRESENTATION_CONTEXT('2D SPACE',''
  ) );
#1548 = ORIENTED_EDGE('',*,*,#1549,.F.);
#1549 = EDGE_CURVE('',#1550,#1524,#1552,.T.);
#1550 = VERTEX_POINT('',#1551);
#1551 = CARTESIAN_POINT('',(42.863804003998,0.,54.3));
#1552 = SURFACE_CURVE('',#1553,(#1557,#1563),.PCURVE_S1.);
#1553 = LINE('',#1554,#1555);
#1554 = CARTESIAN_POINT('',(41.631525361872,0.,56.434369217246));
#1555 = VECTOR('',#1556,1.);
#1556 = DIRECTION('',(-0.5,0.,0.866025403784));
#1557 = PCURVE('',#44,#1558);
#1558 = DEFINITIONAL_REPRESENTATION('',(#1559),#1562);
#1559 = B_SPLINE_CURVE_WITH_KNOTS('',1,(#1560,#1561),.UNSPECIFIED.,.F.,
  .F.,(2,2),(-2.464557284254,1.80783470775),.PIECEWISE_BEZIER_KNOTS.);
#1560 = CARTESIAN_POINT('',(54.3,95.363804003998));
#1561 = CARTESIAN_POINT('',(58.,93.227608007997));
#1562 = ( GEOMETRIC_REPRESENTATION_CONTEXT(2) 
PARAMETRIC_REPRESENTATION_CONTEXT() REPRESENTATION_CONTEXT('2D SPACE',''
  ) );
#1563 = PCURVE('',#1564,#1569);
#1564 = PLANE('',#1565);
#1565 = AXIS2_PLACEMENT_3D('',#1566,#1567,#1568);
#1566 = CARTESIAN_POINT('',(40.727608007997,-1.E-02,58.));
#1567 = DIRECTION('',(-0.866025403784,-0.,-0.5));
#1568 = DIRECTION('',(0.5,0.,-0.866025403784));
#1569 = DEFINITIONAL_REPRESENTATION('',(#1570),#1573);
#1570 = B_SPLINE_CURVE_WITH_KNOTS('',1,(#1571,#1572),.UNSPECIFIED.,.F.,
  .F.,(2,2),(-2.464557284254,1.80783470775),.PIECEWISE_BEZIER_KNOTS.);
#1571 = CARTESIAN_POINT('',(4.272391992003,-1.E-02));
#1572 = CARTESIAN_POINT('',(0.,-1.E-02));
#1573 = ( GEOMETRIC_REPRESENTATION_CONTEXT(2) 
PARAMETRIC_REPRESENTATION_CONTEXT() REPRESENTATION_CONTEXT('2D SPACE',''
  ) );
#1574 = ORIENTED_EDGE('',*,*,#1575,.F.);
#1575 = EDGE_CURVE('',#1576,#1550,#1578,.T.);
#1576 = VERTEX_POINT('',#1577);
#1577 = CARTESIAN_POINT('',(47.136195996002,0.,54.3));
#1578 = SURFACE_CURVE('',#1579,(#1583,#1589),.PCURVE_S1.);
#1579 = LINE('',#1580,#1581);
#1580 = CARTESIAN_POINT('',(-4.818097998001,0.,54.3));
#1581 = VECTOR('',#1582,1.);
#1582 = DIRECTION('',(-1.,0.,7.276075029559E-16));
#1583 = PCURVE('',#44,#1584);
#1584 = DEFINITIONAL_REPRESENTATION('',(#1585),#1588);
#1585 = B_SPLINE_CURVE_WITH_KNOTS('',1,(#1586,#1587),.UNSPECIFIED.,.F.,
  .F.,(2,2),(-51.954293994,-47.68190200199),.PIECEWISE_BEZIER_KNOTS.);
#1586 = CARTESIAN_POINT('',(54.3,99.636195996002));
#1587 = CARTESIAN_POINT('',(54.3,95.363804003998));
#1588 = ( GEOMETRIC_REPRESENTATION_CONTEXT(2) 
PARAMETRIC_REPRESENTATION_CONTEXT() REPRESENTATION_CONTEXT('2D SPACE',''
  ) );
#1589 = PCURVE('',#1590,#1595);
#1590 = PLANE('',#1591);
#1591 = AXIS2_PLACEMENT_3D('',#1592,#1593,#1594);
#1592 = CARTESIAN_POINT('',(42.863804003998,-1.E-02,54.3));
#1593 = DIRECTION('',(-7.276075029559E-16,-0.,-1.));
#1594 = DIRECTION('',(1.,0.,-7.276075029559E-16));
#1595 = DEFINITIONAL_REPRESENTATION('',(#1596),#1599);
#1596 = B_SPLINE_CURVE_WITH_KNOTS('',1,(#1597,#1598),.UNSPECIFIED.,.F.,
  .F.,(2,2),(-51.954293994,-47.68190200199),.PIECEWISE_BEZIER_KNOTS.);
#1597 = CARTESIAN_POINT('',(4.272391992003,-1.E-02));
#1598 = CARTESIAN_POINT('',(0.,-1.E-02));
#1599 = ( GEOMETRIC_REPRESENTATION_CONTEXT(2) 
PARAMETRIC_REPRESENTATION_CONTEXT() REPRESENTATION_CONTEXT('2D SPACE',''
  ) );
#1600 = ORIENTED_EDGE('',*,*,#1601,.F.);
#1601 = EDGE_CURVE('',#1472,#1576,#1602,.T.);
#1602 = SURFACE_CURVE('',#1603,(#1607,#1613),.PCURVE_S1.);
#1603 = LINE('',#1604,#1605);
#1604 = CARTESIAN_POINT('',(22.925376640128,0.,12.365630782754));
#1605 = VECTOR('',#1606,1.);
#1606 = DIRECTION('',(-0.5,0.,-0.866025403784));
#1607 = PCURVE('',#44,#1608);
#1608 = DEFINITIONAL_REPRESENTATION('',(#1609),#1612);
#1609 = B_SPLINE_CURVE_WITH_KNOTS('',1,(#1610,#1611),.UNSPECIFIED.,.F.,
  .F.,(2,2),(-52.69403070375,-48.42163871174),.PIECEWISE_BEZIER_KNOTS.);
#1610 = CARTESIAN_POINT('',(58.,101.772391992));
#1611 = CARTESIAN_POINT('',(54.3,99.636195996002));
#1612 = ( GEOMETRIC_REPRESENTATION_CONTEXT(2) 
PARAMETRIC_REPRESENTATION_CONTEXT() REPRESENTATION_CONTEXT('2D SPACE',''
  ) );
#1613 = PCURVE('',#1614,#1619);
#1614 = PLANE('',#1615);
#1615 = AXIS2_PLACEMENT_3D('',#1616,#1617,#1618);
#1616 = CARTESIAN_POINT('',(47.136195996002,-1.E-02,54.3));
#1617 = DIRECTION('',(0.866025403784,0.,-0.5));
#1618 = DIRECTION('',(0.5,0.,0.866025403784));
#1619 = DEFINITIONAL_REPRESENTATION('',(#1620),#1623);
#1620 = B_SPLINE_CURVE_WITH_KNOTS('',1,(#1621,#1622),.UNSPECIFIED.,.F.,
  .F.,(2,2),(-52.69403070375,-48.42163871174),.PIECEWISE_BEZIER_KNOTS.);
#1621 = CARTESIAN_POINT('',(4.272391992003,-1.E-02));
#1622 = CARTESIAN_POINT('',(0.,-1.E-02));
#1623 = ( GEOMETRIC_REPRESENTATION_CONTEXT(2) 
PARAMETRIC_REPRESENTATION_CONTEXT() REPRESENTATION_CONTEXT('2D SPACE',''
  ) );
#1624 = ADVANCED_FACE('',(#1625),#126,.T.);
#1625 = FACE_BOUND('',#1626,.T.);
#1626 = EDGE_LOOP('',(#1627,#1650,#1651,#1652,#1673,#1699,#1718,#1719));
#1627 = ORIENTED_EDGE('',*,*,#1628,.F.);
#1628 = EDGE_CURVE('',#85,#1629,#1631,.T.);
#1629 = VERTEX_POINT('',#1630);
#1630 = CARTESIAN_POINT('',(52.5,33.,66.));
#1631 = SURFACE_CURVE('',#1632,(#1636,#1643),.PCURVE_S1.);
#1632 = LINE('',#1633,#1634);
#1633 = CARTESIAN_POINT('',(-52.5,33.,66.));
#1634 = VECTOR('',#1635,1.);
#1635 = DIRECTION('',(1.,0.,0.));
#1636 = PCURVE('',#126,#1637);
#1637 = DEFINITIONAL_REPRESENTATION('',(#1638),#1642);
#1638 = LINE('',#1639,#1640);
#1639 = CARTESIAN_POINT('',(0.,33.));
#1640 = VECTOR('',#1641,1.);
#1641 = DIRECTION('',(1.,0.));
#1642 = ( GEOMETRIC_REPRESENTATION_CONTEXT(2) 
PARAMETRIC_REPRESENTATION_CONTEXT() REPRESENTATION_CONTEXT('2D SPACE',''
  ) );
#1643 = PCURVE('',#100,#1644);
#1644 = DEFINITIONAL_REPRESENTATION('',(#1645),#1649);
#1645 = LINE('',#1646,#1647);
#1646 = CARTESIAN_POINT('',(66.,0.));
#1647 = VECTOR('',#1648,1.);
#1648 = DIRECTION('',(0.,1.));
#1649 = ( GEOMETRIC_REPRESENTATION_CONTEXT(2) 
PARAMETRIC_REPRESENTATION_CONTEXT() REPRESENTATION_CONTEXT('2D SPACE',''
  ) );
#1650 = ORIENTED_EDGE('',*,*,#112,.F.);
#1651 = ORIENTED_EDGE('',*,*,#193,.T.);
#1652 = ORIENTED_EDGE('',*,*,#1653,.T.);
#1653 = EDGE_CURVE('',#194,#1654,#1656,.T.);
#1654 = VERTEX_POINT('',#1655);
#1655 = CARTESIAN_POINT('',(-15.14285714285,5.,66.));
#1656 = SURFACE_CURVE('',#1657,(#1661,#1667),.PCURVE_S1.);
#1657 = LINE('',#1658,#1659);
#1658 = CARTESIAN_POINT('',(-15.14285714285,2.5,66.));
#1659 = VECTOR('',#1660,1.);
#1660 = DIRECTION('',(-0.,1.,0.));
#1661 = PCURVE('',#126,#1662);
#1662 = DEFINITIONAL_REPRESENTATION('',(#1663),#1666);
#1663 = B_SPLINE_CURVE_WITH_KNOTS('',1,(#1664,#1665),.UNSPECIFIED.,.F.,
  .F.,(2,2),(-2.5,2.5),.PIECEWISE_BEZIER_KNOTS.);
#1664 = CARTESIAN_POINT('',(37.357142857143,0.));
#1665 = CARTESIAN_POINT('',(37.357142857143,5.));
#1666 = ( GEOMETRIC_REPRESENTATION_CONTEXT(2) 
PARAMETRIC_REPRESENTATION_CONTEXT() REPRESENTATION_CONTEXT('2D SPACE',''
  ) );
#1667 = PCURVE('',#232,#1668);
#1668 = DEFINITIONAL_REPRESENTATION('',(#1669),#1672);
#1669 = B_SPLINE_CURVE_WITH_KNOTS('',1,(#1670,#1671),.UNSPECIFIED.,.F.,
  .F.,(2,2),(-2.5,2.5),.PIECEWISE_BEZIER_KNOTS.);
#1670 = CARTESIAN_POINT('',(9.510466844053,-5.));
#1671 = CARTESIAN_POINT('',(9.510466844053,0.));
#1672 = ( GEOMETRIC_REPRESENTATION_CONTEXT(2) 
PARAMETRIC_REPRESENTATION_CONTEXT() REPRESENTATION_CONTEXT('2D SPACE',''
  ) );
#1673 = ORIENTED_EDGE('',*,*,#1674,.T.);
#1674 = EDGE_CURVE('',#1654,#1675,#1677,.T.);
#1675 = VERTEX_POINT('',#1676);
#1676 = CARTESIAN_POINT('',(15.142857142857,5.,66.));
#1677 = SURFACE_CURVE('',#1678,(#1682,#1688),.PCURVE_S1.);
#1678 = LINE('',#1679,#1680);
#1679 = CARTESIAN_POINT('',(-26.25,5.,66.));
#1680 = VECTOR('',#1681,1.);
#1681 = DIRECTION('',(1.,0.,0.));
#1682 = PCURVE('',#126,#1683);
#1683 = DEFINITIONAL_REPRESENTATION('',(#1684),#1687);
#1684 = B_SPLINE_CURVE_WITH_KNOTS('',1,(#1685,#1686),.UNSPECIFIED.,.F.,
  .F.,(2,2),(7.25,45.25),.PIECEWISE_BEZIER_KNOTS.);
#1685 = CARTESIAN_POINT('',(33.5,5.));
#1686 = CARTESIAN_POINT('',(71.5,5.));
#1687 = ( GEOMETRIC_REPRESENTATION_CONTEXT(2) 
PARAMETRIC_REPRESENTATION_CONTEXT() REPRESENTATION_CONTEXT('2D SPACE',''
  ) );
#1688 = PCURVE('',#1689,#1694);
#1689 = PLANE('',#1690);
#1690 = AXIS2_PLACEMENT_3D('',#1691,#1692,#1693);
#1691 = CARTESIAN_POINT('',(-2.734880265079E-16,5.,74.));
#1692 = DIRECTION('',(-0.,-1.,-0.));
#1693 = DIRECTION('',(0.,0.,-1.));
#1694 = DEFINITIONAL_REPRESENTATION('',(#1695),#1698);
#1695 = B_SPLINE_CURVE_WITH_KNOTS('',1,(#1696,#1697),.UNSPECIFIED.,.F.,
  .F.,(2,2),(7.25,45.25),.PIECEWISE_BEZIER_KNOTS.);
#1696 = CARTESIAN_POINT('',(8.,-19.));
#1697 = CARTESIAN_POINT('',(8.,19.));
#1698 = ( GEOMETRIC_REPRESENTATION_CONTEXT(2) 
PARAMETRIC_REPRESENTATION_CONTEXT() REPRESENTATION_CONTEXT('2D SPACE',''
  ) );
#1699 = ORIENTED_EDGE('',*,*,#1700,.T.);
#1700 = EDGE_CURVE('',#1675,#278,#1701,.T.);
#1701 = SURFACE_CURVE('',#1702,(#1706,#1712),.PCURVE_S1.);
#1702 = LINE('',#1703,#1704);
#1703 = CARTESIAN_POINT('',(15.142857142857,2.5,66.));
#1704 = VECTOR('',#1705,1.);
#1705 = DIRECTION('',(0.,-1.,0.));
#1706 = PCURVE('',#126,#1707);
#1707 = DEFINITIONAL_REPRESENTATION('',(#1708),#1711);
#1708 = B_SPLINE_CURVE_WITH_KNOTS('',1,(#1709,#1710),.UNSPECIFIED.,.F.,
  .F.,(2,2),(-2.5,2.5),.PIECEWISE_BEZIER_KNOTS.);
#1709 = CARTESIAN_POINT('',(67.642857142857,5.));
#1710 = CARTESIAN_POINT('',(67.642857142857,0.));
#1711 = ( GEOMETRIC_REPRESENTATION_CONTEXT(2) 
PARAMETRIC_REPRESENTATION_CONTEXT() REPRESENTATION_CONTEXT('2D SPACE',''
  ) );
#1712 = PCURVE('',#293,#1713);
#1713 = DEFINITIONAL_REPRESENTATION('',(#1714),#1717);
#1714 = B_SPLINE_CURVE_WITH_KNOTS('',1,(#1715,#1716),.UNSPECIFIED.,.F.,
  .F.,(2,2),(-2.5,2.5),.PIECEWISE_BEZIER_KNOTS.);
#1715 = CARTESIAN_POINT('',(7.13285013304,0.));
#1716 = CARTESIAN_POINT('',(7.13285013304,-5.));
#1717 = ( GEOMETRIC_REPRESENTATION_CONTEXT(2) 
PARAMETRIC_REPRESENTATION_CONTEXT() REPRESENTATION_CONTEXT('2D SPACE',''
  ) );
#1718 = ORIENTED_EDGE('',*,*,#305,.T.);
#1719 = ORIENTED_EDGE('',*,*,#1720,.T.);
#1720 = EDGE_CURVE('',#144,#1629,#1721,.T.);
#1721 = SURFACE_CURVE('',#1722,(#1726,#1733),.PCURVE_S1.);
#1722 = LINE('',#1723,#1724);
#1723 = CARTESIAN_POINT('',(52.5,0.,66.));
#1724 = VECTOR('',#1725,1.);
#1725 = DIRECTION('',(0.,1.,0.));
#1726 = PCURVE('',#126,#1727);
#1727 = DEFINITIONAL_REPRESENTATION('',(#1728),#1732);
#1728 = LINE('',#1729,#1730);
#1729 = CARTESIAN_POINT('',(105.,0.));
#1730 = VECTOR('',#1731,1.);
#1731 = DIRECTION('',(0.,1.));
#1732 = ( GEOMETRIC_REPRESENTATION_CONTEXT(2) 
PARAMETRIC_REPRESENTATION_CONTEXT() REPRESENTATION_CONTEXT('2D SPACE',''
  ) );
#1733 = PCURVE('',#159,#1734);
#1734 = DEFINITIONAL_REPRESENTATION('',(#1735),#1739);
#1735 = LINE('',#1736,#1737);
#1736 = CARTESIAN_POINT('',(66.,0.));
#1737 = VECTOR('',#1738,1.);
#1738 = DIRECTION('',(0.,-1.));
#1739 = ( GEOMETRIC_REPRESENTATION_CONTEXT(2) 
PARAMETRIC_REPRESENTATION_CONTEXT() REPRESENTATION_CONTEXT('2D SPACE',''
  ) );
#1740 = ADVANCED_FACE('',(#1741,#1789,#1824,#1859,#1894,#2228),#100,.T.
  );
#1741 = FACE_BOUND('',#1742,.T.);
#1742 = EDGE_LOOP('',(#1743,#1766,#1767,#1768));
#1743 = ORIENTED_EDGE('',*,*,#1744,.F.);
#1744 = EDGE_CURVE('',#57,#1745,#1747,.T.);
#1745 = VERTEX_POINT('',#1746);
#1746 = CARTESIAN_POINT('',(52.5,33.,0.));
#1747 = SURFACE_CURVE('',#1748,(#1752,#1759),.PCURVE_S1.);
#1748 = LINE('',#1749,#1750);
#1749 = CARTESIAN_POINT('',(-52.5,33.,0.));
#1750 = VECTOR('',#1751,1.);
#1751 = DIRECTION('',(1.,0.,0.));
#1752 = PCURVE('',#100,#1753);
#1753 = DEFINITIONAL_REPRESENTATION('',(#1754),#1758);
#1754 = LINE('',#1755,#1756);
#1755 = CARTESIAN_POINT('',(0.,0.));
#1756 = VECTOR('',#1757,1.);
#1757 = DIRECTION('',(0.,1.));
#1758 = ( GEOMETRIC_REPRESENTATION_CONTEXT(2) 
PARAMETRIC_REPRESENTATION_CONTEXT() REPRESENTATION_CONTEXT('2D SPACE',''
  ) );
#1759 = PCURVE('',#72,#1760);
#1760 = DEFINITIONAL_REPRESENTATION('',(#1761),#1765);
#1761 = LINE('',#1762,#1763);
#1762 = CARTESIAN_POINT('',(0.,33.));
#1763 = VECTOR('',#1764,1.);
#1764 = DIRECTION('',(1.,0.));
#1765 = ( GEOMETRIC_REPRESENTATION_CONTEXT(2) 
PARAMETRIC_REPRESENTATION_CONTEXT() REPRESENTATION_CONTEXT('2D SPACE',''
  ) );
#1766 = ORIENTED_EDGE('',*,*,#84,.T.);
#1767 = ORIENTED_EDGE('',*,*,#1628,.T.);
#1768 = ORIENTED_EDGE('',*,*,#1769,.F.);
#1769 = EDGE_CURVE('',#1745,#1629,#1770,.T.);
#1770 = SURFACE_CURVE('',#1771,(#1775,#1782),.PCURVE_S1.);
#1771 = LINE('',#1772,#1773);
#1772 = CARTESIAN_POINT('',(52.5,33.,0.));
#1773 = VECTOR('',#1774,1.);
#1774 = DIRECTION('',(0.,0.,1.));
#1775 = PCURVE('',#100,#1776);
#1776 = DEFINITIONAL_REPRESENTATION('',(#1777),#1781);
#1777 = LINE('',#1778,#1779);
#1778 = CARTESIAN_POINT('',(0.,105.));
#1779 = VECTOR('',#1780,1.);
#1780 = DIRECTION('',(1.,0.));
#1781 = ( GEOMETRIC_REPRESENTATION_CONTEXT(2) 
PARAMETRIC_REPRESENTATION_CONTEXT() REPRESENTATION_CONTEXT('2D SPACE',''
  ) );
#1782 = PCURVE('',#159,#1783);
#1783 = DEFINITIONAL_REPRESENTATION('',(#1784),#1788);
#1784 = LINE('',#1785,#1786);
#1785 = CARTESIAN_POINT('',(0.,-33.));
#1786 = VECTOR('',#1787,1.);
#1787 = DIRECTION('',(1.,0.));
#1788 = ( GEOMETRIC_REPRESENTATION_CONTEXT(2) 
PARAMETRIC_REPRESENTATION_CONTEXT() REPRESENTATION_CONTEXT('2D SPACE',''
  ) );
#1789 = FACE_BOUND('',#1790,.T.);
#1790 = EDGE_LOOP('',(#1791));
#1791 = ORIENTED_EDGE('',*,*,#1792,.T.);
#1792 = EDGE_CURVE('',#1793,#1793,#1795,.T.);
#1793 = VERTEX_POINT('',#1794);
#1794 = CARTESIAN_POINT('',(-42.75,33.,8.));
#1795 = SURFACE_CURVE('',#1796,(#1801,#1812),.PCURVE_S1.);
#1796 = CIRCLE('',#1797,2.25);
#1797 = AXIS2_PLACEMENT_3D('',#1798,#1799,#1800);
#1798 = CARTESIAN_POINT('',(-45.,33.,8.));
#1799 = DIRECTION('',(0.,-1.,0.));
#1800 = DIRECTION('',(1.,0.,0.));
#1801 = PCURVE('',#100,#1802);
#1802 = DEFINITIONAL_REPRESENTATION('',(#1803),#1811);
#1803 = ( BOUNDED_CURVE() B_SPLINE_CURVE(2,(#1804,#1805,#1806,#1807,
#1808,#1809,#1810),.UNSPECIFIED.,.T.,.F.) B_SPLINE_CURVE_WITH_KNOTS((1,2
    ,2,2,2,1),(-2.094395102393,0.,2.094395102393,4.188790204786,
6.28318530718,8.377580409573),.UNSPECIFIED.) CURVE() 
GEOMETRIC_REPRESENTATION_ITEM() RATIONAL_B_SPLINE_CURVE((1.,0.5,1.,0.5,
1.,0.5,1.)) REPRESENTATION_ITEM('') );
#1804 = CARTESIAN_POINT('',(8.,9.75));
#1805 = CARTESIAN_POINT('',(11.89711431703,9.75));
#1806 = CARTESIAN_POINT('',(9.948557158515,6.375));
#1807 = CARTESIAN_POINT('',(8.,3.));
#1808 = CARTESIAN_POINT('',(6.051442841485,6.375));
#1809 = CARTESIAN_POINT('',(4.10288568297,9.75));
#1810 = CARTESIAN_POINT('',(8.,9.75));
#1811 = ( GEOMETRIC_REPRESENTATION_CONTEXT(2) 
PARAMETRIC_REPRESENTATION_CONTEXT() REPRESENTATION_CONTEXT('2D SPACE',''
  ) );
#1812 = PCURVE('',#1813,#1818);
#1813 = CYLINDRICAL_SURFACE('',#1814,2.25);
#1814 = AXIS2_PLACEMENT_3D('',#1815,#1816,#1817);
#1815 = CARTESIAN_POINT('',(-45.,-1.,8.));
#1816 = DIRECTION('',(0.,-1.,0.));
#1817 = DIRECTION('',(1.,0.,0.));
#1818 = DEFINITIONAL_REPRESENTATION('',(#1819),#1823);
#1819 = LINE('',#1820,#1821);
#1820 = CARTESIAN_POINT('',(0.,-34.));
#1821 = VECTOR('',#1822,1.);
#1822 = DIRECTION('',(1.,0.));
#1823 = ( GEOMETRIC_REPRESENTATION_CONTEXT(2) 
PARAMETRIC_REPRESENTATION_CONTEXT() REPRESENTATION_CONTEXT('2D SPACE',''
  ) );
#1824 = FACE_BOUND('',#1825,.T.);
#1825 = EDGE_LOOP('',(#1826));
#1826 = ORIENTED_EDGE('',*,*,#1827,.T.);
#1827 = EDGE_CURVE('',#1828,#1828,#1830,.T.);
#1828 = VERTEX_POINT('',#1829);
#1829 = CARTESIAN_POINT('',(-42.75,33.,58.));
#1830 = SURFACE_CURVE('',#1831,(#1836,#1847),.PCURVE_S1.);
#1831 = CIRCLE('',#1832,2.25);
#1832 = AXIS2_PLACEMENT_3D('',#1833,#1834,#1835);
#1833 = CARTESIAN_POINT('',(-45.,33.,58.));
#1834 = DIRECTION('',(0.,-1.,0.));
#1835 = DIRECTION('',(1.,0.,0.));
#1836 = PCURVE('',#100,#1837);
#1837 = DEFINITIONAL_REPRESENTATION('',(#1838),#1846);
#1838 = ( BOUNDED_CURVE() B_SPLINE_CURVE(2,(#1839,#1840,#1841,#1842,
#1843,#1844,#1845),.UNSPECIFIED.,.T.,.F.) B_SPLINE_CURVE_WITH_KNOTS((1,2
    ,2,2,2,1),(-2.094395102393,0.,2.094395102393,4.188790204786,
6.28318530718,8.377580409573),.UNSPECIFIED.) CURVE() 
GEOMETRIC_REPRESENTATION_ITEM() RATIONAL_B_SPLINE_CURVE((1.,0.5,1.,0.5,
1.,0.5,1.)) REPRESENTATION_ITEM('') );
#1839 = CARTESIAN_POINT('',(58.,9.75));
#1840 = CARTESIAN_POINT('',(61.89711431703,9.75));
#1841 = CARTESIAN_POINT('',(59.948557158515,6.375));
#1842 = CARTESIAN_POINT('',(58.,3.));
#1843 = CARTESIAN_POINT('',(56.051442841485,6.375));
#1844 = CARTESIAN_POINT('',(54.10288568297,9.75));
#1845 = CARTESIAN_POINT('',(58.,9.75));
#1846 = ( GEOMETRIC_REPRESENTATION_CONTEXT(2) 
PARAMETRIC_REPRESENTATION_CONTEXT() REPRESENTATION_CONTEXT('2D SPACE',''
  ) );
#1847 = PCURVE('',#1848,#1853);
#1848 = CYLINDRICAL_SURFACE('',#1849,2.25);
#1849 = AXIS2_PLACEMENT_3D('',#1850,#1851,#1852);
#1850 = CARTESIAN_POINT('',(-45.,-1.,58.));
#1851 = DIRECTION('',(0.,-1.,0.));
#1852 = DIRECTION('',(1.,0.,0.));
#1853 = DEFINITIONAL_REPRESENTATION('',(#1854),#1858);
#1854 = LINE('',#1855,#1856);
#1855 = CARTESIAN_POINT('',(0.,-34.));
#1856 = VECTOR('',#1857,1.);
#1857 = DIRECTION('',(1.,0.));
#1858 = ( GEOMETRIC_REPRESENTATION_CONTEXT(2) 
PARAMETRIC_REPRESENTATION_CONTEXT() REPRESENTATION_CONTEXT('2D SPACE',''
  ) );
#1859 = FACE_BOUND('',#1860,.T.);
#1860 = EDGE_LOOP('',(#1861));
#1861 = ORIENTED_EDGE('',*,*,#1862,.T.);
#1862 = EDGE_CURVE('',#1863,#1863,#1865,.T.);
#1863 = VERTEX_POINT('',#1864);
#1864 = CARTESIAN_POINT('',(47.25,33.,8.));
#1865 = SURFACE_CURVE('',#1866,(#1871,#1882),.PCURVE_S1.);
#1866 = CIRCLE('',#1867,2.25);
#1867 = AXIS2_PLACEMENT_3D('',#1868,#1869,#1870);
#1868 = CARTESIAN_POINT('',(45.,33.,8.));
#1869 = DIRECTION('',(0.,-1.,0.));
#1870 = DIRECTION('',(1.,0.,0.));
#1871 = PCURVE('',#100,#1872);
#1872 = DEFINITIONAL_REPRESENTATION('',(#1873),#1881);
#1873 = ( BOUNDED_CURVE() B_SPLINE_CURVE(2,(#1874,#1875,#1876,#1877,
#1878,#1879,#1880),.UNSPECIFIED.,.T.,.F.) B_SPLINE_CURVE_WITH_KNOTS((1,2
    ,2,2,2,1),(-2.094395102393,0.,2.094395102393,4.188790204786,
6.28318530718,8.377580409573),.UNSPECIFIED.) CURVE() 
GEOMETRIC_REPRESENTATION_ITEM() RATIONAL_B_SPLINE_CURVE((1.,0.5,1.,0.5,
1.,0.5,1.)) REPRESENTATION_ITEM('') );
#1874 = CARTESIAN_POINT('',(8.,99.75));
#1875 = CARTESIAN_POINT('',(11.89711431703,99.75));
#1876 = CARTESIAN_POINT('',(9.948557158515,96.375));
#1877 = CARTESIAN_POINT('',(8.,93.));
#1878 = CARTESIAN_POINT('',(6.051442841485,96.375));
#1879 = CARTESIAN_POINT('',(4.10288568297,99.75));
#1880 = CARTESIAN_POINT('',(8.,99.75));
#1881 = ( GEOMETRIC_REPRESENTATION_CONTEXT(2) 
PARAMETRIC_REPRESENTATION_CONTEXT() REPRESENTATION_CONTEXT('2D SPACE',''
  ) );
#1882 = PCURVE('',#1883,#1888);
#1883 = CYLINDRICAL_SURFACE('',#1884,2.25);
#1884 = AXIS2_PLACEMENT_3D('',#1885,#1886,#1887);
#1885 = CARTESIAN_POINT('',(45.,-1.,8.));
#1886 = DIRECTION('',(0.,-1.,0.));
#1887 = DIRECTION('',(1.,0.,0.));
#1888 = DEFINITIONAL_REPRESENTATION('',(#1889),#1893);
#1889 = LINE('',#1890,#1891);
#1890 = CARTESIAN_POINT('',(0.,-34.));
#1891 = VECTOR('',#1892,1.);
#1892 = DIRECTION('',(1.,0.));
#1893 = ( GEOMETRIC_REPRESENTATION_CONTEXT(2) 
PARAMETRIC_REPRESENTATION_CONTEXT() REPRESENTATION_CONTEXT('2D SPACE',''
  ) );
#1894 = FACE_BOUND('',#1895,.T.);
#1895 = EDGE_LOOP('',(#1896,#1925,#1953,#1981,#2008,#2036,#2064,#2091,
    #2119,#2147,#2174,#2202));
#1896 = ORIENTED_EDGE('',*,*,#1897,.F.);
#1897 = EDGE_CURVE('',#1898,#1900,#1902,.T.);
#1898 = VERTEX_POINT('',#1899);
#1899 = CARTESIAN_POINT('',(-40.,33.,63.));
#1900 = VERTEX_POINT('',#1901);
#1901 = CARTESIAN_POINT('',(40.,33.,63.));
#1902 = SURFACE_CURVE('',#1903,(#1907,#1914),.PCURVE_S1.);
#1903 = LINE('',#1904,#1905);
#1904 = CARTESIAN_POINT('',(-51.25,33.,63.));
#1905 = VECTOR('',#1906,1.);
#1906 = DIRECTION('',(1.,0.,0.));
#1907 = PCURVE('',#100,#1908);
#1908 = DEFINITIONAL_REPRESENTATION('',(#1909),#1913);
#1909 = LINE('',#1910,#1911);
#1910 = CARTESIAN_POINT('',(63.,1.25));
#1911 = VECTOR('',#1912,1.);
#1912 = DIRECTION('',(0.,1.));
#1913 = ( GEOMETRIC_REPRESENTATION_CONTEXT(2) 
PARAMETRIC_REPRESENTATION_CONTEXT() REPRESENTATION_CONTEXT('2D SPACE',''
  ) );
#1914 = PCURVE('',#1915,#1920);
#1915 = PLANE('',#1916);
#1916 = AXIS2_PLACEMENT_3D('',#1917,#1918,#1919);
#1917 = CARTESIAN_POINT('',(-50.,3.,63.));
#1918 = DIRECTION('',(0.,0.,1.));
#1919 = DIRECTION('',(1.,0.,0.));
#1920 = DEFINITIONAL_REPRESENTATION('',(#1921),#1924);
#1921 = B_SPLINE_CURVE_WITH_KNOTS('',1,(#1922,#1923),.UNSPECIFIED.,.F.,
  .F.,(2,2),(1.25,101.25),.PIECEWISE_BEZIER_KNOTS.);
#1922 = CARTESIAN_POINT('',(0.,30.));
#1923 = CARTESIAN_POINT('',(100.,30.));
#1924 = ( GEOMETRIC_REPRESENTATION_CONTEXT(2) 
PARAMETRIC_REPRESENTATION_CONTEXT() REPRESENTATION_CONTEXT('2D SPACE',''
  ) );
#1925 = ORIENTED_EDGE('',*,*,#1926,.F.);
#1926 = EDGE_CURVE('',#1927,#1898,#1929,.T.);
#1927 = VERTEX_POINT('',#1928);
#1928 = CARTESIAN_POINT('',(-40.,33.,53.));
#1929 = SURFACE_CURVE('',#1930,(#1934,#1941),.PCURVE_S1.);
#1930 = LINE('',#1931,#1932);
#1931 = CARTESIAN_POINT('',(-40.,33.,53.));
#1932 = VECTOR('',#1933,1.);
#1933 = DIRECTION('',(0.,0.,1.));
#1934 = PCURVE('',#100,#1935);
#1935 = DEFINITIONAL_REPRESENTATION('',(#1936),#1940);
#1936 = LINE('',#1937,#1938);
#1937 = CARTESIAN_POINT('',(53.,12.5));
#1938 = VECTOR('',#1939,1.);
#1939 = DIRECTION('',(1.,0.));
#1940 = ( GEOMETRIC_REPRESENTATION_CONTEXT(2) 
PARAMETRIC_REPRESENTATION_CONTEXT() REPRESENTATION_CONTEXT('2D SPACE',''
  ) );
#1941 = PCURVE('',#1942,#1947);
#1942 = PLANE('',#1943);
#1943 = AXIS2_PLACEMENT_3D('',#1944,#1945,#1946);
#1944 = CARTESIAN_POINT('',(-40.,3.,53.));
#1945 = DIRECTION('',(1.,0.,0.));
#1946 = DIRECTION('',(0.,0.,1.));
#1947 = DEFINITIONAL_REPRESENTATION('',(#1948),#1952);
#1948 = LINE('',#1949,#1950);
#1949 = CARTESIAN_POINT('',(0.,-30.));
#1950 = VECTOR('',#1951,1.);
#1951 = DIRECTION('',(1.,0.));
#1952 = ( GEOMETRIC_REPRESENTATION_CONTEXT(2) 
PARAMETRIC_REPRESENTATION_CONTEXT() REPRESENTATION_CONTEXT('2D SPACE',''
  ) );
#1953 = ORIENTED_EDGE('',*,*,#1954,.F.);
#1954 = EDGE_CURVE('',#1955,#1927,#1957,.T.);
#1955 = VERTEX_POINT('',#1956);
#1956 = CARTESIAN_POINT('',(-50.,33.,53.));
#1957 = SURFACE_CURVE('',#1958,(#1962,#1969),.PCURVE_S1.);
#1958 = LINE('',#1959,#1960);
#1959 = CARTESIAN_POINT('',(-50.,33.,53.));
#1960 = VECTOR('',#1961,1.);
#1961 = DIRECTION('',(1.,0.,0.));
#1962 = PCURVE('',#100,#1963);
#1963 = DEFINITIONAL_REPRESENTATION('',(#1964),#1968);
#1964 = LINE('',#1965,#1966);
#1965 = CARTESIAN_POINT('',(53.,2.5));
#1966 = VECTOR('',#1967,1.);
#1967 = DIRECTION('',(0.,1.));
#1968 = ( GEOMETRIC_REPRESENTATION_CONTEXT(2) 
PARAMETRIC_REPRESENTATION_CONTEXT() REPRESENTATION_CONTEXT('2D SPACE',''
  ) );
#1969 = PCURVE('',#1970,#1975);
#1970 = PLANE('',#1971);
#1971 = AXIS2_PLACEMENT_3D('',#1972,#1973,#1974);
#1972 = CARTESIAN_POINT('',(-50.,3.,53.));
#1973 = DIRECTION('',(0.,0.,1.));
#1974 = DIRECTION('',(1.,0.,0.));
#1975 = DEFINITIONAL_REPRESENTATION('',(#1976),#1980);
#1976 = LINE('',#1977,#1978);
#1977 = CARTESIAN_POINT('',(0.,30.));
#1978 = VECTOR('',#1979,1.);
#1979 = DIRECTION('',(1.,0.));
#1980 = ( GEOMETRIC_REPRESENTATION_CONTEXT(2) 
PARAMETRIC_REPRESENTATION_CONTEXT() REPRESENTATION_CONTEXT('2D SPACE',''
  ) );
#1981 = ORIENTED_EDGE('',*,*,#1982,.T.);
#1982 = EDGE_CURVE('',#1955,#1983,#1985,.T.);
#1983 = VERTEX_POINT('',#1984);
#1984 = CARTESIAN_POINT('',(-50.,33.,13.));
#1985 = SURFACE_CURVE('',#1986,(#1990,#1997),.PCURVE_S1.);
#1986 = LINE('',#1987,#1988);
#1987 = CARTESIAN_POINT('',(-50.,33.,1.5));
#1988 = VECTOR('',#1989,1.);
#1989 = DIRECTION('',(0.,0.,-1.));
#1990 = PCURVE('',#100,#1991);
#1991 = DEFINITIONAL_REPRESENTATION('',(#1992),#1996);
#1992 = LINE('',#1993,#1994);
#1993 = CARTESIAN_POINT('',(1.5,2.5));
#1994 = VECTOR('',#1995,1.);
#1995 = DIRECTION('',(-1.,0.));
#1996 = ( GEOMETRIC_REPRESENTATION_CONTEXT(2) 
PARAMETRIC_REPRESENTATION_CONTEXT() REPRESENTATION_CONTEXT('2D SPACE',''
  ) );
#1997 = PCURVE('',#1998,#2003);
#1998 = PLANE('',#1999);
#1999 = AXIS2_PLACEMENT_3D('',#2000,#2001,#2002);
#2000 = CARTESIAN_POINT('',(-50.,3.,3.));
#2001 = DIRECTION('',(1.,0.,0.));
#2002 = DIRECTION('',(0.,0.,1.));
#2003 = DEFINITIONAL_REPRESENTATION('',(#2004),#2007);
#2004 = B_SPLINE_CURVE_WITH_KNOTS('',1,(#2005,#2006),.UNSPECIFIED.,.F.,
  .F.,(2,2),(-61.5,-1.5),.PIECEWISE_BEZIER_KNOTS.);
#2005 = CARTESIAN_POINT('',(60.,-30.));
#2006 = CARTESIAN_POINT('',(0.,-30.));
#2007 = ( GEOMETRIC_REPRESENTATION_CONTEXT(2) 
PARAMETRIC_REPRESENTATION_CONTEXT() REPRESENTATION_CONTEXT('2D SPACE',''
  ) );
#2008 = ORIENTED_EDGE('',*,*,#2009,.T.);
#2009 = EDGE_CURVE('',#1983,#2010,#2012,.T.);
#2010 = VERTEX_POINT('',#2011);
#2011 = CARTESIAN_POINT('',(-40.,33.,13.));
#2012 = SURFACE_CURVE('',#2013,(#2017,#2024),.PCURVE_S1.);
#2013 = LINE('',#2014,#2015);
#2014 = CARTESIAN_POINT('',(-50.,33.,13.));
#2015 = VECTOR('',#2016,1.);
#2016 = DIRECTION('',(1.,0.,0.));
#2017 = PCURVE('',#100,#2018);
#2018 = DEFINITIONAL_REPRESENTATION('',(#2019),#2023);
#2019 = LINE('',#2020,#2021);
#2020 = CARTESIAN_POINT('',(13.,2.5));
#2021 = VECTOR('',#2022,1.);
#2022 = DIRECTION('',(0.,1.));
#2023 = ( GEOMETRIC_REPRESENTATION_CONTEXT(2) 
PARAMETRIC_REPRESENTATION_CONTEXT() REPRESENTATION_CONTEXT('2D SPACE',''
  ) );
#2024 = PCURVE('',#2025,#2030);
#2025 = PLANE('',#2026);
#2026 = AXIS2_PLACEMENT_3D('',#2027,#2028,#2029);
#2027 = CARTESIAN_POINT('',(-50.,3.,13.));
#2028 = DIRECTION('',(0.,0.,1.));
#2029 = DIRECTION('',(1.,0.,0.));
#2030 = DEFINITIONAL_REPRESENTATION('',(#2031),#2035);
#2031 = LINE('',#2032,#2033);
#2032 = CARTESIAN_POINT('',(0.,30.));
#2033 = VECTOR('',#2034,1.);
#2034 = DIRECTION('',(1.,0.));
#2035 = ( GEOMETRIC_REPRESENTATION_CONTEXT(2) 
PARAMETRIC_REPRESENTATION_CONTEXT() REPRESENTATION_CONTEXT('2D SPACE',''
  ) );
#2036 = ORIENTED_EDGE('',*,*,#2037,.F.);
#2037 = EDGE_CURVE('',#2038,#2010,#2040,.T.);
#2038 = VERTEX_POINT('',#2039);
#2039 = CARTESIAN_POINT('',(-40.,33.,3.));
#2040 = SURFACE_CURVE('',#2041,(#2045,#2052),.PCURVE_S1.);
#2041 = LINE('',#2042,#2043);
#2042 = CARTESIAN_POINT('',(-40.,33.,3.));
#2043 = VECTOR('',#2044,1.);
#2044 = DIRECTION('',(0.,0.,1.));
#2045 = PCURVE('',#100,#2046);
#2046 = DEFINITIONAL_REPRESENTATION('',(#2047),#2051);
#2047 = LINE('',#2048,#2049);
#2048 = CARTESIAN_POINT('',(3.,12.5));
#2049 = VECTOR('',#2050,1.);
#2050 = DIRECTION('',(1.,0.));
#2051 = ( GEOMETRIC_REPRESENTATION_CONTEXT(2) 
PARAMETRIC_REPRESENTATION_CONTEXT() REPRESENTATION_CONTEXT('2D SPACE',''
  ) );
#2052 = PCURVE('',#2053,#2058);
#2053 = PLANE('',#2054);
#2054 = AXIS2_PLACEMENT_3D('',#2055,#2056,#2057);
#2055 = CARTESIAN_POINT('',(-40.,3.,3.));
#2056 = DIRECTION('',(1.,0.,0.));
#2057 = DIRECTION('',(0.,0.,1.));
#2058 = DEFINITIONAL_REPRESENTATION('',(#2059),#2063);
#2059 = LINE('',#2060,#2061);
#2060 = CARTESIAN_POINT('',(0.,-30.));
#2061 = VECTOR('',#2062,1.);
#2062 = DIRECTION('',(1.,0.));
#2063 = ( GEOMETRIC_REPRESENTATION_CONTEXT(2) 
PARAMETRIC_REPRESENTATION_CONTEXT() REPRESENTATION_CONTEXT('2D SPACE',''
  ) );
#2064 = ORIENTED_EDGE('',*,*,#2065,.T.);
#2065 = EDGE_CURVE('',#2038,#2066,#2068,.T.);
#2066 = VERTEX_POINT('',#2067);
#2067 = CARTESIAN_POINT('',(40.,33.,3.));
#2068 = SURFACE_CURVE('',#2069,(#2073,#2080),.PCURVE_S1.);
#2069 = LINE('',#2070,#2071);
#2070 = CARTESIAN_POINT('',(-51.25,33.,3.));
#2071 = VECTOR('',#2072,1.);
#2072 = DIRECTION('',(1.,0.,0.));
#2073 = PCURVE('',#100,#2074);
#2074 = DEFINITIONAL_REPRESENTATION('',(#2075),#2079);
#2075 = LINE('',#2076,#2077);
#2076 = CARTESIAN_POINT('',(3.,1.25));
#2077 = VECTOR('',#2078,1.);
#2078 = DIRECTION('',(0.,1.));
#2079 = ( GEOMETRIC_REPRESENTATION_CONTEXT(2) 
PARAMETRIC_REPRESENTATION_CONTEXT() REPRESENTATION_CONTEXT('2D SPACE',''
  ) );
#2080 = PCURVE('',#2081,#2086);
#2081 = PLANE('',#2082);
#2082 = AXIS2_PLACEMENT_3D('',#2083,#2084,#2085);
#2083 = CARTESIAN_POINT('',(-50.,3.,3.));
#2084 = DIRECTION('',(0.,0.,1.));
#2085 = DIRECTION('',(1.,0.,0.));
#2086 = DEFINITIONAL_REPRESENTATION('',(#2087),#2090);
#2087 = B_SPLINE_CURVE_WITH_KNOTS('',1,(#2088,#2089),.UNSPECIFIED.,.F.,
  .F.,(2,2),(1.25,101.25),.PIECEWISE_BEZIER_KNOTS.);
#2088 = CARTESIAN_POINT('',(0.,30.));
#2089 = CARTESIAN_POINT('',(100.,30.));
#2090 = ( GEOMETRIC_REPRESENTATION_CONTEXT(2) 
PARAMETRIC_REPRESENTATION_CONTEXT() REPRESENTATION_CONTEXT('2D SPACE',''
  ) );
#2091 = ORIENTED_EDGE('',*,*,#2092,.T.);
#2092 = EDGE_CURVE('',#2066,#2093,#2095,.T.);
#2093 = VERTEX_POINT('',#2094);
#2094 = CARTESIAN_POINT('',(40.,33.,13.));
#2095 = SURFACE_CURVE('',#2096,(#2100,#2107),.PCURVE_S1.);
#2096 = LINE('',#2097,#2098);
#2097 = CARTESIAN_POINT('',(40.,33.,3.));
#2098 = VECTOR('',#2099,1.);
#2099 = DIRECTION('',(0.,0.,1.));
#2100 = PCURVE('',#100,#2101);
#2101 = DEFINITIONAL_REPRESENTATION('',(#2102),#2106);
#2102 = LINE('',#2103,#2104);
#2103 = CARTESIAN_POINT('',(3.,92.5));
#2104 = VECTOR('',#2105,1.);
#2105 = DIRECTION('',(1.,0.));
#2106 = ( GEOMETRIC_REPRESENTATION_CONTEXT(2) 
PARAMETRIC_REPRESENTATION_CONTEXT() REPRESENTATION_CONTEXT('2D SPACE',''
  ) );
#2107 = PCURVE('',#2108,#2113);
#2108 = PLANE('',#2109);
#2109 = AXIS2_PLACEMENT_3D('',#2110,#2111,#2112);
#2110 = CARTESIAN_POINT('',(40.,3.,3.));
#2111 = DIRECTION('',(1.,0.,0.));
#2112 = DIRECTION('',(0.,0.,1.));
#2113 = DEFINITIONAL_REPRESENTATION('',(#2114),#2118);
#2114 = LINE('',#2115,#2116);
#2115 = CARTESIAN_POINT('',(0.,-30.));
#2116 = VECTOR('',#2117,1.);
#2117 = DIRECTION('',(1.,0.));
#2118 = ( GEOMETRIC_REPRESENTATION_CONTEXT(2) 
PARAMETRIC_REPRESENTATION_CONTEXT() REPRESENTATION_CONTEXT('2D SPACE',''
  ) );
#2119 = ORIENTED_EDGE('',*,*,#2120,.T.);
#2120 = EDGE_CURVE('',#2093,#2121,#2123,.T.);
#2121 = VERTEX_POINT('',#2122);
#2122 = CARTESIAN_POINT('',(50.,33.,13.));
#2123 = SURFACE_CURVE('',#2124,(#2128,#2135),.PCURVE_S1.);
#2124 = LINE('',#2125,#2126);
#2125 = CARTESIAN_POINT('',(40.,33.,13.));
#2126 = VECTOR('',#2127,1.);
#2127 = DIRECTION('',(1.,0.,0.));
#2128 = PCURVE('',#100,#2129);
#2129 = DEFINITIONAL_REPRESENTATION('',(#2130),#2134);
#2130 = LINE('',#2131,#2132);
#2131 = CARTESIAN_POINT('',(13.,92.5));
#2132 = VECTOR('',#2133,1.);
#2133 = DIRECTION('',(0.,1.));
#2134 = ( GEOMETRIC_REPRESENTATION_CONTEXT(2) 
PARAMETRIC_REPRESENTATION_CONTEXT() REPRESENTATION_CONTEXT('2D SPACE',''
  ) );
#2135 = PCURVE('',#2136,#2141);
#2136 = PLANE('',#2137);
#2137 = AXIS2_PLACEMENT_3D('',#2138,#2139,#2140);
#2138 = CARTESIAN_POINT('',(40.,3.,13.));
#2139 = DIRECTION('',(0.,0.,1.));
#2140 = DIRECTION('',(1.,0.,0.));
#2141 = DEFINITIONAL_REPRESENTATION('',(#2142),#2146);
#2142 = LINE('',#2143,#2144);
#2143 = CARTESIAN_POINT('',(0.,30.));
#2144 = VECTOR('',#2145,1.);
#2145 = DIRECTION('',(1.,0.));
#2146 = ( GEOMETRIC_REPRESENTATION_CONTEXT(2) 
PARAMETRIC_REPRESENTATION_CONTEXT() REPRESENTATION_CONTEXT('2D SPACE',''
  ) );
#2147 = ORIENTED_EDGE('',*,*,#2148,.F.);
#2148 = EDGE_CURVE('',#2149,#2121,#2151,.T.);
#2149 = VERTEX_POINT('',#2150);
#2150 = CARTESIAN_POINT('',(50.,33.,53.));
#2151 = SURFACE_CURVE('',#2152,(#2156,#2163),.PCURVE_S1.);
#2152 = LINE('',#2153,#2154);
#2153 = CARTESIAN_POINT('',(50.,33.,1.5));
#2154 = VECTOR('',#2155,1.);
#2155 = DIRECTION('',(0.,0.,-1.));
#2156 = PCURVE('',#100,#2157);
#2157 = DEFINITIONAL_REPRESENTATION('',(#2158),#2162);
#2158 = LINE('',#2159,#2160);
#2159 = CARTESIAN_POINT('',(1.5,102.5));
#2160 = VECTOR('',#2161,1.);
#2161 = DIRECTION('',(-1.,0.));
#2162 = ( GEOMETRIC_REPRESENTATION_CONTEXT(2) 
PARAMETRIC_REPRESENTATION_CONTEXT() REPRESENTATION_CONTEXT('2D SPACE',''
  ) );
#2163 = PCURVE('',#2164,#2169);
#2164 = PLANE('',#2165);
#2165 = AXIS2_PLACEMENT_3D('',#2166,#2167,#2168);
#2166 = CARTESIAN_POINT('',(50.,3.,3.));
#2167 = DIRECTION('',(1.,0.,0.));
#2168 = DIRECTION('',(0.,0.,1.));
#2169 = DEFINITIONAL_REPRESENTATION('',(#2170),#2173);
#2170 = B_SPLINE_CURVE_WITH_KNOTS('',1,(#2171,#2172),.UNSPECIFIED.,.F.,
  .F.,(2,2),(-61.5,-1.5),.PIECEWISE_BEZIER_KNOTS.);
#2171 = CARTESIAN_POINT('',(60.,-30.));
#2172 = CARTESIAN_POINT('',(0.,-30.));
#2173 = ( GEOMETRIC_REPRESENTATION_CONTEXT(2) 
PARAMETRIC_REPRESENTATION_CONTEXT() REPRESENTATION_CONTEXT('2D SPACE',''
  ) );
#2174 = ORIENTED_EDGE('',*,*,#2175,.F.);
#2175 = EDGE_CURVE('',#2176,#2149,#2178,.T.);
#2176 = VERTEX_POINT('',#2177);
#2177 = CARTESIAN_POINT('',(40.,33.,53.));
#2178 = SURFACE_CURVE('',#2179,(#2183,#2190),.PCURVE_S1.);
#2179 = LINE('',#2180,#2181);
#2180 = CARTESIAN_POINT('',(40.,33.,53.));
#2181 = VECTOR('',#2182,1.);
#2182 = DIRECTION('',(1.,0.,0.));
#2183 = PCURVE('',#100,#2184);
#2184 = DEFINITIONAL_REPRESENTATION('',(#2185),#2189);
#2185 = LINE('',#2186,#2187);
#2186 = CARTESIAN_POINT('',(53.,92.5));
#2187 = VECTOR('',#2188,1.);
#2188 = DIRECTION('',(0.,1.));
#2189 = ( GEOMETRIC_REPRESENTATION_CONTEXT(2) 
PARAMETRIC_REPRESENTATION_CONTEXT() REPRESENTATION_CONTEXT('2D SPACE',''
  ) );
#2190 = PCURVE('',#2191,#2196);
#2191 = PLANE('',#2192);
#2192 = AXIS2_PLACEMENT_3D('',#2193,#2194,#2195);
#2193 = CARTESIAN_POINT('',(40.,3.,53.));
#2194 = DIRECTION('',(0.,0.,1.));
#2195 = DIRECTION('',(1.,0.,0.));
#2196 = DEFINITIONAL_REPRESENTATION('',(#2197),#2201);
#2197 = LINE('',#2198,#2199);
#2198 = CARTESIAN_POINT('',(0.,30.));
#2199 = VECTOR('',#2200,1.);
#2200 = DIRECTION('',(1.,0.));
#2201 = ( GEOMETRIC_REPRESENTATION_CONTEXT(2) 
PARAMETRIC_REPRESENTATION_CONTEXT() REPRESENTATION_CONTEXT('2D SPACE',''
  ) );
#2202 = ORIENTED_EDGE('',*,*,#2203,.T.);
#2203 = EDGE_CURVE('',#2176,#1900,#2204,.T.);
#2204 = SURFACE_CURVE('',#2205,(#2209,#2216),.PCURVE_S1.);
#2205 = LINE('',#2206,#2207);
#2206 = CARTESIAN_POINT('',(40.,33.,53.));
#2207 = VECTOR('',#2208,1.);
#2208 = DIRECTION('',(0.,0.,1.));
#2209 = PCURVE('',#100,#2210);
#2210 = DEFINITIONAL_REPRESENTATION('',(#2211),#2215);
#2211 = LINE('',#2212,#2213);
#2212 = CARTESIAN_POINT('',(53.,92.5));
#2213 = VECTOR('',#2214,1.);
#2214 = DIRECTION('',(1.,0.));
#2215 = ( GEOMETRIC_REPRESENTATION_CONTEXT(2) 
PARAMETRIC_REPRESENTATION_CONTEXT() REPRESENTATION_CONTEXT('2D SPACE',''
  ) );
#2216 = PCURVE('',#2217,#2222);
#2217 = PLANE('',#2218);
#2218 = AXIS2_PLACEMENT_3D('',#2219,#2220,#2221);
#2219 = CARTESIAN_POINT('',(40.,3.,53.));
#2220 = DIRECTION('',(1.,0.,0.));
#2221 = DIRECTION('',(0.,0.,1.));
#2222 = DEFINITIONAL_REPRESENTATION('',(#2223),#2227);
#2223 = LINE('',#2224,#2225);
#2224 = CARTESIAN_POINT('',(0.,-30.));
#2225 = VECTOR('',#2226,1.);
#2226 = DIRECTION('',(1.,0.));
#2227 = ( GEOMETRIC_REPRESENTATION_CONTEXT(2) 
PARAMETRIC_REPRESENTATION_CONTEXT() REPRESENTATION_CONTEXT('2D SPACE',''
  ) );
#2228 = FACE_BOUND('',#2229,.T.);
#2229 = EDGE_LOOP('',(#2230));
#2230 = ORIENTED_EDGE('',*,*,#2231,.T.);
#2231 = EDGE_CURVE('',#2232,#2232,#2234,.T.);
#2232 = VERTEX_POINT('',#2233);
#2233 = CARTESIAN_POINT('',(47.25,33.,58.));
#2234 = SURFACE_CURVE('',#2235,(#2240,#2251),.PCURVE_S1.);
#2235 = CIRCLE('',#2236,2.25);
#2236 = AXIS2_PLACEMENT_3D('',#2237,#2238,#2239);
#2237 = CARTESIAN_POINT('',(45.,33.,58.));
#2238 = DIRECTION('',(0.,-1.,0.));
#2239 = DIRECTION('',(1.,0.,0.));
#2240 = PCURVE('',#100,#2241);
#2241 = DEFINITIONAL_REPRESENTATION('',(#2242),#2250);
#2242 = ( BOUNDED_CURVE() B_SPLINE_CURVE(2,(#2243,#2244,#2245,#2246,
#2247,#2248,#2249),.UNSPECIFIED.,.T.,.F.) B_SPLINE_CURVE_WITH_KNOTS((1,2
    ,2,2,2,1),(-2.094395102393,0.,2.094395102393,4.188790204786,
6.28318530718,8.377580409573),.UNSPECIFIED.) CURVE() 
GEOMETRIC_REPRESENTATION_ITEM() RATIONAL_B_SPLINE_CURVE((1.,0.5,1.,0.5,
1.,0.5,1.)) REPRESENTATION_ITEM('') );
#2243 = CARTESIAN_POINT('',(58.,99.75));
#2244 = CARTESIAN_POINT('',(61.89711431703,99.75));
#2245 = CARTESIAN_POINT('',(59.948557158515,96.375));
#2246 = CARTESIAN_POINT('',(58.,93.));
#2247 = CARTESIAN_POINT('',(56.051442841485,96.375));
#2248 = CARTESIAN_POINT('',(54.10288568297,99.75));
#2249 = CARTESIAN_POINT('',(58.,99.75));
#2250 = ( GEOMETRIC_REPRESENTATION_CONTEXT(2) 
PARAMETRIC_REPRESENTATION_CONTEXT() REPRESENTATION_CONTEXT('2D SPACE',''
  ) );
#2251 = PCURVE('',#2252,#2257);
#2252 = CYLINDRICAL_SURFACE('',#2253,2.25);
#2253 = AXIS2_PLACEMENT_3D('',#2254,#2255,#2256);
#2254 = CARTESIAN_POINT('',(45.,-1.,58.));
#2255 = DIRECTION('',(0.,-1.,0.));
#2256 = DIRECTION('',(1.,0.,0.));
#2257 = DEFINITIONAL_REPRESENTATION('',(#2258),#2262);
#2258 = LINE('',#2259,#2260);
#2259 = CARTESIAN_POINT('',(0.,-34.));
#2260 = VECTOR('',#2261,1.);
#2261 = DIRECTION('',(1.,0.));
#2262 = ( GEOMETRIC_REPRESENTATION_CONTEXT(2) 
PARAMETRIC_REPRESENTATION_CONTEXT() REPRESENTATION_CONTEXT('2D SPACE',''
  ) );
#2263 = ADVANCED_FACE('',(#2264,#2290,#2396,#2547,#2653,#2828,#2934),#72
  ,.F.);
#2264 = FACE_BOUND('',#2265,.F.);
#2265 = EDGE_LOOP('',(#2266,#2267,#2268,#2289));
#2266 = ORIENTED_EDGE('',*,*,#56,.F.);
#2267 = ORIENTED_EDGE('',*,*,#171,.T.);
#2268 = ORIENTED_EDGE('',*,*,#2269,.T.);
#2269 = EDGE_CURVE('',#142,#1745,#2270,.T.);
#2270 = SURFACE_CURVE('',#2271,(#2275,#2282),.PCURVE_S1.);
#2271 = LINE('',#2272,#2273);
#2272 = CARTESIAN_POINT('',(52.5,0.,0.));
#2273 = VECTOR('',#2274,1.);
#2274 = DIRECTION('',(0.,1.,0.));
#2275 = PCURVE('',#72,#2276);
#2276 = DEFINITIONAL_REPRESENTATION('',(#2277),#2281);
#2277 = LINE('',#2278,#2279);
#2278 = CARTESIAN_POINT('',(105.,0.));
#2279 = VECTOR('',#2280,1.);
#2280 = DIRECTION('',(0.,1.));
#2281 = ( GEOMETRIC_REPRESENTATION_CONTEXT(2) 
PARAMETRIC_REPRESENTATION_CONTEXT() REPRESENTATION_CONTEXT('2D SPACE',''
  ) );
#2282 = PCURVE('',#159,#2283);
#2283 = DEFINITIONAL_REPRESENTATION('',(#2284),#2288);
#2284 = LINE('',#2285,#2286);
#2285 = CARTESIAN_POINT('',(0.,0.));
#2286 = VECTOR('',#2287,1.);
#2287 = DIRECTION('',(0.,-1.));
#2288 = ( GEOMETRIC_REPRESENTATION_CONTEXT(2) 
PARAMETRIC_REPRESENTATION_CONTEXT() REPRESENTATION_CONTEXT('2D SPACE',''
  ) );
#2289 = ORIENTED_EDGE('',*,*,#1744,.F.);
#2290 = FACE_BOUND('',#2291,.F.);
#2291 = EDGE_LOOP('',(#2292,#2320,#2346,#2372));
#2292 = ORIENTED_EDGE('',*,*,#2293,.T.);
#2293 = EDGE_CURVE('',#2294,#2296,#2298,.T.);
#2294 = VERTEX_POINT('',#2295);
#2295 = CARTESIAN_POINT('',(-30.,6.5,0.));
#2296 = VERTEX_POINT('',#2297);
#2297 = CARTESIAN_POINT('',(-36.,6.5,0.));
#2298 = SURFACE_CURVE('',#2299,(#2303,#2309),.PCURVE_S1.);
#2299 = LINE('',#2300,#2301);
#2300 = CARTESIAN_POINT('',(-44.25,6.5,0.));
#2301 = VECTOR('',#2302,1.);
#2302 = DIRECTION('',(-1.,0.,0.));
#2303 = PCURVE('',#72,#2304);
#2304 = DEFINITIONAL_REPRESENTATION('',(#2305),#2308);
#2305 = B_SPLINE_CURVE_WITH_KNOTS('',1,(#2306,#2307),.UNSPECIFIED.,.F.,
  .F.,(2,2),(-14.25,-8.25),.PIECEWISE_BEZIER_KNOTS.);
#2306 = CARTESIAN_POINT('',(22.5,6.5));
#2307 = CARTESIAN_POINT('',(16.5,6.5));
#2308 = ( GEOMETRIC_REPRESENTATION_CONTEXT(2) 
PARAMETRIC_REPRESENTATION_CONTEXT() REPRESENTATION_CONTEXT('2D SPACE',''
  ) );
#2309 = PCURVE('',#2310,#2315);
#2310 = PLANE('',#2311);
#2311 = AXIS2_PLACEMENT_3D('',#2312,#2313,#2314);
#2312 = CARTESIAN_POINT('',(-36.,6.5,-1.));
#2313 = DIRECTION('',(0.,1.,0.));
#2314 = DIRECTION('',(0.,0.,1.));
#2315 = DEFINITIONAL_REPRESENTATION('',(#2316),#2319);
#2316 = B_SPLINE_CURVE_WITH_KNOTS('',1,(#2317,#2318),.UNSPECIFIED.,.F.,
  .F.,(2,2),(-14.25,-8.25),.PIECEWISE_BEZIER_KNOTS.);
#2317 = CARTESIAN_POINT('',(1.,6.));
#2318 = CARTESIAN_POINT('',(1.,0.));
#2319 = ( GEOMETRIC_REPRESENTATION_CONTEXT(2) 
PARAMETRIC_REPRESENTATION_CONTEXT() REPRESENTATION_CONTEXT('2D SPACE',''
  ) );
#2320 = ORIENTED_EDGE('',*,*,#2321,.T.);
#2321 = EDGE_CURVE('',#2296,#2322,#2324,.T.);
#2322 = VERTEX_POINT('',#2323);
#2323 = CARTESIAN_POINT('',(-36.,9.5,0.));
#2324 = SURFACE_CURVE('',#2325,(#2329,#2335),.PCURVE_S1.);
#2325 = LINE('',#2326,#2327);
#2326 = CARTESIAN_POINT('',(-36.,3.25,0.));
#2327 = VECTOR('',#2328,1.);
#2328 = DIRECTION('',(0.,1.,0.));
#2329 = PCURVE('',#72,#2330);
#2330 = DEFINITIONAL_REPRESENTATION('',(#2331),#2334);
#2331 = B_SPLINE_CURVE_WITH_KNOTS('',1,(#2332,#2333),.UNSPECIFIED.,.F.,
  .F.,(2,2),(3.25,6.25),.PIECEWISE_BEZIER_KNOTS.);
#2332 = CARTESIAN_POINT('',(16.5,6.5));
#2333 = CARTESIAN_POINT('',(16.5,9.5));
#2334 = ( GEOMETRIC_REPRESENTATION_CONTEXT(2) 
PARAMETRIC_REPRESENTATION_CONTEXT() REPRESENTATION_CONTEXT('2D SPACE',''
  ) );
#2335 = PCURVE('',#2336,#2341);
#2336 = PLANE('',#2337);
#2337 = AXIS2_PLACEMENT_3D('',#2338,#2339,#2340);
#2338 = CARTESIAN_POINT('',(-36.,6.5,-1.));
#2339 = DIRECTION('',(1.,0.,0.));
#2340 = DIRECTION('',(0.,0.,1.));
#2341 = DEFINITIONAL_REPRESENTATION('',(#2342),#2345);
#2342 = B_SPLINE_CURVE_WITH_KNOTS('',1,(#2343,#2344),.UNSPECIFIED.,.F.,
  .F.,(2,2),(3.25,6.25),.PIECEWISE_BEZIER_KNOTS.);
#2343 = CARTESIAN_POINT('',(1.,0.));
#2344 = CARTESIAN_POINT('',(1.,-3.));
#2345 = ( GEOMETRIC_REPRESENTATION_CONTEXT(2) 
PARAMETRIC_REPRESENTATION_CONTEXT() REPRESENTATION_CONTEXT('2D SPACE',''
  ) );
#2346 = ORIENTED_EDGE('',*,*,#2347,.F.);
#2347 = EDGE_CURVE('',#2348,#2322,#2350,.T.);
#2348 = VERTEX_POINT('',#2349);
#2349 = CARTESIAN_POINT('',(-30.,9.5,0.));
#2350 = SURFACE_CURVE('',#2351,(#2355,#2361),.PCURVE_S1.);
#2351 = LINE('',#2352,#2353);
#2352 = CARTESIAN_POINT('',(-44.25,9.5,0.));
#2353 = VECTOR('',#2354,1.);
#2354 = DIRECTION('',(-1.,0.,0.));
#2355 = PCURVE('',#72,#2356);
#2356 = DEFINITIONAL_REPRESENTATION('',(#2357),#2360);
#2357 = B_SPLINE_CURVE_WITH_KNOTS('',1,(#2358,#2359),.UNSPECIFIED.,.F.,
  .F.,(2,2),(-14.25,-8.25),.PIECEWISE_BEZIER_KNOTS.);
#2358 = CARTESIAN_POINT('',(22.5,9.5));
#2359 = CARTESIAN_POINT('',(16.5,9.5));
#2360 = ( GEOMETRIC_REPRESENTATION_CONTEXT(2) 
PARAMETRIC_REPRESENTATION_CONTEXT() REPRESENTATION_CONTEXT('2D SPACE',''
  ) );
#2361 = PCURVE('',#2362,#2367);
#2362 = PLANE('',#2363);
#2363 = AXIS2_PLACEMENT_3D('',#2364,#2365,#2366);
#2364 = CARTESIAN_POINT('',(-36.,9.5,-1.));
#2365 = DIRECTION('',(0.,1.,0.));
#2366 = DIRECTION('',(0.,0.,1.));
#2367 = DEFINITIONAL_REPRESENTATION('',(#2368),#2371);
#2368 = B_SPLINE_CURVE_WITH_KNOTS('',1,(#2369,#2370),.UNSPECIFIED.,.F.,
  .F.,(2,2),(-14.25,-8.25),.PIECEWISE_BEZIER_KNOTS.);
#2369 = CARTESIAN_POINT('',(1.,6.));
#2370 = CARTESIAN_POINT('',(1.,0.));
#2371 = ( GEOMETRIC_REPRESENTATION_CONTEXT(2) 
PARAMETRIC_REPRESENTATION_CONTEXT() REPRESENTATION_CONTEXT('2D SPACE',''
  ) );
#2372 = ORIENTED_EDGE('',*,*,#2373,.F.);
#2373 = EDGE_CURVE('',#2294,#2348,#2374,.T.);
#2374 = SURFACE_CURVE('',#2375,(#2379,#2385),.PCURVE_S1.);
#2375 = LINE('',#2376,#2377);
#2376 = CARTESIAN_POINT('',(-30.,3.25,0.));
#2377 = VECTOR('',#2378,1.);
#2378 = DIRECTION('',(0.,1.,0.));
#2379 = PCURVE('',#72,#2380);
#2380 = DEFINITIONAL_REPRESENTATION('',(#2381),#2384);
#2381 = B_SPLINE_CURVE_WITH_KNOTS('',1,(#2382,#2383),.UNSPECIFIED.,.F.,
  .F.,(2,2),(3.25,6.25),.PIECEWISE_BEZIER_KNOTS.);
#2382 = CARTESIAN_POINT('',(22.5,6.5));
#2383 = CARTESIAN_POINT('',(22.5,9.5));
#2384 = ( GEOMETRIC_REPRESENTATION_CONTEXT(2) 
PARAMETRIC_REPRESENTATION_CONTEXT() REPRESENTATION_CONTEXT('2D SPACE',''
  ) );
#2385 = PCURVE('',#2386,#2391);
#2386 = PLANE('',#2387);
#2387 = AXIS2_PLACEMENT_3D('',#2388,#2389,#2390);
#2388 = CARTESIAN_POINT('',(-30.,6.5,-1.));
#2389 = DIRECTION('',(1.,0.,0.));
#2390 = DIRECTION('',(0.,0.,1.));
#2391 = DEFINITIONAL_REPRESENTATION('',(#2392),#2395);
#2392 = B_SPLINE_CURVE_WITH_KNOTS('',1,(#2393,#2394),.UNSPECIFIED.,.F.,
  .F.,(2,2),(3.25,6.25),.PIECEWISE_BEZIER_KNOTS.);
#2393 = CARTESIAN_POINT('',(1.,0.));
#2394 = CARTESIAN_POINT('',(1.,-3.));
#2395 = ( GEOMETRIC_REPRESENTATION_CONTEXT(2) 
PARAMETRIC_REPRESENTATION_CONTEXT() REPRESENTATION_CONTEXT('2D SPACE',''
  ) );
#2396 = FACE_BOUND('',#2397,.F.);
#2397 = EDGE_LOOP('',(#2398,#2425,#2450,#2475,#2500,#2529));
#2398 = ORIENTED_EDGE('',*,*,#2399,.T.);
#2399 = EDGE_CURVE('',#2400,#2402,#2404,.T.);
#2400 = VERTEX_POINT('',#2401);
#2401 = CARTESIAN_POINT('',(-26.69,27.39,-3.642919299551E-17));
#2402 = VERTEX_POINT('',#2403);
#2403 = CARTESIAN_POINT('',(-3.91,27.39,-3.642919299551E-17));
#2404 = SURFACE_CURVE('',#2405,(#2408,#2414),.PCURVE_S1.);
#2405 = B_SPLINE_CURVE_WITH_KNOTS('',1,(#2406,#2407),.UNSPECIFIED.,.F.,
  .F.,(2,2),(0.,1.),.PIECEWISE_BEZIER_KNOTS.);
#2406 = CARTESIAN_POINT('',(-26.69,27.39,0.));
#2407 = CARTESIAN_POINT('',(-3.91,27.39,0.));
#2408 = PCURVE('',#72,#2409);
#2409 = DEFINITIONAL_REPRESENTATION('',(#2410),#2413);
#2410 = B_SPLINE_CURVE_WITH_KNOTS('',1,(#2411,#2412),.UNSPECIFIED.,.F.,
  .F.,(2,2),(0.,1.),.PIECEWISE_BEZIER_KNOTS.);
#2411 = CARTESIAN_POINT('',(25.81,27.39));
#2412 = CARTESIAN_POINT('',(48.59,27.39));
#2413 = ( GEOMETRIC_REPRESENTATION_CONTEXT(2) 
PARAMETRIC_REPRESENTATION_CONTEXT() REPRESENTATION_CONTEXT('2D SPACE',''
  ) );
#2414 = PCURVE('',#2415,#2420);
#2415 = B_SPLINE_SURFACE_WITH_KNOTS('',1,1,(
    (#2416,#2417)
    ,(#2418,#2419
    )),.UNSPECIFIED.,.F.,.F.,.F.,(2,2),(2,2),(0.,22.8),(0.,1.),
  .PIECEWISE_BEZIER_KNOTS.);
#2416 = CARTESIAN_POINT('',(-3.9,27.4,-1.E-02));
#2417 = CARTESIAN_POINT('',(-5.3,26.,1.39));
#2418 = CARTESIAN_POINT('',(-26.7,27.4,-1.E-02));
#2419 = CARTESIAN_POINT('',(-25.3,26.,1.39));
#2420 = DEFINITIONAL_REPRESENTATION('',(#2421),#2424);
#2421 = B_SPLINE_CURVE_WITH_KNOTS('',1,(#2422,#2423),.UNSPECIFIED.,.F.,
  .F.,(2,2),(0.,1.),.PIECEWISE_BEZIER_KNOTS.);
#2422 = CARTESIAN_POINT('',(22.8,7.142857142857E-03));
#2423 = CARTESIAN_POINT('',(0.,7.142857142857E-03));
#2424 = ( GEOMETRIC_REPRESENTATION_CONTEXT(2) 
PARAMETRIC_REPRESENTATION_CONTEXT() REPRESENTATION_CONTEXT('2D SPACE',''
  ) );
#2425 = ORIENTED_EDGE('',*,*,#2426,.T.);
#2426 = EDGE_CURVE('',#2402,#2427,#2429,.T.);
#2427 = VERTEX_POINT('',#2428);
#2428 = CARTESIAN_POINT('',(-3.91,4.81,-3.642919299551E-17));
#2429 = SURFACE_CURVE('',#2430,(#2433,#2439),.PCURVE_S1.);
#2430 = B_SPLINE_CURVE_WITH_KNOTS('',1,(#2431,#2432),.UNSPECIFIED.,.F.,
  .F.,(2,2),(0.,1.),.PIECEWISE_BEZIER_KNOTS.);
#2431 = CARTESIAN_POINT('',(-3.91,27.39,0.));
#2432 = CARTESIAN_POINT('',(-3.91,4.81,0.));
#2433 = PCURVE('',#72,#2434);
#2434 = DEFINITIONAL_REPRESENTATION('',(#2435),#2438);
#2435 = B_SPLINE_CURVE_WITH_KNOTS('',1,(#2436,#2437),.UNSPECIFIED.,.F.,
  .F.,(2,2),(0.,1.),.PIECEWISE_BEZIER_KNOTS.);
#2436 = CARTESIAN_POINT('',(48.59,27.39));
#2437 = CARTESIAN_POINT('',(48.59,4.81));
#2438 = ( GEOMETRIC_REPRESENTATION_CONTEXT(2) 
PARAMETRIC_REPRESENTATION_CONTEXT() REPRESENTATION_CONTEXT('2D SPACE',''
  ) );
#2439 = PCURVE('',#2440,#2445);
#2440 = B_SPLINE_SURFACE_WITH_KNOTS('',1,1,(
    (#2441,#2442)
    ,(#2443,#2444
    )),.UNSPECIFIED.,.F.,.F.,.F.,(2,2),(2,2),(0.,22.6),(0.,1.),
  .PIECEWISE_BEZIER_KNOTS.);
#2441 = CARTESIAN_POINT('',(-3.9,4.8,-1.E-02));
#2442 = CARTESIAN_POINT('',(-5.3,6.2,1.39));
#2443 = CARTESIAN_POINT('',(-3.9,27.4,-1.E-02));
#2444 = CARTESIAN_POINT('',(-5.3,26.,1.39));
#2445 = DEFINITIONAL_REPRESENTATION('',(#2446),#2449);
#2446 = B_SPLINE_CURVE_WITH_KNOTS('',1,(#2447,#2448),.UNSPECIFIED.,.F.,
  .F.,(2,2),(0.,1.),.PIECEWISE_BEZIER_KNOTS.);
#2447 = CARTESIAN_POINT('',(22.6,7.142857142857E-03));
#2448 = CARTESIAN_POINT('',(0.,7.142857142857E-03));
#2449 = ( GEOMETRIC_REPRESENTATION_CONTEXT(2) 
PARAMETRIC_REPRESENTATION_CONTEXT() REPRESENTATION_CONTEXT('2D SPACE',''
  ) );
#2450 = ORIENTED_EDGE('',*,*,#2451,.T.);
#2451 = EDGE_CURVE('',#2427,#2452,#2454,.T.);
#2452 = VERTEX_POINT('',#2453);
#2453 = CARTESIAN_POINT('',(-26.69,4.81,-3.642919299551E-17));
#2454 = SURFACE_CURVE('',#2455,(#2458,#2464),.PCURVE_S1.);
#2455 = B_SPLINE_CURVE_WITH_KNOTS('',1,(#2456,#2457),.UNSPECIFIED.,.F.,
  .F.,(2,2),(0.,1.),.PIECEWISE_BEZIER_KNOTS.);
#2456 = CARTESIAN_POINT('',(-3.91,4.81,0.));
#2457 = CARTESIAN_POINT('',(-26.69,4.81,0.));
#2458 = PCURVE('',#72,#2459);
#2459 = DEFINITIONAL_REPRESENTATION('',(#2460),#2463);
#2460 = B_SPLINE_CURVE_WITH_KNOTS('',1,(#2461,#2462),.UNSPECIFIED.,.F.,
  .F.,(2,2),(0.,1.),.PIECEWISE_BEZIER_KNOTS.);
#2461 = CARTESIAN_POINT('',(48.59,4.81));
#2462 = CARTESIAN_POINT('',(25.81,4.81));
#2463 = ( GEOMETRIC_REPRESENTATION_CONTEXT(2) 
PARAMETRIC_REPRESENTATION_CONTEXT() REPRESENTATION_CONTEXT('2D SPACE',''
  ) );
#2464 = PCURVE('',#2465,#2470);
#2465 = B_SPLINE_SURFACE_WITH_KNOTS('',1,1,(
    (#2466,#2467)
    ,(#2468,#2469
    )),.UNSPECIFIED.,.F.,.F.,.F.,(2,2),(2,2),(0.,22.8),(0.,1.),
  .PIECEWISE_BEZIER_KNOTS.);
#2466 = CARTESIAN_POINT('',(-26.7,4.8,-1.E-02));
#2467 = CARTESIAN_POINT('',(-25.3,6.2,1.39));
#2468 = CARTESIAN_POINT('',(-3.9,4.8,-1.E-02));
#2469 = CARTESIAN_POINT('',(-5.3,6.2,1.39));
#2470 = DEFINITIONAL_REPRESENTATION('',(#2471),#2474);
#2471 = B_SPLINE_CURVE_WITH_KNOTS('',1,(#2472,#2473),.UNSPECIFIED.,.F.,
  .F.,(2,2),(0.,1.),.PIECEWISE_BEZIER_KNOTS.);
#2472 = CARTESIAN_POINT('',(22.8,7.142857142857E-03));
#2473 = CARTESIAN_POINT('',(0.,7.142857142857E-03));
#2474 = ( GEOMETRIC_REPRESENTATION_CONTEXT(2) 
PARAMETRIC_REPRESENTATION_CONTEXT() REPRESENTATION_CONTEXT('2D SPACE',''
  ) );
#2475 = ORIENTED_EDGE('',*,*,#2476,.T.);
#2476 = EDGE_CURVE('',#2452,#2477,#2479,.T.);
#2477 = VERTEX_POINT('',#2478);
#2478 = CARTESIAN_POINT('',(-26.69,14.984137527763,0.));
#2479 = SURFACE_CURVE('',#2480,(#2483,#2489),.PCURVE_S1.);
#2480 = B_SPLINE_CURVE_WITH_KNOTS('',1,(#2481,#2482),.UNSPECIFIED.,.F.,
  .F.,(2,2),(0.,1.),.PIECEWISE_BEZIER_KNOTS.);
#2481 = CARTESIAN_POINT('',(-26.69,4.81,0.));
#2482 = CARTESIAN_POINT('',(-26.69,27.39,0.));
#2483 = PCURVE('',#72,#2484);
#2484 = DEFINITIONAL_REPRESENTATION('',(#2485),#2488);
#2485 = B_SPLINE_CURVE_WITH_KNOTS('',1,(#2486,#2487),.UNSPECIFIED.,.F.,
  .F.,(2,2),(0.,1.),.PIECEWISE_BEZIER_KNOTS.);
#2486 = CARTESIAN_POINT('',(25.81,4.81));
#2487 = CARTESIAN_POINT('',(25.81,27.39));
#2488 = ( GEOMETRIC_REPRESENTATION_CONTEXT(2) 
PARAMETRIC_REPRESENTATION_CONTEXT() REPRESENTATION_CONTEXT('2D SPACE',''
  ) );
#2489 = PCURVE('',#2490,#2495);
#2490 = B_SPLINE_SURFACE_WITH_KNOTS('',1,1,(
    (#2491,#2492)
    ,(#2493,#2494
    )),.UNSPECIFIED.,.F.,.F.,.F.,(2,2),(2,2),(0.,22.6),(0.,1.),
  .PIECEWISE_BEZIER_KNOTS.);
#2491 = CARTESIAN_POINT('',(-26.7,27.4,-1.E-02));
#2492 = CARTESIAN_POINT('',(-25.3,26.,1.39));
#2493 = CARTESIAN_POINT('',(-26.7,4.8,-1.E-02));
#2494 = CARTESIAN_POINT('',(-25.3,6.2,1.39));
#2495 = DEFINITIONAL_REPRESENTATION('',(#2496),#2499);
#2496 = B_SPLINE_CURVE_WITH_KNOTS('',1,(#2497,#2498),.UNSPECIFIED.,.F.,
  .F.,(2,2),(0.,1.),.PIECEWISE_BEZIER_KNOTS.);
#2497 = CARTESIAN_POINT('',(22.6,7.142857142857E-03));
#2498 = CARTESIAN_POINT('',(0.,7.142857142857E-03));
#2499 = ( GEOMETRIC_REPRESENTATION_CONTEXT(2) 
PARAMETRIC_REPRESENTATION_CONTEXT() REPRESENTATION_CONTEXT('2D SPACE',''
  ) );
#2500 = ORIENTED_EDGE('',*,*,#2501,.F.);
#2501 = EDGE_CURVE('',#2502,#2477,#2504,.T.);
#2502 = VERTEX_POINT('',#2503);
#2503 = CARTESIAN_POINT('',(-26.69,17.015862472237,0.));
#2504 = SURFACE_CURVE('',#2505,(#2510,#2517),.PCURVE_S1.);
#2505 = CIRCLE('',#2506,6.39125);
#2506 = AXIS2_PLACEMENT_3D('',#2507,#2508,#2509);
#2507 = CARTESIAN_POINT('',(-33.,16.,0.));
#2508 = DIRECTION('',(0.,0.,1.));
#2509 = DIRECTION('',(1.,0.,-0.));
#2510 = PCURVE('',#72,#2511);
#2511 = DEFINITIONAL_REPRESENTATION('',(#2512),#2516);
#2512 = CIRCLE('',#2513,6.39125);
#2513 = AXIS2_PLACEMENT_2D('',#2514,#2515);
#2514 = CARTESIAN_POINT('',(19.5,16.));
#2515 = DIRECTION('',(1.,0.));
#2516 = ( GEOMETRIC_REPRESENTATION_CONTEXT(2) 
PARAMETRIC_REPRESENTATION_CONTEXT() REPRESENTATION_CONTEXT('2D SPACE',''
  ) );
#2517 = PCURVE('',#2518,#2523);
#2518 = CONICAL_SURFACE('',#2519,6.4,0.718829999622);
#2519 = AXIS2_PLACEMENT_3D('',#2520,#2521,#2522);
#2520 = CARTESIAN_POINT('',(-33.,16.,-1.E-02));
#2521 = DIRECTION('',(-0.,-0.,-1.));
#2522 = DIRECTION('',(1.,0.,-0.));
#2523 = DEFINITIONAL_REPRESENTATION('',(#2524),#2528);
#2524 = LINE('',#2525,#2526);
#2525 = CARTESIAN_POINT('',(-0.,-1.E-02));
#2526 = VECTOR('',#2527,1.);
#2527 = DIRECTION('',(-1.,-0.));
#2528 = ( GEOMETRIC_REPRESENTATION_CONTEXT(2) 
PARAMETRIC_REPRESENTATION_CONTEXT() REPRESENTATION_CONTEXT('2D SPACE',''
  ) );
#2529 = ORIENTED_EDGE('',*,*,#2530,.T.);
#2530 = EDGE_CURVE('',#2502,#2400,#2531,.T.);
#2531 = SURFACE_CURVE('',#2532,(#2535,#2541),.PCURVE_S1.);
#2532 = B_SPLINE_CURVE_WITH_KNOTS('',1,(#2533,#2534),.UNSPECIFIED.,.F.,
  .F.,(2,2),(0.,1.),.PIECEWISE_BEZIER_KNOTS.);
#2533 = CARTESIAN_POINT('',(-26.69,4.81,0.));
#2534 = CARTESIAN_POINT('',(-26.69,27.39,0.));
#2535 = PCURVE('',#72,#2536);
#2536 = DEFINITIONAL_REPRESENTATION('',(#2537),#2540);
#2537 = B_SPLINE_CURVE_WITH_KNOTS('',1,(#2538,#2539),.UNSPECIFIED.,.F.,
  .F.,(2,2),(0.,1.),.PIECEWISE_BEZIER_KNOTS.);
#2538 = CARTESIAN_POINT('',(25.81,4.81));
#2539 = CARTESIAN_POINT('',(25.81,27.39));
#2540 = ( GEOMETRIC_REPRESENTATION_CONTEXT(2) 
PARAMETRIC_REPRESENTATION_CONTEXT() REPRESENTATION_CONTEXT('2D SPACE',''
  ) );
#2541 = PCURVE('',#2490,#2542);
#2542 = DEFINITIONAL_REPRESENTATION('',(#2543),#2546);
#2543 = B_SPLINE_CURVE_WITH_KNOTS('',1,(#2544,#2545),.UNSPECIFIED.,.F.,
  .F.,(2,2),(0.,1.),.PIECEWISE_BEZIER_KNOTS.);
#2544 = CARTESIAN_POINT('',(22.6,7.142857142857E-03));
#2545 = CARTESIAN_POINT('',(0.,7.142857142857E-03));
#2546 = ( GEOMETRIC_REPRESENTATION_CONTEXT(2) 
PARAMETRIC_REPRESENTATION_CONTEXT() REPRESENTATION_CONTEXT('2D SPACE',''
  ) );
#2547 = FACE_BOUND('',#2548,.F.);
#2548 = EDGE_LOOP('',(#2549,#2577,#2603,#2629));
#2549 = ORIENTED_EDGE('',*,*,#2550,.T.);
#2550 = EDGE_CURVE('',#2551,#2553,#2555,.T.);
#2551 = VERTEX_POINT('',#2552);
#2552 = CARTESIAN_POINT('',(36.,6.5,0.));
#2553 = VERTEX_POINT('',#2554);
#2554 = CARTESIAN_POINT('',(30.,6.5,0.));
#2555 = SURFACE_CURVE('',#2556,(#2560,#2566),.PCURVE_S1.);
#2556 = LINE('',#2557,#2558);
#2557 = CARTESIAN_POINT('',(-11.25,6.5,0.));
#2558 = VECTOR('',#2559,1.);
#2559 = DIRECTION('',(-1.,0.,0.));
#2560 = PCURVE('',#72,#2561);
#2561 = DEFINITIONAL_REPRESENTATION('',(#2562),#2565);
#2562 = B_SPLINE_CURVE_WITH_KNOTS('',1,(#2563,#2564),.UNSPECIFIED.,.F.,
  .F.,(2,2),(-47.25,-41.25),.PIECEWISE_BEZIER_KNOTS.);
#2563 = CARTESIAN_POINT('',(88.5,6.5));
#2564 = CARTESIAN_POINT('',(82.5,6.5));
#2565 = ( GEOMETRIC_REPRESENTATION_CONTEXT(2) 
PARAMETRIC_REPRESENTATION_CONTEXT() REPRESENTATION_CONTEXT('2D SPACE',''
  ) );
#2566 = PCURVE('',#2567,#2572);
#2567 = PLANE('',#2568);
#2568 = AXIS2_PLACEMENT_3D('',#2569,#2570,#2571);
#2569 = CARTESIAN_POINT('',(30.,6.5,-1.));
#2570 = DIRECTION('',(0.,1.,0.));
#2571 = DIRECTION('',(0.,0.,1.));
#2572 = DEFINITIONAL_REPRESENTATION('',(#2573),#2576);
#2573 = B_SPLINE_CURVE_WITH_KNOTS('',1,(#2574,#2575),.UNSPECIFIED.,.F.,
  .F.,(2,2),(-47.25,-41.25),.PIECEWISE_BEZIER_KNOTS.);
#2574 = CARTESIAN_POINT('',(1.,6.));
#2575 = CARTESIAN_POINT('',(1.,0.));
#2576 = ( GEOMETRIC_REPRESENTATION_CONTEXT(2) 
PARAMETRIC_REPRESENTATION_CONTEXT() REPRESENTATION_CONTEXT('2D SPACE',''
  ) );
#2577 = ORIENTED_EDGE('',*,*,#2578,.T.);
#2578 = EDGE_CURVE('',#2553,#2579,#2581,.T.);
#2579 = VERTEX_POINT('',#2580);
#2580 = CARTESIAN_POINT('',(30.,9.5,0.));
#2581 = SURFACE_CURVE('',#2582,(#2586,#2592),.PCURVE_S1.);
#2582 = LINE('',#2583,#2584);
#2583 = CARTESIAN_POINT('',(30.,3.25,0.));
#2584 = VECTOR('',#2585,1.);
#2585 = DIRECTION('',(0.,1.,0.));
#2586 = PCURVE('',#72,#2587);
#2587 = DEFINITIONAL_REPRESENTATION('',(#2588),#2591);
#2588 = B_SPLINE_CURVE_WITH_KNOTS('',1,(#2589,#2590),.UNSPECIFIED.,.F.,
  .F.,(2,2),(3.25,6.25),.PIECEWISE_BEZIER_KNOTS.);
#2589 = CARTESIAN_POINT('',(82.5,6.5));
#2590 = CARTESIAN_POINT('',(82.5,9.5));
#2591 = ( GEOMETRIC_REPRESENTATION_CONTEXT(2) 
PARAMETRIC_REPRESENTATION_CONTEXT() REPRESENTATION_CONTEXT('2D SPACE',''
  ) );
#2592 = PCURVE('',#2593,#2598);
#2593 = PLANE('',#2594);
#2594 = AXIS2_PLACEMENT_3D('',#2595,#2596,#2597);
#2595 = CARTESIAN_POINT('',(30.,6.5,-1.));
#2596 = DIRECTION('',(1.,0.,0.));
#2597 = DIRECTION('',(0.,0.,1.));
#2598 = DEFINITIONAL_REPRESENTATION('',(#2599),#2602);
#2599 = B_SPLINE_CURVE_WITH_KNOTS('',1,(#2600,#2601),.UNSPECIFIED.,.F.,
  .F.,(2,2),(3.25,6.25),.PIECEWISE_BEZIER_KNOTS.);
#2600 = CARTESIAN_POINT('',(1.,0.));
#2601 = CARTESIAN_POINT('',(1.,-3.));
#2602 = ( GEOMETRIC_REPRESENTATION_CONTEXT(2) 
PARAMETRIC_REPRESENTATION_CONTEXT() REPRESENTATION_CONTEXT('2D SPACE',''
  ) );
#2603 = ORIENTED_EDGE('',*,*,#2604,.F.);
#2604 = EDGE_CURVE('',#2605,#2579,#2607,.T.);
#2605 = VERTEX_POINT('',#2606);
#2606 = CARTESIAN_POINT('',(36.,9.5,0.));
#2607 = SURFACE_CURVE('',#2608,(#2612,#2618),.PCURVE_S1.);
#2608 = LINE('',#2609,#2610);
#2609 = CARTESIAN_POINT('',(-11.25,9.5,0.));
#2610 = VECTOR('',#2611,1.);
#2611 = DIRECTION('',(-1.,0.,0.));
#2612 = PCURVE('',#72,#2613);
#2613 = DEFINITIONAL_REPRESENTATION('',(#2614),#2617);
#2614 = B_SPLINE_CURVE_WITH_KNOTS('',1,(#2615,#2616),.UNSPECIFIED.,.F.,
  .F.,(2,2),(-47.25,-41.25),.PIECEWISE_BEZIER_KNOTS.);
#2615 = CARTESIAN_POINT('',(88.5,9.5));
#2616 = CARTESIAN_POINT('',(82.5,9.5));
#2617 = ( GEOMETRIC_REPRESENTATION_CONTEXT(2) 
PARAMETRIC_REPRESENTATION_CONTEXT() REPRESENTATION_CONTEXT('2D SPACE',''
  ) );
#2618 = PCURVE('',#2619,#2624);
#2619 = PLANE('',#2620);
#2620 = AXIS2_PLACEMENT_3D('',#2621,#2622,#2623);
#2621 = CARTESIAN_POINT('',(30.,9.5,-1.));
#2622 = DIRECTION('',(0.,1.,0.));
#2623 = DIRECTION('',(0.,0.,1.));
#2624 = DEFINITIONAL_REPRESENTATION('',(#2625),#2628);
#2625 = B_SPLINE_CURVE_WITH_KNOTS('',1,(#2626,#2627),.UNSPECIFIED.,.F.,
  .F.,(2,2),(-47.25,-41.25),.PIECEWISE_BEZIER_KNOTS.);
#2626 = CARTESIAN_POINT('',(1.,6.));
#2627 = CARTESIAN_POINT('',(1.,0.));
#2628 = ( GEOMETRIC_REPRESENTATION_CONTEXT(2) 
PARAMETRIC_REPRESENTATION_CONTEXT() REPRESENTATION_CONTEXT('2D SPACE',''
  ) );
#2629 = ORIENTED_EDGE('',*,*,#2630,.F.);
#2630 = EDGE_CURVE('',#2551,#2605,#2631,.T.);
#2631 = SURFACE_CURVE('',#2632,(#2636,#2642),.PCURVE_S1.);
#2632 = LINE('',#2633,#2634);
#2633 = CARTESIAN_POINT('',(36.,3.25,0.));
#2634 = VECTOR('',#2635,1.);
#2635 = DIRECTION('',(0.,1.,0.));
#2636 = PCURVE('',#72,#2637);
#2637 = DEFINITIONAL_REPRESENTATION('',(#2638),#2641);
#2638 = B_SPLINE_CURVE_WITH_KNOTS('',1,(#2639,#2640),.UNSPECIFIED.,.F.,
  .F.,(2,2),(3.25,6.25),.PIECEWISE_BEZIER_KNOTS.);
#2639 = CARTESIAN_POINT('',(88.5,6.5));
#2640 = CARTESIAN_POINT('',(88.5,9.5));
#2641 = ( GEOMETRIC_REPRESENTATION_CONTEXT(2) 
PARAMETRIC_REPRESENTATION_CONTEXT() REPRESENTATION_CONTEXT('2D SPACE',''
  ) );
#2642 = PCURVE('',#2643,#2648);
#2643 = PLANE('',#2644);
#2644 = AXIS2_PLACEMENT_3D('',#2645,#2646,#2647);
#2645 = CARTESIAN_POINT('',(36.,6.5,-1.));
#2646 = DIRECTION('',(1.,0.,0.));
#2647 = DIRECTION('',(0.,0.,1.));
#2648 = DEFINITIONAL_REPRESENTATION('',(#2649),#2652);
#2649 = B_SPLINE_CURVE_WITH_KNOTS('',1,(#2650,#2651),.UNSPECIFIED.,.F.,
  .F.,(2,2),(3.25,6.25),.PIECEWISE_BEZIER_KNOTS.);
#2650 = CARTESIAN_POINT('',(1.,0.));
#2651 = CARTESIAN_POINT('',(1.,-3.));
#2652 = ( GEOMETRIC_REPRESENTATION_CONTEXT(2) 
PARAMETRIC_REPRESENTATION_CONTEXT() REPRESENTATION_CONTEXT('2D SPACE',''
  ) );
#2653 = FACE_BOUND('',#2654,.F.);
#2654 = EDGE_LOOP('',(#2655,#2682,#2707,#2736,#2760,#2780,#2805));
#2655 = ORIENTED_EDGE('',*,*,#2656,.T.);
#2656 = EDGE_CURVE('',#2657,#2659,#2661,.T.);
#2657 = VERTEX_POINT('',#2658);
#2658 = CARTESIAN_POINT('',(3.91,27.39,-3.642919299551E-17));
#2659 = VERTEX_POINT('',#2660);
#2660 = CARTESIAN_POINT('',(26.69,27.39,-3.642919299551E-17));
#2661 = SURFACE_CURVE('',#2662,(#2665,#2671),.PCURVE_S1.);
#2662 = B_SPLINE_CURVE_WITH_KNOTS('',1,(#2663,#2664),.UNSPECIFIED.,.F.,
  .F.,(2,2),(0.,1.),.PIECEWISE_BEZIER_KNOTS.);
#2663 = CARTESIAN_POINT('',(3.91,27.39,0.));
#2664 = CARTESIAN_POINT('',(26.69,27.39,0.));
#2665 = PCURVE('',#72,#2666);
#2666 = DEFINITIONAL_REPRESENTATION('',(#2667),#2670);
#2667 = B_SPLINE_CURVE_WITH_KNOTS('',1,(#2668,#2669),.UNSPECIFIED.,.F.,
  .F.,(2,2),(0.,1.),.PIECEWISE_BEZIER_KNOTS.);
#2668 = CARTESIAN_POINT('',(56.41,27.39));
#2669 = CARTESIAN_POINT('',(79.19,27.39));
#2670 = ( GEOMETRIC_REPRESENTATION_CONTEXT(2) 
PARAMETRIC_REPRESENTATION_CONTEXT() REPRESENTATION_CONTEXT('2D SPACE',''
  ) );
#2671 = PCURVE('',#2672,#2677);
#2672 = B_SPLINE_SURFACE_WITH_KNOTS('',1,1,(
    (#2673,#2674)
    ,(#2675,#2676
    )),.UNSPECIFIED.,.F.,.F.,.F.,(2,2),(2,2),(0.,22.8),(0.,1.),
  .PIECEWISE_BEZIER_KNOTS.);
#2673 = CARTESIAN_POINT('',(26.7,27.4,-1.E-02));
#2674 = CARTESIAN_POINT('',(25.3,26.,1.39));
#2675 = CARTESIAN_POINT('',(3.9,27.4,-1.E-02));
#2676 = CARTESIAN_POINT('',(5.3,26.,1.39));
#2677 = DEFINITIONAL_REPRESENTATION('',(#2678),#2681);
#2678 = B_SPLINE_CURVE_WITH_KNOTS('',1,(#2679,#2680),.UNSPECIFIED.,.F.,
  .F.,(2,2),(0.,1.),.PIECEWISE_BEZIER_KNOTS.);
#2679 = CARTESIAN_POINT('',(22.8,7.142857142857E-03));
#2680 = CARTESIAN_POINT('',(0.,7.142857142857E-03));
#2681 = ( GEOMETRIC_REPRESENTATION_CONTEXT(2) 
PARAMETRIC_REPRESENTATION_CONTEXT() REPRESENTATION_CONTEXT('2D SPACE',''
  ) );
#2682 = ORIENTED_EDGE('',*,*,#2683,.T.);
#2683 = EDGE_CURVE('',#2659,#2684,#2686,.T.);
#2684 = VERTEX_POINT('',#2685);
#2685 = CARTESIAN_POINT('',(26.69,17.015862472237,0.));
#2686 = SURFACE_CURVE('',#2687,(#2690,#2696),.PCURVE_S1.);
#2687 = B_SPLINE_CURVE_WITH_KNOTS('',1,(#2688,#2689),.UNSPECIFIED.,.F.,
  .F.,(2,2),(0.,1.),.PIECEWISE_BEZIER_KNOTS.);
#2688 = CARTESIAN_POINT('',(26.69,27.39,0.));
#2689 = CARTESIAN_POINT('',(26.69,4.81,0.));
#2690 = PCURVE('',#72,#2691);
#2691 = DEFINITIONAL_REPRESENTATION('',(#2692),#2695);
#2692 = B_SPLINE_CURVE_WITH_KNOTS('',1,(#2693,#2694),.UNSPECIFIED.,.F.,
  .F.,(2,2),(0.,1.),.PIECEWISE_BEZIER_KNOTS.);
#2693 = CARTESIAN_POINT('',(79.19,27.39));
#2694 = CARTESIAN_POINT('',(79.19,4.81));
#2695 = ( GEOMETRIC_REPRESENTATION_CONTEXT(2) 
PARAMETRIC_REPRESENTATION_CONTEXT() REPRESENTATION_CONTEXT('2D SPACE',''
  ) );
#2696 = PCURVE('',#2697,#2702);
#2697 = B_SPLINE_SURFACE_WITH_KNOTS('',1,1,(
    (#2698,#2699)
    ,(#2700,#2701
    )),.UNSPECIFIED.,.F.,.F.,.F.,(2,2),(2,2),(0.,22.6),(0.,1.),
  .PIECEWISE_BEZIER_KNOTS.);
#2698 = CARTESIAN_POINT('',(26.7,4.8,-1.E-02));
#2699 = CARTESIAN_POINT('',(25.3,6.2,1.39));
#2700 = CARTESIAN_POINT('',(26.7,27.4,-1.E-02));
#2701 = CARTESIAN_POINT('',(25.3,26.,1.39));
#2702 = DEFINITIONAL_REPRESENTATION('',(#2703),#2706);
#2703 = B_SPLINE_CURVE_WITH_KNOTS('',1,(#2704,#2705),.UNSPECIFIED.,.F.,
  .F.,(2,2),(0.,1.),.PIECEWISE_BEZIER_KNOTS.);
#2704 = CARTESIAN_POINT('',(22.6,7.142857142857E-03));
#2705 = CARTESIAN_POINT('',(0.,7.142857142857E-03));
#2706 = ( GEOMETRIC_REPRESENTATION_CONTEXT(2) 
PARAMETRIC_REPRESENTATION_CONTEXT() REPRESENTATION_CONTEXT('2D SPACE',''
  ) );
#2707 = ORIENTED_EDGE('',*,*,#2708,.F.);
#2708 = EDGE_CURVE('',#2709,#2684,#2711,.T.);
#2709 = VERTEX_POINT('',#2710);
#2710 = CARTESIAN_POINT('',(39.39125,16.,0.));
#2711 = SURFACE_CURVE('',#2712,(#2717,#2724),.PCURVE_S1.);
#2712 = CIRCLE('',#2713,6.39125);
#2713 = AXIS2_PLACEMENT_3D('',#2714,#2715,#2716);
#2714 = CARTESIAN_POINT('',(33.,16.,0.));
#2715 = DIRECTION('',(0.,0.,1.));
#2716 = DIRECTION('',(1.,0.,-0.));
#2717 = PCURVE('',#72,#2718);
#2718 = DEFINITIONAL_REPRESENTATION('',(#2719),#2723);
#2719 = CIRCLE('',#2720,6.39125);
#2720 = AXIS2_PLACEMENT_2D('',#2721,#2722);
#2721 = CARTESIAN_POINT('',(85.5,16.));
#2722 = DIRECTION('',(1.,0.));
#2723 = ( GEOMETRIC_REPRESENTATION_CONTEXT(2) 
PARAMETRIC_REPRESENTATION_CONTEXT() REPRESENTATION_CONTEXT('2D SPACE',''
  ) );
#2724 = PCURVE('',#2725,#2730);
#2725 = CONICAL_SURFACE('',#2726,6.4,0.718829999622);
#2726 = AXIS2_PLACEMENT_3D('',#2727,#2728,#2729);
#2727 = CARTESIAN_POINT('',(33.,16.,-1.E-02));
#2728 = DIRECTION('',(-0.,-0.,-1.));
#2729 = DIRECTION('',(1.,0.,-0.));
#2730 = DEFINITIONAL_REPRESENTATION('',(#2731),#2735);
#2731 = LINE('',#2732,#2733);
#2732 = CARTESIAN_POINT('',(-0.,-1.E-02));
#2733 = VECTOR('',#2734,1.);
#2734 = DIRECTION('',(-1.,-0.));
#2735 = ( GEOMETRIC_REPRESENTATION_CONTEXT(2) 
PARAMETRIC_REPRESENTATION_CONTEXT() REPRESENTATION_CONTEXT('2D SPACE',''
  ) );
#2736 = ORIENTED_EDGE('',*,*,#2737,.F.);
#2737 = EDGE_CURVE('',#2738,#2709,#2740,.T.);
#2738 = VERTEX_POINT('',#2739);
#2739 = CARTESIAN_POINT('',(26.69,14.984137527763,0.));
#2740 = SURFACE_CURVE('',#2741,(#2746,#2753),.PCURVE_S1.);
#2741 = CIRCLE('',#2742,6.39125);
#2742 = AXIS2_PLACEMENT_3D('',#2743,#2744,#2745);
#2743 = CARTESIAN_POINT('',(33.,16.,0.));
#2744 = DIRECTION('',(0.,0.,1.));
#2745 = DIRECTION('',(1.,0.,-0.));
#2746 = PCURVE('',#72,#2747);
#2747 = DEFINITIONAL_REPRESENTATION('',(#2748),#2752);
#2748 = CIRCLE('',#2749,6.39125);
#2749 = AXIS2_PLACEMENT_2D('',#2750,#2751);
#2750 = CARTESIAN_POINT('',(85.5,16.));
#2751 = DIRECTION('',(1.,0.));
#2752 = ( GEOMETRIC_REPRESENTATION_CONTEXT(2) 
PARAMETRIC_REPRESENTATION_CONTEXT() REPRESENTATION_CONTEXT('2D SPACE',''
  ) );
#2753 = PCURVE('',#2725,#2754);
#2754 = DEFINITIONAL_REPRESENTATION('',(#2755),#2759);
#2755 = LINE('',#2756,#2757);
#2756 = CARTESIAN_POINT('',(-0.,-1.E-02));
#2757 = VECTOR('',#2758,1.);
#2758 = DIRECTION('',(-1.,-0.));
#2759 = ( GEOMETRIC_REPRESENTATION_CONTEXT(2) 
PARAMETRIC_REPRESENTATION_CONTEXT() REPRESENTATION_CONTEXT('2D SPACE',''
  ) );
#2760 = ORIENTED_EDGE('',*,*,#2761,.T.);
#2761 = EDGE_CURVE('',#2738,#2762,#2764,.T.);
#2762 = VERTEX_POINT('',#2763);
#2763 = CARTESIAN_POINT('',(26.69,4.81,-3.642919299551E-17));
#2764 = SURFACE_CURVE('',#2765,(#2768,#2774),.PCURVE_S1.);
#2765 = B_SPLINE_CURVE_WITH_KNOTS('',1,(#2766,#2767),.UNSPECIFIED.,.F.,
  .F.,(2,2),(0.,1.),.PIECEWISE_BEZIER_KNOTS.);
#2766 = CARTESIAN_POINT('',(26.69,27.39,0.));
#2767 = CARTESIAN_POINT('',(26.69,4.81,0.));
#2768 = PCURVE('',#72,#2769);
#2769 = DEFINITIONAL_REPRESENTATION('',(#2770),#2773);
#2770 = B_SPLINE_CURVE_WITH_KNOTS('',1,(#2771,#2772),.UNSPECIFIED.,.F.,
  .F.,(2,2),(0.,1.),.PIECEWISE_BEZIER_KNOTS.);
#2771 = CARTESIAN_POINT('',(79.19,27.39));
#2772 = CARTESIAN_POINT('',(79.19,4.81));
#2773 = ( GEOMETRIC_REPRESENTATION_CONTEXT(2) 
PARAMETRIC_REPRESENTATION_CONTEXT() REPRESENTATION_CONTEXT('2D SPACE',''
  ) );
#2774 = PCURVE('',#2697,#2775);
#2775 = DEFINITIONAL_REPRESENTATION('',(#2776),#2779);
#2776 = B_SPLINE_CURVE_WITH_KNOTS('',1,(#2777,#2778),.UNSPECIFIED.,.F.,
  .F.,(2,2),(0.,1.),.PIECEWISE_BEZIER_KNOTS.);
#2777 = CARTESIAN_POINT('',(22.6,7.142857142857E-03));
#2778 = CARTESIAN_POINT('',(0.,7.142857142857E-03));
#2779 = ( GEOMETRIC_REPRESENTATION_CONTEXT(2) 
PARAMETRIC_REPRESENTATION_CONTEXT() REPRESENTATION_CONTEXT('2D SPACE',''
  ) );
#2780 = ORIENTED_EDGE('',*,*,#2781,.T.);
#2781 = EDGE_CURVE('',#2762,#2782,#2784,.T.);
#2782 = VERTEX_POINT('',#2783);
#2783 = CARTESIAN_POINT('',(3.91,4.81,-3.642919299551E-17));
#2784 = SURFACE_CURVE('',#2785,(#2788,#2794),.PCURVE_S1.);
#2785 = B_SPLINE_CURVE_WITH_KNOTS('',1,(#2786,#2787),.UNSPECIFIED.,.F.,
  .F.,(2,2),(0.,1.),.PIECEWISE_BEZIER_KNOTS.);
#2786 = CARTESIAN_POINT('',(26.69,4.81,0.));
#2787 = CARTESIAN_POINT('',(3.91,4.81,0.));
#2788 = PCURVE('',#72,#2789);
#2789 = DEFINITIONAL_REPRESENTATION('',(#2790),#2793);
#2790 = B_SPLINE_CURVE_WITH_KNOTS('',1,(#2791,#2792),.UNSPECIFIED.,.F.,
  .F.,(2,2),(0.,1.),.PIECEWISE_BEZIER_KNOTS.);
#2791 = CARTESIAN_POINT('',(79.19,4.81));
#2792 = CARTESIAN_POINT('',(56.41,4.81));
#2793 = ( GEOMETRIC_REPRESENTATION_CONTEXT(2) 
PARAMETRIC_REPRESENTATION_CONTEXT() REPRESENTATION_CONTEXT('2D SPACE',''
  ) );
#2794 = PCURVE('',#2795,#2800);
#2795 = B_SPLINE_SURFACE_WITH_KNOTS('',1,1,(
    (#2796,#2797)
    ,(#2798,#2799
    )),.UNSPECIFIED.,.F.,.F.,.F.,(2,2),(2,2),(0.,22.8),(0.,1.),
  .PIECEWISE_BEZIER_KNOTS.);
#2796 = CARTESIAN_POINT('',(3.9,4.8,-1.E-02));
#2797 = CARTESIAN_POINT('',(5.3,6.2,1.39));
#2798 = CARTESIAN_POINT('',(26.7,4.8,-1.E-02));
#2799 = CARTESIAN_POINT('',(25.3,6.2,1.39));
#2800 = DEFINITIONAL_REPRESENTATION('',(#2801),#2804);
#2801 = B_SPLINE_CURVE_WITH_KNOTS('',1,(#2802,#2803),.UNSPECIFIED.,.F.,
  .F.,(2,2),(0.,1.),.PIECEWISE_BEZIER_KNOTS.);
#2802 = CARTESIAN_POINT('',(22.8,7.142857142857E-03));
#2803 = CARTESIAN_POINT('',(0.,7.142857142857E-03));
#2804 = ( GEOMETRIC_REPRESENTATION_CONTEXT(2) 
PARAMETRIC_REPRESENTATION_CONTEXT() REPRESENTATION_CONTEXT('2D SPACE',''
  ) );
#2805 = ORIENTED_EDGE('',*,*,#2806,.T.);
#2806 = EDGE_CURVE('',#2782,#2657,#2807,.T.);
#2807 = SURFACE_CURVE('',#2808,(#2811,#2817),.PCURVE_S1.);
#2808 = B_SPLINE_CURVE_WITH_KNOTS('',1,(#2809,#2810),.UNSPECIFIED.,.F.,
  .F.,(2,2),(0.,1.),.PIECEWISE_BEZIER_KNOTS.);
#2809 = CARTESIAN_POINT('',(3.91,4.81,0.));
#2810 = CARTESIAN_POINT('',(3.91,27.39,0.));
#2811 = PCURVE('',#72,#2812);
#2812 = DEFINITIONAL_REPRESENTATION('',(#2813),#2816);
#2813 = B_SPLINE_CURVE_WITH_KNOTS('',1,(#2814,#2815),.UNSPECIFIED.,.F.,
  .F.,(2,2),(0.,1.),.PIECEWISE_BEZIER_KNOTS.);
#2814 = CARTESIAN_POINT('',(56.41,4.81));
#2815 = CARTESIAN_POINT('',(56.41,27.39));
#2816 = ( GEOMETRIC_REPRESENTATION_CONTEXT(2) 
PARAMETRIC_REPRESENTATION_CONTEXT() REPRESENTATION_CONTEXT('2D SPACE',''
  ) );
#2817 = PCURVE('',#2818,#2823);
#2818 = B_SPLINE_SURFACE_WITH_KNOTS('',1,1,(
    (#2819,#2820)
    ,(#2821,#2822
    )),.UNSPECIFIED.,.F.,.F.,.F.,(2,2),(2,2),(0.,22.6),(0.,1.),
  .PIECEWISE_BEZIER_KNOTS.);
#2819 = CARTESIAN_POINT('',(3.9,27.4,-1.E-02));
#2820 = CARTESIAN_POINT('',(5.3,26.,1.39));
#2821 = CARTESIAN_POINT('',(3.9,4.8,-1.E-02));
#2822 = CARTESIAN_POINT('',(5.3,6.2,1.39));
#2823 = DEFINITIONAL_REPRESENTATION('',(#2824),#2827);
#2824 = B_SPLINE_CURVE_WITH_KNOTS('',1,(#2825,#2826),.UNSPECIFIED.,.F.,
  .F.,(2,2),(0.,1.),.PIECEWISE_BEZIER_KNOTS.);
#2825 = CARTESIAN_POINT('',(22.6,7.142857142857E-03));
#2826 = CARTESIAN_POINT('',(0.,7.142857142857E-03));
#2827 = ( GEOMETRIC_REPRESENTATION_CONTEXT(2) 
PARAMETRIC_REPRESENTATION_CONTEXT() REPRESENTATION_CONTEXT('2D SPACE',''
  ) );
#2828 = FACE_BOUND('',#2829,.F.);
#2829 = EDGE_LOOP('',(#2830,#2858,#2884,#2910));
#2830 = ORIENTED_EDGE('',*,*,#2831,.T.);
#2831 = EDGE_CURVE('',#2832,#2834,#2836,.T.);
#2832 = VERTEX_POINT('',#2833);
#2833 = CARTESIAN_POINT('',(-30.,22.5,0.));
#2834 = VERTEX_POINT('',#2835);
#2835 = CARTESIAN_POINT('',(-36.,22.5,0.));
#2836 = SURFACE_CURVE('',#2837,(#2841,#2847),.PCURVE_S1.);
#2837 = LINE('',#2838,#2839);
#2838 = CARTESIAN_POINT('',(-44.25,22.5,0.));
#2839 = VECTOR('',#2840,1.);
#2840 = DIRECTION('',(-1.,0.,0.));
#2841 = PCURVE('',#72,#2842);
#2842 = DEFINITIONAL_REPRESENTATION('',(#2843),#2846);
#2843 = B_SPLINE_CURVE_WITH_KNOTS('',1,(#2844,#2845),.UNSPECIFIED.,.F.,
  .F.,(2,2),(-14.25,-8.25),.PIECEWISE_BEZIER_KNOTS.);
#2844 = CARTESIAN_POINT('',(22.5,22.5));
#2845 = CARTESIAN_POINT('',(16.5,22.5));
#2846 = ( GEOMETRIC_REPRESENTATION_CONTEXT(2) 
PARAMETRIC_REPRESENTATION_CONTEXT() REPRESENTATION_CONTEXT('2D SPACE',''
  ) );
#2847 = PCURVE('',#2848,#2853);
#2848 = PLANE('',#2849);
#2849 = AXIS2_PLACEMENT_3D('',#2850,#2851,#2852);
#2850 = CARTESIAN_POINT('',(-36.,22.5,-1.));
#2851 = DIRECTION('',(0.,1.,0.));
#2852 = DIRECTION('',(0.,0.,1.));
#2853 = DEFINITIONAL_REPRESENTATION('',(#2854),#2857);
#2854 = B_SPLINE_CURVE_WITH_KNOTS('',1,(#2855,#2856),.UNSPECIFIED.,.F.,
  .F.,(2,2),(-14.25,-8.25),.PIECEWISE_BEZIER_KNOTS.);
#2855 = CARTESIAN_POINT('',(1.,6.));
#2856 = CARTESIAN_POINT('',(1.,0.));
#2857 = ( GEOMETRIC_REPRESENTATION_CONTEXT(2) 
PARAMETRIC_REPRESENTATION_CONTEXT() REPRESENTATION_CONTEXT('2D SPACE',''
  ) );
#2858 = ORIENTED_EDGE('',*,*,#2859,.T.);
#2859 = EDGE_CURVE('',#2834,#2860,#2862,.T.);
#2860 = VERTEX_POINT('',#2861);
#2861 = CARTESIAN_POINT('',(-36.,25.5,0.));
#2862 = SURFACE_CURVE('',#2863,(#2867,#2873),.PCURVE_S1.);
#2863 = LINE('',#2864,#2865);
#2864 = CARTESIAN_POINT('',(-36.,11.25,0.));
#2865 = VECTOR('',#2866,1.);
#2866 = DIRECTION('',(0.,1.,0.));
#2867 = PCURVE('',#72,#2868);
#2868 = DEFINITIONAL_REPRESENTATION('',(#2869),#2872);
#2869 = B_SPLINE_CURVE_WITH_KNOTS('',1,(#2870,#2871),.UNSPECIFIED.,.F.,
  .F.,(2,2),(11.25,14.25),.PIECEWISE_BEZIER_KNOTS.);
#2870 = CARTESIAN_POINT('',(16.5,22.5));
#2871 = CARTESIAN_POINT('',(16.5,25.5));
#2872 = ( GEOMETRIC_REPRESENTATION_CONTEXT(2) 
PARAMETRIC_REPRESENTATION_CONTEXT() REPRESENTATION_CONTEXT('2D SPACE',''
  ) );
#2873 = PCURVE('',#2874,#2879);
#2874 = PLANE('',#2875);
#2875 = AXIS2_PLACEMENT_3D('',#2876,#2877,#2878);
#2876 = CARTESIAN_POINT('',(-36.,22.5,-1.));
#2877 = DIRECTION('',(1.,0.,0.));
#2878 = DIRECTION('',(0.,0.,1.));
#2879 = DEFINITIONAL_REPRESENTATION('',(#2880),#2883);
#2880 = B_SPLINE_CURVE_WITH_KNOTS('',1,(#2881,#2882),.UNSPECIFIED.,.F.,
  .F.,(2,2),(11.25,14.25),.PIECEWISE_BEZIER_KNOTS.);
#2881 = CARTESIAN_POINT('',(1.,0.));
#2882 = CARTESIAN_POINT('',(1.,-3.));
#2883 = ( GEOMETRIC_REPRESENTATION_CONTEXT(2) 
PARAMETRIC_REPRESENTATION_CONTEXT() REPRESENTATION_CONTEXT('2D SPACE',''
  ) );
#2884 = ORIENTED_EDGE('',*,*,#2885,.F.);
#2885 = EDGE_CURVE('',#2886,#2860,#2888,.T.);
#2886 = VERTEX_POINT('',#2887);
#2887 = CARTESIAN_POINT('',(-30.,25.5,0.));
#2888 = SURFACE_CURVE('',#2889,(#2893,#2899),.PCURVE_S1.);
#2889 = LINE('',#2890,#2891);
#2890 = CARTESIAN_POINT('',(-44.25,25.5,0.));
#2891 = VECTOR('',#2892,1.);
#2892 = DIRECTION('',(-1.,0.,0.));
#2893 = PCURVE('',#72,#2894);
#2894 = DEFINITIONAL_REPRESENTATION('',(#2895),#2898);
#2895 = B_SPLINE_CURVE_WITH_KNOTS('',1,(#2896,#2897),.UNSPECIFIED.,.F.,
  .F.,(2,2),(-14.25,-8.25),.PIECEWISE_BEZIER_KNOTS.);
#2896 = CARTESIAN_POINT('',(22.5,25.5));
#2897 = CARTESIAN_POINT('',(16.5,25.5));
#2898 = ( GEOMETRIC_REPRESENTATION_CONTEXT(2) 
PARAMETRIC_REPRESENTATION_CONTEXT() REPRESENTATION_CONTEXT('2D SPACE',''
  ) );
#2899 = PCURVE('',#2900,#2905);
#2900 = PLANE('',#2901);
#2901 = AXIS2_PLACEMENT_3D('',#2902,#2903,#2904);
#2902 = CARTESIAN_POINT('',(-36.,25.5,-1.));
#2903 = DIRECTION('',(0.,1.,0.));
#2904 = DIRECTION('',(0.,0.,1.));
#2905 = DEFINITIONAL_REPRESENTATION('',(#2906),#2909);
#2906 = B_SPLINE_CURVE_WITH_KNOTS('',1,(#2907,#2908),.UNSPECIFIED.,.F.,
  .F.,(2,2),(-14.25,-8.25),.PIECEWISE_BEZIER_KNOTS.);
#2907 = CARTESIAN_POINT('',(1.,6.));
#2908 = CARTESIAN_POINT('',(1.,0.));
#2909 = ( GEOMETRIC_REPRESENTATION_CONTEXT(2) 
PARAMETRIC_REPRESENTATION_CONTEXT() REPRESENTATION_CONTEXT('2D SPACE',''
  ) );
#2910 = ORIENTED_EDGE('',*,*,#2911,.F.);
#2911 = EDGE_CURVE('',#2832,#2886,#2912,.T.);
#2912 = SURFACE_CURVE('',#2913,(#2917,#2923),.PCURVE_S1.);
#2913 = LINE('',#2914,#2915);
#2914 = CARTESIAN_POINT('',(-30.,11.25,0.));
#2915 = VECTOR('',#2916,1.);
#2916 = DIRECTION('',(0.,1.,0.));
#2917 = PCURVE('',#72,#2918);
#2918 = DEFINITIONAL_REPRESENTATION('',(#2919),#2922);
#2919 = B_SPLINE_CURVE_WITH_KNOTS('',1,(#2920,#2921),.UNSPECIFIED.,.F.,
  .F.,(2,2),(11.25,14.25),.PIECEWISE_BEZIER_KNOTS.);
#2920 = CARTESIAN_POINT('',(22.5,22.5));
#2921 = CARTESIAN_POINT('',(22.5,25.5));
#2922 = ( GEOMETRIC_REPRESENTATION_CONTEXT(2) 
PARAMETRIC_REPRESENTATION_CONTEXT() REPRESENTATION_CONTEXT('2D SPACE',''
  ) );
#2923 = PCURVE('',#2924,#2929);
#2924 = PLANE('',#2925);
#2925 = AXIS2_PLACEMENT_3D('',#2926,#2927,#2928);
#2926 = CARTESIAN_POINT('',(-30.,22.5,-1.));
#2927 = DIRECTION('',(1.,0.,0.));
#2928 = DIRECTION('',(0.,0.,1.));
#2929 = DEFINITIONAL_REPRESENTATION('',(#2930),#2933);
#2930 = B_SPLINE_CURVE_WITH_KNOTS('',1,(#2931,#2932),.UNSPECIFIED.,.F.,
  .F.,(2,2),(11.25,14.25),.PIECEWISE_BEZIER_KNOTS.);
#2931 = CARTESIAN_POINT('',(1.,0.));
#2932 = CARTESIAN_POINT('',(1.,-3.));
#2933 = ( GEOMETRIC_REPRESENTATION_CONTEXT(2) 
PARAMETRIC_REPRESENTATION_CONTEXT() REPRESENTATION_CONTEXT('2D SPACE',''
  ) );
#2934 = FACE_BOUND('',#2935,.F.);
#2935 = EDGE_LOOP('',(#2936,#2964,#2990,#3016));
#2936 = ORIENTED_EDGE('',*,*,#2937,.T.);
#2937 = EDGE_CURVE('',#2938,#2940,#2942,.T.);
#2938 = VERTEX_POINT('',#2939);
#2939 = CARTESIAN_POINT('',(36.,22.5,0.));
#2940 = VERTEX_POINT('',#2941);
#2941 = CARTESIAN_POINT('',(30.,22.5,0.));
#2942 = SURFACE_CURVE('',#2943,(#2947,#2953),.PCURVE_S1.);
#2943 = LINE('',#2944,#2945);
#2944 = CARTESIAN_POINT('',(-11.25,22.5,0.));
#2945 = VECTOR('',#2946,1.);
#2946 = DIRECTION('',(-1.,0.,0.));
#2947 = PCURVE('',#72,#2948);
#2948 = DEFINITIONAL_REPRESENTATION('',(#2949),#2952);
#2949 = B_SPLINE_CURVE_WITH_KNOTS('',1,(#2950,#2951),.UNSPECIFIED.,.F.,
  .F.,(2,2),(-47.25,-41.25),.PIECEWISE_BEZIER_KNOTS.);
#2950 = CARTESIAN_POINT('',(88.5,22.5));
#2951 = CARTESIAN_POINT('',(82.5,22.5));
#2952 = ( GEOMETRIC_REPRESENTATION_CONTEXT(2) 
PARAMETRIC_REPRESENTATION_CONTEXT() REPRESENTATION_CONTEXT('2D SPACE',''
  ) );
#2953 = PCURVE('',#2954,#2959);
#2954 = PLANE('',#2955);
#2955 = AXIS2_PLACEMENT_3D('',#2956,#2957,#2958);
#2956 = CARTESIAN_POINT('',(30.,22.5,-1.));
#2957 = DIRECTION('',(0.,1.,0.));
#2958 = DIRECTION('',(0.,0.,1.));
#2959 = DEFINITIONAL_REPRESENTATION('',(#2960),#2963);
#2960 = B_SPLINE_CURVE_WITH_KNOTS('',1,(#2961,#2962),.UNSPECIFIED.,.F.,
  .F.,(2,2),(-47.25,-41.25),.PIECEWISE_BEZIER_KNOTS.);
#2961 = CARTESIAN_POINT('',(1.,6.));
#2962 = CARTESIAN_POINT('',(1.,0.));
#2963 = ( GEOMETRIC_REPRESENTATION_CONTEXT(2) 
PARAMETRIC_REPRESENTATION_CONTEXT() REPRESENTATION_CONTEXT('2D SPACE',''
  ) );
#2964 = ORIENTED_EDGE('',*,*,#2965,.T.);
#2965 = EDGE_CURVE('',#2940,#2966,#2968,.T.);
#2966 = VERTEX_POINT('',#2967);
#2967 = CARTESIAN_POINT('',(30.,25.5,0.));
#2968 = SURFACE_CURVE('',#2969,(#2973,#2979),.PCURVE_S1.);
#2969 = LINE('',#2970,#2971);
#2970 = CARTESIAN_POINT('',(30.,11.25,0.));
#2971 = VECTOR('',#2972,1.);
#2972 = DIRECTION('',(0.,1.,0.));
#2973 = PCURVE('',#72,#2974);
#2974 = DEFINITIONAL_REPRESENTATION('',(#2975),#2978);
#2975 = B_SPLINE_CURVE_WITH_KNOTS('',1,(#2976,#2977),.UNSPECIFIED.,.F.,
  .F.,(2,2),(11.25,14.25),.PIECEWISE_BEZIER_KNOTS.);
#2976 = CARTESIAN_POINT('',(82.5,22.5));
#2977 = CARTESIAN_POINT('',(82.5,25.5));
#2978 = ( GEOMETRIC_REPRESENTATION_CONTEXT(2) 
PARAMETRIC_REPRESENTATION_CONTEXT() REPRESENTATION_CONTEXT('2D SPACE',''
  ) );
#2979 = PCURVE('',#2980,#2985);
#2980 = PLANE('',#2981);
#2981 = AXIS2_PLACEMENT_3D('',#2982,#2983,#2984);
#2982 = CARTESIAN_POINT('',(30.,22.5,-1.));
#2983 = DIRECTION('',(1.,0.,0.));
#2984 = DIRECTION('',(0.,0.,1.));
#2985 = DEFINITIONAL_REPRESENTATION('',(#2986),#2989);
#2986 = B_SPLINE_CURVE_WITH_KNOTS('',1,(#2987,#2988),.UNSPECIFIED.,.F.,
  .F.,(2,2),(11.25,14.25),.PIECEWISE_BEZIER_KNOTS.);
#2987 = CARTESIAN_POINT('',(1.,0.));
#2988 = CARTESIAN_POINT('',(1.,-3.));
#2989 = ( GEOMETRIC_REPRESENTATION_CONTEXT(2) 
PARAMETRIC_REPRESENTATION_CONTEXT() REPRESENTATION_CONTEXT('2D SPACE',''
  ) );
#2990 = ORIENTED_EDGE('',*,*,#2991,.F.);
#2991 = EDGE_CURVE('',#2992,#2966,#2994,.T.);
#2992 = VERTEX_POINT('',#2993);
#2993 = CARTESIAN_POINT('',(36.,25.5,0.));
#2994 = SURFACE_CURVE('',#2995,(#2999,#3005),.PCURVE_S1.);
#2995 = LINE('',#2996,#2997);
#2996 = CARTESIAN_POINT('',(-11.25,25.5,0.));
#2997 = VECTOR('',#2998,1.);
#2998 = DIRECTION('',(-1.,0.,0.));
#2999 = PCURVE('',#72,#3000);
#3000 = DEFINITIONAL_REPRESENTATION('',(#3001),#3004);
#3001 = B_SPLINE_CURVE_WITH_KNOTS('',1,(#3002,#3003),.UNSPECIFIED.,.F.,
  .F.,(2,2),(-47.25,-41.25),.PIECEWISE_BEZIER_KNOTS.);
#3002 = CARTESIAN_POINT('',(88.5,25.5));
#3003 = CARTESIAN_POINT('',(82.5,25.5));
#3004 = ( GEOMETRIC_REPRESENTATION_CONTEXT(2) 
PARAMETRIC_REPRESENTATION_CONTEXT() REPRESENTATION_CONTEXT('2D SPACE',''
  ) );
#3005 = PCURVE('',#3006,#3011);
#3006 = PLANE('',#3007);
#3007 = AXIS2_PLACEMENT_3D('',#3008,#3009,#3010);
#3008 = CARTESIAN_POINT('',(30.,25.5,-1.));
#3009 = DIRECTION('',(0.,1.,0.));
#3010 = DIRECTION('',(0.,0.,1.));
#3011 = DEFINITIONAL_REPRESENTATION('',(#3012),#3015);
#3012 = B_SPLINE_CURVE_WITH_KNOTS('',1,(#3013,#3014),.UNSPECIFIED.,.F.,
  .F.,(2,2),(-47.25,-41.25),.PIECEWISE_BEZIER_KNOTS.);
#3013 = CARTESIAN_POINT('',(1.,6.));
#3014 = CARTESIAN_POINT('',(1.,0.));
#3015 = ( GEOMETRIC_REPRESENTATION_CONTEXT(2) 
PARAMETRIC_REPRESENTATION_CONTEXT() REPRESENTATION_CONTEXT('2D SPACE',''
  ) );
#3016 = ORIENTED_EDGE('',*,*,#3017,.F.);
#3017 = EDGE_CURVE('',#2938,#2992,#3018,.T.);
#3018 = SURFACE_CURVE('',#3019,(#3023,#3029),.PCURVE_S1.);
#3019 = LINE('',#3020,#3021);
#3020 = CARTESIAN_POINT('',(36.,11.25,0.));
#3021 = VECTOR('',#3022,1.);
#3022 = DIRECTION('',(0.,1.,0.));
#3023 = PCURVE('',#72,#3024);
#3024 = DEFINITIONAL_REPRESENTATION('',(#3025),#3028);
#3025 = B_SPLINE_CURVE_WITH_KNOTS('',1,(#3026,#3027),.UNSPECIFIED.,.F.,
  .F.,(2,2),(11.25,14.25),.PIECEWISE_BEZIER_KNOTS.);
#3026 = CARTESIAN_POINT('',(88.5,22.5));
#3027 = CARTESIAN_POINT('',(88.5,25.5));
#3028 = ( GEOMETRIC_REPRESENTATION_CONTEXT(2) 
PARAMETRIC_REPRESENTATION_CONTEXT() REPRESENTATION_CONTEXT('2D SPACE',''
  ) );
#3029 = PCURVE('',#3030,#3035);
#3030 = PLANE('',#3031);
#3031 = AXIS2_PLACEMENT_3D('',#3032,#3033,#3034);
#3032 = CARTESIAN_POINT('',(36.,22.5,-1.));
#3033 = DIRECTION('',(1.,0.,0.));
#3034 = DIRECTION('',(0.,0.,1.));
#3035 = DEFINITIONAL_REPRESENTATION('',(#3036),#3039);
#3036 = B_SPLINE_CURVE_WITH_KNOTS('',1,(#3037,#3038),.UNSPECIFIED.,.F.,
  .F.,(2,2),(11.25,14.25),.PIECEWISE_BEZIER_KNOTS.);
#3037 = CARTESIAN_POINT('',(1.,0.));
#3038 = CARTESIAN_POINT('',(1.,-3.));
#3039 = ( GEOMETRIC_REPRESENTATION_CONTEXT(2) 
PARAMETRIC_REPRESENTATION_CONTEXT() REPRESENTATION_CONTEXT('2D SPACE',''
  ) );
#3040 = ADVANCED_FACE('',(#3041),#159,.T.);
#3041 = FACE_BOUND('',#3042,.T.);
#3042 = EDGE_LOOP('',(#3043,#3044,#3045,#3046));
#3043 = ORIENTED_EDGE('',*,*,#141,.F.);
#3044 = ORIENTED_EDGE('',*,*,#2269,.T.);
#3045 = ORIENTED_EDGE('',*,*,#1769,.T.);
#3046 = ORIENTED_EDGE('',*,*,#1720,.F.);
#3047 = ADVANCED_FACE('',(#3048),#293,.F.);
#3048 = FACE_BOUND('',#3049,.F.);
#3049 = EDGE_LOOP('',(#3050,#3073,#3074,#3075));
#3050 = ORIENTED_EDGE('',*,*,#3051,.F.);
#3051 = EDGE_CURVE('',#1675,#3052,#3054,.T.);
#3052 = VERTEX_POINT('',#3053);
#3053 = CARTESIAN_POINT('',(10.,5.,74.));
#3054 = SURFACE_CURVE('',#3055,(#3059,#3066),.PCURVE_S1.);
#3055 = LINE('',#3056,#3057);
#3056 = CARTESIAN_POINT('',(19.,5.,60.));
#3057 = VECTOR('',#3058,1.);
#3058 = DIRECTION('',(-0.540757591313,0.,0.841178475377));
#3059 = PCURVE('',#293,#3060);
#3060 = DEFINITIONAL_REPRESENTATION('',(#3061),#3065);
#3061 = LINE('',#3062,#3063);
#3062 = CARTESIAN_POINT('',(0.,0.));
#3063 = VECTOR('',#3064,1.);
#3064 = DIRECTION('',(1.,0.));
#3065 = ( GEOMETRIC_REPRESENTATION_CONTEXT(2) 
PARAMETRIC_REPRESENTATION_CONTEXT() REPRESENTATION_CONTEXT('2D SPACE',''
  ) );
#3066 = PCURVE('',#1689,#3067);
#3067 = DEFINITIONAL_REPRESENTATION('',(#3068),#3072);
#3068 = LINE('',#3069,#3070);
#3069 = CARTESIAN_POINT('',(14.,19.));
#3070 = VECTOR('',#3071,1.);
#3071 = DIRECTION('',(-0.841178475377,-0.540757591313));
#3072 = ( GEOMETRIC_REPRESENTATION_CONTEXT(2) 
PARAMETRIC_REPRESENTATION_CONTEXT() REPRESENTATION_CONTEXT('2D SPACE',''
  ) );
#3073 = ORIENTED_EDGE('',*,*,#1700,.T.);
#3074 = ORIENTED_EDGE('',*,*,#277,.T.);
#3075 = ORIENTED_EDGE('',*,*,#3076,.F.);
#3076 = EDGE_CURVE('',#3052,#245,#3077,.T.);
#3077 = SURFACE_CURVE('',#3078,(#3082,#3089),.PCURVE_S1.);
#3078 = LINE('',#3079,#3080);
#3079 = CARTESIAN_POINT('',(10.,5.,74.));
#3080 = VECTOR('',#3081,1.);
#3081 = DIRECTION('',(0.,-1.,0.));
#3082 = PCURVE('',#293,#3083);
#3083 = DEFINITIONAL_REPRESENTATION('',(#3084),#3088);
#3084 = LINE('',#3085,#3086);
#3085 = CARTESIAN_POINT('',(16.643316977093,0.));
#3086 = VECTOR('',#3087,1.);
#3087 = DIRECTION('',(0.,-1.));
#3088 = ( GEOMETRIC_REPRESENTATION_CONTEXT(2) 
PARAMETRIC_REPRESENTATION_CONTEXT() REPRESENTATION_CONTEXT('2D SPACE',''
  ) );
#3089 = PCURVE('',#265,#3090);
#3090 = DEFINITIONAL_REPRESENTATION('',(#3091),#3095);
#3091 = LINE('',#3092,#3093);
#3092 = CARTESIAN_POINT('',(-0.,0.));
#3093 = VECTOR('',#3094,1.);
#3094 = DIRECTION('',(-0.,-1.));
#3095 = ( GEOMETRIC_REPRESENTATION_CONTEXT(2) 
PARAMETRIC_REPRESENTATION_CONTEXT() REPRESENTATION_CONTEXT('2D SPACE',''
  ) );
#3096 = ADVANCED_FACE('',(#3097),#265,.T.);
#3097 = FACE_BOUND('',#3098,.F.);
#3098 = EDGE_LOOP('',(#3099,#3123,#3124,#3125));
#3099 = ORIENTED_EDGE('',*,*,#3100,.F.);
#3100 = EDGE_CURVE('',#3052,#3101,#3103,.T.);
#3101 = VERTEX_POINT('',#3102);
#3102 = CARTESIAN_POINT('',(-10.,5.,74.));
#3103 = SURFACE_CURVE('',#3104,(#3109,#3116),.PCURVE_S1.);
#3104 = CIRCLE('',#3105,10.);
#3105 = AXIS2_PLACEMENT_3D('',#3106,#3107,#3108);
#3106 = CARTESIAN_POINT('',(0.,5.,74.));
#3107 = DIRECTION('',(0.,-1.,0.));
#3108 = DIRECTION('',(1.,0.,0.));
#3109 = PCURVE('',#265,#3110);
#3110 = DEFINITIONAL_REPRESENTATION('',(#3111),#3115);
#3111 = LINE('',#3112,#3113);
#3112 = CARTESIAN_POINT('',(-0.,0.));
#3113 = VECTOR('',#3114,1.);
#3114 = DIRECTION('',(-1.,0.));
#3115 = ( GEOMETRIC_REPRESENTATION_CONTEXT(2) 
PARAMETRIC_REPRESENTATION_CONTEXT() REPRESENTATION_CONTEXT('2D SPACE',''
  ) );
#3116 = PCURVE('',#1689,#3117);
#3117 = DEFINITIONAL_REPRESENTATION('',(#3118),#3122);
#3118 = CIRCLE('',#3119,10.);
#3119 = AXIS2_PLACEMENT_2D('',#3120,#3121);
#3120 = CARTESIAN_POINT('',(0.,2.734880265079E-16));
#3121 = DIRECTION('',(0.,1.));
#3122 = ( GEOMETRIC_REPRESENTATION_CONTEXT(2) 
PARAMETRIC_REPRESENTATION_CONTEXT() REPRESENTATION_CONTEXT('2D SPACE',''
  ) );
#3123 = ORIENTED_EDGE('',*,*,#3076,.T.);
#3124 = ORIENTED_EDGE('',*,*,#244,.T.);
#3125 = ORIENTED_EDGE('',*,*,#3126,.F.);
#3126 = EDGE_CURVE('',#3101,#217,#3127,.T.);
#3127 = SURFACE_CURVE('',#3128,(#3132,#3139),.PCURVE_S1.);
#3128 = LINE('',#3129,#3130);
#3129 = CARTESIAN_POINT('',(-10.,5.,74.));
#3130 = VECTOR('',#3131,1.);
#3131 = DIRECTION('',(0.,-1.,0.));
#3132 = PCURVE('',#265,#3133);
#3133 = DEFINITIONAL_REPRESENTATION('',(#3134),#3138);
#3134 = LINE('',#3135,#3136);
#3135 = CARTESIAN_POINT('',(-3.14159265359,0.));
#3136 = VECTOR('',#3137,1.);
#3137 = DIRECTION('',(-0.,-1.));
#3138 = ( GEOMETRIC_REPRESENTATION_CONTEXT(2) 
PARAMETRIC_REPRESENTATION_CONTEXT() REPRESENTATION_CONTEXT('2D SPACE',''
  ) );
#3139 = PCURVE('',#232,#3140);
#3140 = DEFINITIONAL_REPRESENTATION('',(#3141),#3145);
#3141 = LINE('',#3142,#3143);
#3142 = CARTESIAN_POINT('',(0.,0.));
#3143 = VECTOR('',#3144,1.);
#3144 = DIRECTION('',(-0.,-1.));
#3145 = ( GEOMETRIC_REPRESENTATION_CONTEXT(2) 
PARAMETRIC_REPRESENTATION_CONTEXT() REPRESENTATION_CONTEXT('2D SPACE',''
  ) );
#3146 = ADVANCED_FACE('',(#3147),#232,.F.);
#3147 = FACE_BOUND('',#3148,.F.);
#3148 = EDGE_LOOP('',(#3149,#3170,#3171,#3172));
#3149 = ORIENTED_EDGE('',*,*,#3150,.F.);
#3150 = EDGE_CURVE('',#3101,#1654,#3151,.T.);
#3151 = SURFACE_CURVE('',#3152,(#3156,#3163),.PCURVE_S1.);
#3152 = LINE('',#3153,#3154);
#3153 = CARTESIAN_POINT('',(-10.,5.,74.));
#3154 = VECTOR('',#3155,1.);
#3155 = DIRECTION('',(-0.540757591313,0.,-0.841178475377));
#3156 = PCURVE('',#232,#3157);
#3157 = DEFINITIONAL_REPRESENTATION('',(#3158),#3162);
#3158 = LINE('',#3159,#3160);
#3159 = CARTESIAN_POINT('',(0.,0.));
#3160 = VECTOR('',#3161,1.);
#3161 = DIRECTION('',(1.,0.));
#3162 = ( GEOMETRIC_REPRESENTATION_CONTEXT(2) 
PARAMETRIC_REPRESENTATION_CONTEXT() REPRESENTATION_CONTEXT('2D SPACE',''
  ) );
#3163 = PCURVE('',#1689,#3164);
#3164 = DEFINITIONAL_REPRESENTATION('',(#3165),#3169);
#3165 = LINE('',#3166,#3167);
#3166 = CARTESIAN_POINT('',(0.,-10.));
#3167 = VECTOR('',#3168,1.);
#3168 = DIRECTION('',(0.841178475377,-0.540757591313));
#3169 = ( GEOMETRIC_REPRESENTATION_CONTEXT(2) 
PARAMETRIC_REPRESENTATION_CONTEXT() REPRESENTATION_CONTEXT('2D SPACE',''
  ) );
#3170 = ORIENTED_EDGE('',*,*,#3126,.T.);
#3171 = ORIENTED_EDGE('',*,*,#216,.T.);
#3172 = ORIENTED_EDGE('',*,*,#1653,.T.);
#3173 = ADVANCED_FACE('',(#3174),#345,.F.);
#3174 = FACE_BOUND('',#3175,.F.);
#3175 = EDGE_LOOP('',(#3176,#3177,#3200,#3228));
#3176 = ORIENTED_EDGE('',*,*,#328,.T.);
#3177 = ORIENTED_EDGE('',*,*,#3178,.T.);
#3178 = EDGE_CURVE('',#331,#3179,#3181,.T.);
#3179 = VERTEX_POINT('',#3180);
#3180 = CARTESIAN_POINT('',(-40.72760800799,3.39,8.));
#3181 = SURFACE_CURVE('',#3182,(#3186,#3193),.PCURVE_S1.);
#3182 = LINE('',#3183,#3184);
#3183 = CARTESIAN_POINT('',(-40.72760800799,-1.E-02,8.));
#3184 = VECTOR('',#3185,1.);
#3185 = DIRECTION('',(-0.,1.,-0.));
#3186 = PCURVE('',#345,#3187);
#3187 = DEFINITIONAL_REPRESENTATION('',(#3188),#3192);
#3188 = LINE('',#3189,#3190);
#3189 = CARTESIAN_POINT('',(0.,0.));
#3190 = VECTOR('',#3191,1.);
#3191 = DIRECTION('',(0.,-1.));
#3192 = ( GEOMETRIC_REPRESENTATION_CONTEXT(2) 
PARAMETRIC_REPRESENTATION_CONTEXT() REPRESENTATION_CONTEXT('2D SPACE',''
  ) );
#3193 = PCURVE('',#473,#3194);
#3194 = DEFINITIONAL_REPRESENTATION('',(#3195),#3199);
#3195 = LINE('',#3196,#3197);
#3196 = CARTESIAN_POINT('',(4.272391992003,0.));
#3197 = VECTOR('',#3198,1.);
#3198 = DIRECTION('',(0.,-1.));
#3199 = ( GEOMETRIC_REPRESENTATION_CONTEXT(2) 
PARAMETRIC_REPRESENTATION_CONTEXT() REPRESENTATION_CONTEXT('2D SPACE',''
  ) );
#3200 = ORIENTED_EDGE('',*,*,#3201,.T.);
#3201 = EDGE_CURVE('',#3179,#3202,#3204,.T.);
#3202 = VERTEX_POINT('',#3203);
#3203 = CARTESIAN_POINT('',(-42.86380400399,3.39,11.7));
#3204 = SURFACE_CURVE('',#3205,(#3209,#3216),.PCURVE_S1.);
#3205 = LINE('',#3206,#3207);
#3206 = CARTESIAN_POINT('',(-40.72760800799,3.39,8.));
#3207 = VECTOR('',#3208,1.);
#3208 = DIRECTION('',(-0.5,0.,0.866025403784));
#3209 = PCURVE('',#345,#3210);
#3210 = DEFINITIONAL_REPRESENTATION('',(#3211),#3215);
#3211 = LINE('',#3212,#3213);
#3212 = CARTESIAN_POINT('',(0.,-3.4));
#3213 = VECTOR('',#3214,1.);
#3214 = DIRECTION('',(1.,0.));
#3215 = ( GEOMETRIC_REPRESENTATION_CONTEXT(2) 
PARAMETRIC_REPRESENTATION_CONTEXT() REPRESENTATION_CONTEXT('2D SPACE',''
  ) );
#3216 = PCURVE('',#3217,#3222);
#3217 = PLANE('',#3218);
#3218 = AXIS2_PLACEMENT_3D('',#3219,#3220,#3221);
#3219 = CARTESIAN_POINT('',(-45.,3.39,8.));
#3220 = DIRECTION('',(-0.,-1.,-0.));
#3221 = DIRECTION('',(0.,0.,-1.));
#3222 = DEFINITIONAL_REPRESENTATION('',(#3223),#3227);
#3223 = LINE('',#3224,#3225);
#3224 = CARTESIAN_POINT('',(1.7763568394E-15,4.272391992003));
#3225 = VECTOR('',#3226,1.);
#3226 = DIRECTION('',(-0.866025403784,-0.5));
#3227 = ( GEOMETRIC_REPRESENTATION_CONTEXT(2) 
PARAMETRIC_REPRESENTATION_CONTEXT() REPRESENTATION_CONTEXT('2D SPACE',''
  ) );
#3228 = ORIENTED_EDGE('',*,*,#3229,.F.);
#3229 = EDGE_CURVE('',#329,#3202,#3230,.T.);
#3230 = SURFACE_CURVE('',#3231,(#3235,#3242),.PCURVE_S1.);
#3231 = LINE('',#3232,#3233);
#3232 = CARTESIAN_POINT('',(-42.86380400399,-1.E-02,11.7));
#3233 = VECTOR('',#3234,1.);
#3234 = DIRECTION('',(-0.,1.,-0.));
#3235 = PCURVE('',#345,#3236);
#3236 = DEFINITIONAL_REPRESENTATION('',(#3237),#3241);
#3237 = LINE('',#3238,#3239);
#3238 = CARTESIAN_POINT('',(4.272391992003,0.));
#3239 = VECTOR('',#3240,1.);
#3240 = DIRECTION('',(0.,-1.));
#3241 = ( GEOMETRIC_REPRESENTATION_CONTEXT(2) 
PARAMETRIC_REPRESENTATION_CONTEXT() REPRESENTATION_CONTEXT('2D SPACE',''
  ) );
#3242 = PCURVE('',#371,#3243);
#3243 = DEFINITIONAL_REPRESENTATION('',(#3244),#3248);
#3244 = LINE('',#3245,#3246);
#3245 = CARTESIAN_POINT('',(0.,0.));
#3246 = VECTOR('',#3247,1.);
#3247 = DIRECTION('',(0.,-1.));
#3248 = ( GEOMETRIC_REPRESENTATION_CONTEXT(2) 
PARAMETRIC_REPRESENTATION_CONTEXT() REPRESENTATION_CONTEXT('2D SPACE',''
  ) );
#3249 = ADVANCED_FACE('',(#3250),#371,.F.);
#3250 = FACE_BOUND('',#3251,.F.);
#3251 = EDGE_LOOP('',(#3252,#3253,#3254,#3277));
#3252 = ORIENTED_EDGE('',*,*,#356,.T.);
#3253 = ORIENTED_EDGE('',*,*,#3229,.T.);
#3254 = ORIENTED_EDGE('',*,*,#3255,.T.);
#3255 = EDGE_CURVE('',#3202,#3256,#3258,.T.);
#3256 = VERTEX_POINT('',#3257);
#3257 = CARTESIAN_POINT('',(-47.136195996,3.39,11.7));
#3258 = SURFACE_CURVE('',#3259,(#3263,#3270),.PCURVE_S1.);
#3259 = LINE('',#3260,#3261);
#3260 = CARTESIAN_POINT('',(-42.86380400399,3.39,11.7));
#3261 = VECTOR('',#3262,1.);
#3262 = DIRECTION('',(-1.,0.,1.039439289937E-16));
#3263 = PCURVE('',#371,#3264);
#3264 = DEFINITIONAL_REPRESENTATION('',(#3265),#3269);
#3265 = LINE('',#3266,#3267);
#3266 = CARTESIAN_POINT('',(0.,-3.4));
#3267 = VECTOR('',#3268,1.);
#3268 = DIRECTION('',(1.,0.));
#3269 = ( GEOMETRIC_REPRESENTATION_CONTEXT(2) 
PARAMETRIC_REPRESENTATION_CONTEXT() REPRESENTATION_CONTEXT('2D SPACE',''
  ) );
#3270 = PCURVE('',#3217,#3271);
#3271 = DEFINITIONAL_REPRESENTATION('',(#3272),#3276);
#3272 = LINE('',#3273,#3274);
#3273 = CARTESIAN_POINT('',(-3.7,2.136195996002));
#3274 = VECTOR('',#3275,1.);
#3275 = DIRECTION('',(-1.039439289937E-16,-1.));
#3276 = ( GEOMETRIC_REPRESENTATION_CONTEXT(2) 
PARAMETRIC_REPRESENTATION_CONTEXT() REPRESENTATION_CONTEXT('2D SPACE',''
  ) );
#3277 = ORIENTED_EDGE('',*,*,#3278,.F.);
#3278 = EDGE_CURVE('',#357,#3256,#3279,.T.);
#3279 = SURFACE_CURVE('',#3280,(#3284,#3291),.PCURVE_S1.);
#3280 = LINE('',#3281,#3282);
#3281 = CARTESIAN_POINT('',(-47.136195996,-1.E-02,11.7));
#3282 = VECTOR('',#3283,1.);
#3283 = DIRECTION('',(-0.,1.,-0.));
#3284 = PCURVE('',#371,#3285);
#3285 = DEFINITIONAL_REPRESENTATION('',(#3286),#3290);
#3286 = LINE('',#3287,#3288);
#3287 = CARTESIAN_POINT('',(4.272391992003,0.));
#3288 = VECTOR('',#3289,1.);
#3289 = DIRECTION('',(0.,-1.));
#3290 = ( GEOMETRIC_REPRESENTATION_CONTEXT(2) 
PARAMETRIC_REPRESENTATION_CONTEXT() REPRESENTATION_CONTEXT('2D SPACE',''
  ) );
#3291 = PCURVE('',#397,#3292);
#3292 = DEFINITIONAL_REPRESENTATION('',(#3293),#3297);
#3293 = LINE('',#3294,#3295);
#3294 = CARTESIAN_POINT('',(0.,0.));
#3295 = VECTOR('',#3296,1.);
#3296 = DIRECTION('',(0.,-1.));
#3297 = ( GEOMETRIC_REPRESENTATION_CONTEXT(2) 
PARAMETRIC_REPRESENTATION_CONTEXT() REPRESENTATION_CONTEXT('2D SPACE',''
  ) );
#3298 = ADVANCED_FACE('',(#3299),#473,.F.);
#3299 = FACE_BOUND('',#3300,.F.);
#3300 = EDGE_LOOP('',(#3301,#3302,#3325,#3346));
#3301 = ORIENTED_EDGE('',*,*,#460,.T.);
#3302 = ORIENTED_EDGE('',*,*,#3303,.T.);
#3303 = EDGE_CURVE('',#435,#3304,#3306,.T.);
#3304 = VERTEX_POINT('',#3305);
#3305 = CARTESIAN_POINT('',(-42.86380400399,3.39,4.3));
#3306 = SURFACE_CURVE('',#3307,(#3311,#3318),.PCURVE_S1.);
#3307 = LINE('',#3308,#3309);
#3308 = CARTESIAN_POINT('',(-42.86380400399,-1.E-02,4.3));
#3309 = VECTOR('',#3310,1.);
#3310 = DIRECTION('',(-0.,1.,-0.));
#3311 = PCURVE('',#473,#3312);
#3312 = DEFINITIONAL_REPRESENTATION('',(#3313),#3317);
#3313 = LINE('',#3314,#3315);
#3314 = CARTESIAN_POINT('',(0.,0.));
#3315 = VECTOR('',#3316,1.);
#3316 = DIRECTION('',(0.,-1.));
#3317 = ( GEOMETRIC_REPRESENTATION_CONTEXT(2) 
PARAMETRIC_REPRESENTATION_CONTEXT() REPRESENTATION_CONTEXT('2D SPACE',''
  ) );
#3318 = PCURVE('',#449,#3319);
#3319 = DEFINITIONAL_REPRESENTATION('',(#3320),#3324);
#3320 = LINE('',#3321,#3322);
#3321 = CARTESIAN_POINT('',(4.272391992003,0.));
#3322 = VECTOR('',#3323,1.);
#3323 = DIRECTION('',(0.,-1.));
#3324 = ( GEOMETRIC_REPRESENTATION_CONTEXT(2) 
PARAMETRIC_REPRESENTATION_CONTEXT() REPRESENTATION_CONTEXT('2D SPACE',''
  ) );
#3325 = ORIENTED_EDGE('',*,*,#3326,.T.);
#3326 = EDGE_CURVE('',#3304,#3179,#3327,.T.);
#3327 = SURFACE_CURVE('',#3328,(#3332,#3339),.PCURVE_S1.);
#3328 = LINE('',#3329,#3330);
#3329 = CARTESIAN_POINT('',(-42.86380400399,3.39,4.3));
#3330 = VECTOR('',#3331,1.);
#3331 = DIRECTION('',(0.5,0.,0.866025403784));
#3332 = PCURVE('',#473,#3333);
#3333 = DEFINITIONAL_REPRESENTATION('',(#3334),#3338);
#3334 = LINE('',#3335,#3336);
#3335 = CARTESIAN_POINT('',(0.,-3.4));
#3336 = VECTOR('',#3337,1.);
#3337 = DIRECTION('',(1.,0.));
#3338 = ( GEOMETRIC_REPRESENTATION_CONTEXT(2) 
PARAMETRIC_REPRESENTATION_CONTEXT() REPRESENTATION_CONTEXT('2D SPACE',''
  ) );
#3339 = PCURVE('',#3217,#3340);
#3340 = DEFINITIONAL_REPRESENTATION('',(#3341),#3345);
#3341 = LINE('',#3342,#3343);
#3342 = CARTESIAN_POINT('',(3.7,2.136195996002));
#3343 = VECTOR('',#3344,1.);
#3344 = DIRECTION('',(-0.866025403784,0.5));
#3345 = ( GEOMETRIC_REPRESENTATION_CONTEXT(2) 
PARAMETRIC_REPRESENTATION_CONTEXT() REPRESENTATION_CONTEXT('2D SPACE',''
  ) );
#3346 = ORIENTED_EDGE('',*,*,#3178,.F.);
#3347 = ADVANCED_FACE('',(#3348),#397,.F.);
#3348 = FACE_BOUND('',#3349,.F.);
#3349 = EDGE_LOOP('',(#3350,#3351,#3352,#3375));
#3350 = ORIENTED_EDGE('',*,*,#382,.T.);
#3351 = ORIENTED_EDGE('',*,*,#3278,.T.);
#3352 = ORIENTED_EDGE('',*,*,#3353,.T.);
#3353 = EDGE_CURVE('',#3256,#3354,#3356,.T.);
#3354 = VERTEX_POINT('',#3355);
#3355 = CARTESIAN_POINT('',(-49.272391992,3.39,8.));
#3356 = SURFACE_CURVE('',#3357,(#3361,#3368),.PCURVE_S1.);
#3357 = LINE('',#3358,#3359);
#3358 = CARTESIAN_POINT('',(-47.136195996,3.39,11.7));
#3359 = VECTOR('',#3360,1.);
#3360 = DIRECTION('',(-0.5,-0.,-0.866025403784));
#3361 = PCURVE('',#397,#3362);
#3362 = DEFINITIONAL_REPRESENTATION('',(#3363),#3367);
#3363 = LINE('',#3364,#3365);
#3364 = CARTESIAN_POINT('',(0.,-3.4));
#3365 = VECTOR('',#3366,1.);
#3366 = DIRECTION('',(1.,0.));
#3367 = ( GEOMETRIC_REPRESENTATION_CONTEXT(2) 
PARAMETRIC_REPRESENTATION_CONTEXT() REPRESENTATION_CONTEXT('2D SPACE',''
  ) );
#3368 = PCURVE('',#3217,#3369);
#3369 = DEFINITIONAL_REPRESENTATION('',(#3370),#3374);
#3370 = LINE('',#3371,#3372);
#3371 = CARTESIAN_POINT('',(-3.7,-2.136195996002));
#3372 = VECTOR('',#3373,1.);
#3373 = DIRECTION('',(0.866025403784,-0.5));
#3374 = ( GEOMETRIC_REPRESENTATION_CONTEXT(2) 
PARAMETRIC_REPRESENTATION_CONTEXT() REPRESENTATION_CONTEXT('2D SPACE',''
  ) );
#3375 = ORIENTED_EDGE('',*,*,#3376,.F.);
#3376 = EDGE_CURVE('',#383,#3354,#3377,.T.);
#3377 = SURFACE_CURVE('',#3378,(#3382,#3389),.PCURVE_S1.);
#3378 = LINE('',#3379,#3380);
#3379 = CARTESIAN_POINT('',(-49.272391992,-1.E-02,8.));
#3380 = VECTOR('',#3381,1.);
#3381 = DIRECTION('',(-0.,1.,-0.));
#3382 = PCURVE('',#397,#3383);
#3383 = DEFINITIONAL_REPRESENTATION('',(#3384),#3388);
#3384 = LINE('',#3385,#3386);
#3385 = CARTESIAN_POINT('',(4.272391992003,0.));
#3386 = VECTOR('',#3387,1.);
#3387 = DIRECTION('',(0.,-1.));
#3388 = ( GEOMETRIC_REPRESENTATION_CONTEXT(2) 
PARAMETRIC_REPRESENTATION_CONTEXT() REPRESENTATION_CONTEXT('2D SPACE',''
  ) );
#3389 = PCURVE('',#423,#3390);
#3390 = DEFINITIONAL_REPRESENTATION('',(#3391),#3395);
#3391 = LINE('',#3392,#3393);
#3392 = CARTESIAN_POINT('',(0.,0.));
#3393 = VECTOR('',#3394,1.);
#3394 = DIRECTION('',(0.,-1.));
#3395 = ( GEOMETRIC_REPRESENTATION_CONTEXT(2) 
PARAMETRIC_REPRESENTATION_CONTEXT() REPRESENTATION_CONTEXT('2D SPACE',''
  ) );
#3396 = ADVANCED_FACE('',(#3397),#449,.F.);
#3397 = FACE_BOUND('',#3398,.F.);
#3398 = EDGE_LOOP('',(#3399,#3400,#3423,#3444));
#3399 = ORIENTED_EDGE('',*,*,#434,.T.);
#3400 = ORIENTED_EDGE('',*,*,#3401,.T.);
#3401 = EDGE_CURVE('',#409,#3402,#3404,.T.);
#3402 = VERTEX_POINT('',#3403);
#3403 = CARTESIAN_POINT('',(-47.136195996,3.39,4.3));
#3404 = SURFACE_CURVE('',#3405,(#3409,#3416),.PCURVE_S1.);
#3405 = LINE('',#3406,#3407);
#3406 = CARTESIAN_POINT('',(-47.136195996,-1.E-02,4.3));
#3407 = VECTOR('',#3408,1.);
#3408 = DIRECTION('',(-0.,1.,-0.));
#3409 = PCURVE('',#449,#3410);
#3410 = DEFINITIONAL_REPRESENTATION('',(#3411),#3415);
#3411 = LINE('',#3412,#3413);
#3412 = CARTESIAN_POINT('',(0.,0.));
#3413 = VECTOR('',#3414,1.);
#3414 = DIRECTION('',(0.,-1.));
#3415 = ( GEOMETRIC_REPRESENTATION_CONTEXT(2) 
PARAMETRIC_REPRESENTATION_CONTEXT() REPRESENTATION_CONTEXT('2D SPACE',''
  ) );
#3416 = PCURVE('',#423,#3417);
#3417 = DEFINITIONAL_REPRESENTATION('',(#3418),#3422);
#3418 = LINE('',#3419,#3420);
#3419 = CARTESIAN_POINT('',(4.272391992003,0.));
#3420 = VECTOR('',#3421,1.);
#3421 = DIRECTION('',(0.,-1.));
#3422 = ( GEOMETRIC_REPRESENTATION_CONTEXT(2) 
PARAMETRIC_REPRESENTATION_CONTEXT() REPRESENTATION_CONTEXT('2D SPACE',''
  ) );
#3423 = ORIENTED_EDGE('',*,*,#3424,.T.);
#3424 = EDGE_CURVE('',#3402,#3304,#3425,.T.);
#3425 = SURFACE_CURVE('',#3426,(#3430,#3437),.PCURVE_S1.);
#3426 = LINE('',#3427,#3428);
#3427 = CARTESIAN_POINT('',(-47.136195996,3.39,4.3));
#3428 = VECTOR('',#3429,1.);
#3429 = DIRECTION('',(1.,0.,-7.276075029559E-16));
#3430 = PCURVE('',#449,#3431);
#3431 = DEFINITIONAL_REPRESENTATION('',(#3432),#3436);
#3432 = LINE('',#3433,#3434);
#3433 = CARTESIAN_POINT('',(0.,-3.4));
#3434 = VECTOR('',#3435,1.);
#3435 = DIRECTION('',(1.,0.));
#3436 = ( GEOMETRIC_REPRESENTATION_CONTEXT(2) 
PARAMETRIC_REPRESENTATION_CONTEXT() REPRESENTATION_CONTEXT('2D SPACE',''
  ) );
#3437 = PCURVE('',#3217,#3438);
#3438 = DEFINITIONAL_REPRESENTATION('',(#3439),#3443);
#3439 = LINE('',#3440,#3441);
#3440 = CARTESIAN_POINT('',(3.7,-2.136195996002));
#3441 = VECTOR('',#3442,1.);
#3442 = DIRECTION('',(7.276075029559E-16,1.));
#3443 = ( GEOMETRIC_REPRESENTATION_CONTEXT(2) 
PARAMETRIC_REPRESENTATION_CONTEXT() REPRESENTATION_CONTEXT('2D SPACE',''
  ) );
#3444 = ORIENTED_EDGE('',*,*,#3303,.F.);
#3445 = ADVANCED_FACE('',(#3446),#423,.F.);
#3446 = FACE_BOUND('',#3447,.F.);
#3447 = EDGE_LOOP('',(#3448,#3449,#3450,#3471));
#3448 = ORIENTED_EDGE('',*,*,#408,.T.);
#3449 = ORIENTED_EDGE('',*,*,#3376,.T.);
#3450 = ORIENTED_EDGE('',*,*,#3451,.T.);
#3451 = EDGE_CURVE('',#3354,#3402,#3452,.T.);
#3452 = SURFACE_CURVE('',#3453,(#3457,#3464),.PCURVE_S1.);
#3453 = LINE('',#3454,#3455);
#3454 = CARTESIAN_POINT('',(-49.272391992,3.39,8.));
#3455 = VECTOR('',#3456,1.);
#3456 = DIRECTION('',(0.5,0.,-0.866025403784));
#3457 = PCURVE('',#423,#3458);
#3458 = DEFINITIONAL_REPRESENTATION('',(#3459),#3463);
#3459 = LINE('',#3460,#3461);
#3460 = CARTESIAN_POINT('',(0.,-3.4));
#3461 = VECTOR('',#3462,1.);
#3462 = DIRECTION('',(1.,0.));
#3463 = ( GEOMETRIC_REPRESENTATION_CONTEXT(2) 
PARAMETRIC_REPRESENTATION_CONTEXT() REPRESENTATION_CONTEXT('2D SPACE',''
  ) );
#3464 = PCURVE('',#3217,#3465);
#3465 = DEFINITIONAL_REPRESENTATION('',(#3466),#3470);
#3466 = LINE('',#3467,#3468);
#3467 = CARTESIAN_POINT('',(1.7763568394E-15,-4.272391992003));
#3468 = VECTOR('',#3469,1.);
#3469 = DIRECTION('',(0.866025403784,0.5));
#3470 = ( GEOMETRIC_REPRESENTATION_CONTEXT(2) 
PARAMETRIC_REPRESENTATION_CONTEXT() REPRESENTATION_CONTEXT('2D SPACE',''
  ) );
#3471 = ORIENTED_EDGE('',*,*,#3401,.F.);
#3472 = ADVANCED_FACE('',(#3473),#503,.F.);
#3473 = FACE_BOUND('',#3474,.F.);
#3474 = EDGE_LOOP('',(#3475,#3476,#3499,#3527));
#3475 = ORIENTED_EDGE('',*,*,#486,.T.);
#3476 = ORIENTED_EDGE('',*,*,#3477,.T.);
#3477 = EDGE_CURVE('',#489,#3478,#3480,.T.);
#3478 = VERTEX_POINT('',#3479);
#3479 = CARTESIAN_POINT('',(-22.6251288694,1.79,13.7));
#3480 = SURFACE_CURVE('',#3481,(#3485,#3492),.PCURVE_S1.);
#3481 = LINE('',#3482,#3483);
#3482 = CARTESIAN_POINT('',(-22.6251288694,-1.E-02,13.7));
#3483 = VECTOR('',#3484,1.);
#3484 = DIRECTION('',(-0.,1.,-0.));
#3485 = PCURVE('',#503,#3486);
#3486 = DEFINITIONAL_REPRESENTATION('',(#3487),#3491);
#3487 = LINE('',#3488,#3489);
#3488 = CARTESIAN_POINT('',(0.,0.));
#3489 = VECTOR('',#3490,1.);
#3490 = DIRECTION('',(0.,-1.));
#3491 = ( GEOMETRIC_REPRESENTATION_CONTEXT(2) 
PARAMETRIC_REPRESENTATION_CONTEXT() REPRESENTATION_CONTEXT('2D SPACE',''
  ) );
#3492 = PCURVE('',#631,#3493);
#3493 = DEFINITIONAL_REPRESENTATION('',(#3494),#3498);
#3494 = LINE('',#3495,#3496);
#3495 = CARTESIAN_POINT('',(2.424871130596,0.));
#3496 = VECTOR('',#3497,1.);
#3497 = DIRECTION('',(0.,-1.));
#3498 = ( GEOMETRIC_REPRESENTATION_CONTEXT(2) 
PARAMETRIC_REPRESENTATION_CONTEXT() REPRESENTATION_CONTEXT('2D SPACE',''
  ) );
#3499 = ORIENTED_EDGE('',*,*,#3500,.T.);
#3500 = EDGE_CURVE('',#3478,#3501,#3503,.T.);
#3501 = VERTEX_POINT('',#3502);
#3502 = CARTESIAN_POINT('',(-23.8375644347,1.79,15.8));
#3503 = SURFACE_CURVE('',#3504,(#3508,#3515),.PCURVE_S1.);
#3504 = LINE('',#3505,#3506);
#3505 = CARTESIAN_POINT('',(-22.6251288694,1.79,13.7));
#3506 = VECTOR('',#3507,1.);
#3507 = DIRECTION('',(-0.5,0.,0.866025403784));
#3508 = PCURVE('',#503,#3509);
#3509 = DEFINITIONAL_REPRESENTATION('',(#3510),#3514);
#3510 = LINE('',#3511,#3512);
#3511 = CARTESIAN_POINT('',(0.,-1.8));
#3512 = VECTOR('',#3513,1.);
#3513 = DIRECTION('',(1.,0.));
#3514 = ( GEOMETRIC_REPRESENTATION_CONTEXT(2) 
PARAMETRIC_REPRESENTATION_CONTEXT() REPRESENTATION_CONTEXT('2D SPACE',''
  ) );
#3515 = PCURVE('',#3516,#3521);
#3516 = PLANE('',#3517);
#3517 = AXIS2_PLACEMENT_3D('',#3518,#3519,#3520);
#3518 = CARTESIAN_POINT('',(-25.05,1.79,13.7));
#3519 = DIRECTION('',(-0.,-1.,-0.));
#3520 = DIRECTION('',(0.,0.,-1.));
#3521 = DEFINITIONAL_REPRESENTATION('',(#3522),#3526);
#3522 = LINE('',#3523,#3524);
#3523 = CARTESIAN_POINT('',(-3.552713678801E-15,2.424871130596));
#3524 = VECTOR('',#3525,1.);
#3525 = DIRECTION('',(-0.866025403784,-0.5));
#3526 = ( GEOMETRIC_REPRESENTATION_CONTEXT(2) 
PARAMETRIC_REPRESENTATION_CONTEXT() REPRESENTATION_CONTEXT('2D SPACE',''
  ) );
#3527 = ORIENTED_EDGE('',*,*,#3528,.F.);
#3528 = EDGE_CURVE('',#487,#3501,#3529,.T.);
#3529 = SURFACE_CURVE('',#3530,(#3534,#3541),.PCURVE_S1.);
#3530 = LINE('',#3531,#3532);
#3531 = CARTESIAN_POINT('',(-23.8375644347,-1.E-02,15.8));
#3532 = VECTOR('',#3533,1.);
#3533 = DIRECTION('',(-0.,1.,-0.));
#3534 = PCURVE('',#503,#3535);
#3535 = DEFINITIONAL_REPRESENTATION('',(#3536),#3540);
#3536 = LINE('',#3537,#3538);
#3537 = CARTESIAN_POINT('',(2.424871130596,0.));
#3538 = VECTOR('',#3539,1.);
#3539 = DIRECTION('',(0.,-1.));
#3540 = ( GEOMETRIC_REPRESENTATION_CONTEXT(2) 
PARAMETRIC_REPRESENTATION_CONTEXT() REPRESENTATION_CONTEXT('2D SPACE',''
  ) );
#3541 = PCURVE('',#529,#3542);
#3542 = DEFINITIONAL_REPRESENTATION('',(#3543),#3547);
#3543 = LINE('',#3544,#3545);
#3544 = CARTESIAN_POINT('',(0.,0.));
#3545 = VECTOR('',#3546,1.);
#3546 = DIRECTION('',(0.,-1.));
#3547 = ( GEOMETRIC_REPRESENTATION_CONTEXT(2) 
PARAMETRIC_REPRESENTATION_CONTEXT() REPRESENTATION_CONTEXT('2D SPACE',''
  ) );
#3548 = ADVANCED_FACE('',(#3549),#529,.F.);
#3549 = FACE_BOUND('',#3550,.F.);
#3550 = EDGE_LOOP('',(#3551,#3552,#3553,#3576));
#3551 = ORIENTED_EDGE('',*,*,#514,.T.);
#3552 = ORIENTED_EDGE('',*,*,#3528,.T.);
#3553 = ORIENTED_EDGE('',*,*,#3554,.T.);
#3554 = EDGE_CURVE('',#3501,#3555,#3557,.T.);
#3555 = VERTEX_POINT('',#3556);
#3556 = CARTESIAN_POINT('',(-26.26243556529,1.79,15.8));
#3557 = SURFACE_CURVE('',#3558,(#3562,#3569),.PCURVE_S1.);
#3558 = LINE('',#3559,#3560);
#3559 = CARTESIAN_POINT('',(-23.8375644347,1.79,15.8));
#3560 = VECTOR('',#3561,1.);
#3561 = DIRECTION('',(-1.,0.,0.));
#3562 = PCURVE('',#529,#3563);
#3563 = DEFINITIONAL_REPRESENTATION('',(#3564),#3568);
#3564 = LINE('',#3565,#3566);
#3565 = CARTESIAN_POINT('',(0.,-1.8));
#3566 = VECTOR('',#3567,1.);
#3567 = DIRECTION('',(1.,0.));
#3568 = ( GEOMETRIC_REPRESENTATION_CONTEXT(2) 
PARAMETRIC_REPRESENTATION_CONTEXT() REPRESENTATION_CONTEXT('2D SPACE',''
  ) );
#3569 = PCURVE('',#3516,#3570);
#3570 = DEFINITIONAL_REPRESENTATION('',(#3571),#3575);
#3571 = LINE('',#3572,#3573);
#3572 = CARTESIAN_POINT('',(-2.1,1.212435565298));
#3573 = VECTOR('',#3574,1.);
#3574 = DIRECTION('',(0.,-1.));
#3575 = ( GEOMETRIC_REPRESENTATION_CONTEXT(2) 
PARAMETRIC_REPRESENTATION_CONTEXT() REPRESENTATION_CONTEXT('2D SPACE',''
  ) );
#3576 = ORIENTED_EDGE('',*,*,#3577,.F.);
#3577 = EDGE_CURVE('',#515,#3555,#3578,.T.);
#3578 = SURFACE_CURVE('',#3579,(#3583,#3590),.PCURVE_S1.);
#3579 = LINE('',#3580,#3581);
#3580 = CARTESIAN_POINT('',(-26.26243556529,-1.E-02,15.8));
#3581 = VECTOR('',#3582,1.);
#3582 = DIRECTION('',(-0.,1.,-0.));
#3583 = PCURVE('',#529,#3584);
#3584 = DEFINITIONAL_REPRESENTATION('',(#3585),#3589);
#3585 = LINE('',#3586,#3587);
#3586 = CARTESIAN_POINT('',(2.424871130596,0.));
#3587 = VECTOR('',#3588,1.);
#3588 = DIRECTION('',(0.,-1.));
#3589 = ( GEOMETRIC_REPRESENTATION_CONTEXT(2) 
PARAMETRIC_REPRESENTATION_CONTEXT() REPRESENTATION_CONTEXT('2D SPACE',''
  ) );
#3590 = PCURVE('',#555,#3591);
#3591 = DEFINITIONAL_REPRESENTATION('',(#3592),#3596);
#3592 = LINE('',#3593,#3594);
#3593 = CARTESIAN_POINT('',(0.,0.));
#3594 = VECTOR('',#3595,1.);
#3595 = DIRECTION('',(0.,-1.));
#3596 = ( GEOMETRIC_REPRESENTATION_CONTEXT(2) 
PARAMETRIC_REPRESENTATION_CONTEXT() REPRESENTATION_CONTEXT('2D SPACE',''
  ) );
#3597 = ADVANCED_FACE('',(#3598),#631,.F.);
#3598 = FACE_BOUND('',#3599,.F.);
#3599 = EDGE_LOOP('',(#3600,#3601,#3624,#3645));
#3600 = ORIENTED_EDGE('',*,*,#618,.T.);
#3601 = ORIENTED_EDGE('',*,*,#3602,.T.);
#3602 = EDGE_CURVE('',#593,#3603,#3605,.T.);
#3603 = VERTEX_POINT('',#3604);
#3604 = CARTESIAN_POINT('',(-23.8375644347,1.79,11.6));
#3605 = SURFACE_CURVE('',#3606,(#3610,#3617),.PCURVE_S1.);
#3606 = LINE('',#3607,#3608);
#3607 = CARTESIAN_POINT('',(-23.8375644347,-1.E-02,11.6));
#3608 = VECTOR('',#3609,1.);
#3609 = DIRECTION('',(-0.,1.,-0.));
#3610 = PCURVE('',#631,#3611);
#3611 = DEFINITIONAL_REPRESENTATION('',(#3612),#3616);
#3612 = LINE('',#3613,#3614);
#3613 = CARTESIAN_POINT('',(0.,0.));
#3614 = VECTOR('',#3615,1.);
#3615 = DIRECTION('',(0.,-1.));
#3616 = ( GEOMETRIC_REPRESENTATION_CONTEXT(2) 
PARAMETRIC_REPRESENTATION_CONTEXT() REPRESENTATION_CONTEXT('2D SPACE',''
  ) );
#3617 = PCURVE('',#607,#3618);
#3618 = DEFINITIONAL_REPRESENTATION('',(#3619),#3623);
#3619 = LINE('',#3620,#3621);
#3620 = CARTESIAN_POINT('',(2.424871130596,0.));
#3621 = VECTOR('',#3622,1.);
#3622 = DIRECTION('',(0.,-1.));
#3623 = ( GEOMETRIC_REPRESENTATION_CONTEXT(2) 
PARAMETRIC_REPRESENTATION_CONTEXT() REPRESENTATION_CONTEXT('2D SPACE',''
  ) );
#3624 = ORIENTED_EDGE('',*,*,#3625,.T.);
#3625 = EDGE_CURVE('',#3603,#3478,#3626,.T.);
#3626 = SURFACE_CURVE('',#3627,(#3631,#3638),.PCURVE_S1.);
#3627 = LINE('',#3628,#3629);
#3628 = CARTESIAN_POINT('',(-23.8375644347,1.79,11.6));
#3629 = VECTOR('',#3630,1.);
#3630 = DIRECTION('',(0.5,0.,0.866025403784));
#3631 = PCURVE('',#631,#3632);
#3632 = DEFINITIONAL_REPRESENTATION('',(#3633),#3637);
#3633 = LINE('',#3634,#3635);
#3634 = CARTESIAN_POINT('',(0.,-1.8));
#3635 = VECTOR('',#3636,1.);
#3636 = DIRECTION('',(1.,0.));
#3637 = ( GEOMETRIC_REPRESENTATION_CONTEXT(2) 
PARAMETRIC_REPRESENTATION_CONTEXT() REPRESENTATION_CONTEXT('2D SPACE',''
  ) );
#3638 = PCURVE('',#3516,#3639);
#3639 = DEFINITIONAL_REPRESENTATION('',(#3640),#3644);
#3640 = LINE('',#3641,#3642);
#3641 = CARTESIAN_POINT('',(2.1,1.212435565298));
#3642 = VECTOR('',#3643,1.);
#3643 = DIRECTION('',(-0.866025403784,0.5));
#3644 = ( GEOMETRIC_REPRESENTATION_CONTEXT(2) 
PARAMETRIC_REPRESENTATION_CONTEXT() REPRESENTATION_CONTEXT('2D SPACE',''
  ) );
#3645 = ORIENTED_EDGE('',*,*,#3477,.F.);
#3646 = ADVANCED_FACE('',(#3647),#555,.F.);
#3647 = FACE_BOUND('',#3648,.F.);
#3648 = EDGE_LOOP('',(#3649,#3650,#3651,#3674));
#3649 = ORIENTED_EDGE('',*,*,#540,.T.);
#3650 = ORIENTED_EDGE('',*,*,#3577,.T.);
#3651 = ORIENTED_EDGE('',*,*,#3652,.T.);
#3652 = EDGE_CURVE('',#3555,#3653,#3655,.T.);
#3653 = VERTEX_POINT('',#3654);
#3654 = CARTESIAN_POINT('',(-27.47487113059,1.79,13.7));
#3655 = SURFACE_CURVE('',#3656,(#3660,#3667),.PCURVE_S1.);
#3656 = LINE('',#3657,#3658);
#3657 = CARTESIAN_POINT('',(-26.26243556529,1.79,15.8));
#3658 = VECTOR('',#3659,1.);
#3659 = DIRECTION('',(-0.5,-0.,-0.866025403784));
#3660 = PCURVE('',#555,#3661);
#3661 = DEFINITIONAL_REPRESENTATION('',(#3662),#3666);
#3662 = LINE('',#3663,#3664);
#3663 = CARTESIAN_POINT('',(0.,-1.8));
#3664 = VECTOR('',#3665,1.);
#3665 = DIRECTION('',(1.,0.));
#3666 = ( GEOMETRIC_REPRESENTATION_CONTEXT(2) 
PARAMETRIC_REPRESENTATION_CONTEXT() REPRESENTATION_CONTEXT('2D SPACE',''
  ) );
#3667 = PCURVE('',#3516,#3668);
#3668 = DEFINITIONAL_REPRESENTATION('',(#3669),#3673);
#3669 = LINE('',#3670,#3671);
#3670 = CARTESIAN_POINT('',(-2.1,-1.212435565298));
#3671 = VECTOR('',#3672,1.);
#3672 = DIRECTION('',(0.866025403784,-0.5));
#3673 = ( GEOMETRIC_REPRESENTATION_CONTEXT(2) 
PARAMETRIC_REPRESENTATION_CONTEXT() REPRESENTATION_CONTEXT('2D SPACE',''
  ) );
#3674 = ORIENTED_EDGE('',*,*,#3675,.F.);
#3675 = EDGE_CURVE('',#541,#3653,#3676,.T.);
#3676 = SURFACE_CURVE('',#3677,(#3681,#3688),.PCURVE_S1.);
#3677 = LINE('',#3678,#3679);
#3678 = CARTESIAN_POINT('',(-27.47487113059,-1.E-02,13.7));
#3679 = VECTOR('',#3680,1.);
#3680 = DIRECTION('',(-0.,1.,-0.));
#3681 = PCURVE('',#555,#3682);
#3682 = DEFINITIONAL_REPRESENTATION('',(#3683),#3687);
#3683 = LINE('',#3684,#3685);
#3684 = CARTESIAN_POINT('',(2.424871130596,0.));
#3685 = VECTOR('',#3686,1.);
#3686 = DIRECTION('',(0.,-1.));
#3687 = ( GEOMETRIC_REPRESENTATION_CONTEXT(2) 
PARAMETRIC_REPRESENTATION_CONTEXT() REPRESENTATION_CONTEXT('2D SPACE',''
  ) );
#3688 = PCURVE('',#581,#3689);
#3689 = DEFINITIONAL_REPRESENTATION('',(#3690),#3694);
#3690 = LINE('',#3691,#3692);
#3691 = CARTESIAN_POINT('',(0.,0.));
#3692 = VECTOR('',#3693,1.);
#3693 = DIRECTION('',(0.,-1.));
#3694 = ( GEOMETRIC_REPRESENTATION_CONTEXT(2) 
PARAMETRIC_REPRESENTATION_CONTEXT() REPRESENTATION_CONTEXT('2D SPACE',''
  ) );
#3695 = ADVANCED_FACE('',(#3696),#607,.F.);
#3696 = FACE_BOUND('',#3697,.F.);
#3697 = EDGE_LOOP('',(#3698,#3699,#3722,#3743));
#3698 = ORIENTED_EDGE('',*,*,#592,.T.);
#3699 = ORIENTED_EDGE('',*,*,#3700,.T.);
#3700 = EDGE_CURVE('',#567,#3701,#3703,.T.);
#3701 = VERTEX_POINT('',#3702);
#3702 = CARTESIAN_POINT('',(-26.26243556529,1.79,11.6));
#3703 = SURFACE_CURVE('',#3704,(#3708,#3715),.PCURVE_S1.);
#3704 = LINE('',#3705,#3706);
#3705 = CARTESIAN_POINT('',(-26.26243556529,-1.E-02,11.6));
#3706 = VECTOR('',#3707,1.);
#3707 = DIRECTION('',(-0.,1.,-0.));
#3708 = PCURVE('',#607,#3709);
#3709 = DEFINITIONAL_REPRESENTATION('',(#3710),#3714);
#3710 = LINE('',#3711,#3712);
#3711 = CARTESIAN_POINT('',(0.,0.));
#3712 = VECTOR('',#3713,1.);
#3713 = DIRECTION('',(0.,-1.));
#3714 = ( GEOMETRIC_REPRESENTATION_CONTEXT(2) 
PARAMETRIC_REPRESENTATION_CONTEXT() REPRESENTATION_CONTEXT('2D SPACE',''
  ) );
#3715 = PCURVE('',#581,#3716);
#3716 = DEFINITIONAL_REPRESENTATION('',(#3717),#3721);
#3717 = LINE('',#3718,#3719);
#3718 = CARTESIAN_POINT('',(2.424871130596,0.));
#3719 = VECTOR('',#3720,1.);
#3720 = DIRECTION('',(0.,-1.));
#3721 = ( GEOMETRIC_REPRESENTATION_CONTEXT(2) 
PARAMETRIC_REPRESENTATION_CONTEXT() REPRESENTATION_CONTEXT('2D SPACE',''
  ) );
#3722 = ORIENTED_EDGE('',*,*,#3723,.T.);
#3723 = EDGE_CURVE('',#3701,#3603,#3724,.T.);
#3724 = SURFACE_CURVE('',#3725,(#3729,#3736),.PCURVE_S1.);
#3725 = LINE('',#3726,#3727);
#3726 = CARTESIAN_POINT('',(-26.26243556529,1.79,11.6));
#3727 = VECTOR('',#3728,1.);
#3728 = DIRECTION('',(1.,0.,-5.494179103953E-16));
#3729 = PCURVE('',#607,#3730);
#3730 = DEFINITIONAL_REPRESENTATION('',(#3731),#3735);
#3731 = LINE('',#3732,#3733);
#3732 = CARTESIAN_POINT('',(0.,-1.8));
#3733 = VECTOR('',#3734,1.);
#3734 = DIRECTION('',(1.,0.));
#3735 = ( GEOMETRIC_REPRESENTATION_CONTEXT(2) 
PARAMETRIC_REPRESENTATION_CONTEXT() REPRESENTATION_CONTEXT('2D SPACE',''
  ) );
#3736 = PCURVE('',#3516,#3737);
#3737 = DEFINITIONAL_REPRESENTATION('',(#3738),#3742);
#3738 = LINE('',#3739,#3740);
#3739 = CARTESIAN_POINT('',(2.1,-1.212435565298));
#3740 = VECTOR('',#3741,1.);
#3741 = DIRECTION('',(5.494179103953E-16,1.));
#3742 = ( GEOMETRIC_REPRESENTATION_CONTEXT(2) 
PARAMETRIC_REPRESENTATION_CONTEXT() REPRESENTATION_CONTEXT('2D SPACE',''
  ) );
#3743 = ORIENTED_EDGE('',*,*,#3602,.F.);
#3744 = ADVANCED_FACE('',(#3745),#581,.F.);
#3745 = FACE_BOUND('',#3746,.F.);
#3746 = EDGE_LOOP('',(#3747,#3748,#3749,#3770));
#3747 = ORIENTED_EDGE('',*,*,#566,.T.);
#3748 = ORIENTED_EDGE('',*,*,#3675,.T.);
#3749 = ORIENTED_EDGE('',*,*,#3750,.T.);
#3750 = EDGE_CURVE('',#3653,#3701,#3751,.T.);
#3751 = SURFACE_CURVE('',#3752,(#3756,#3763),.PCURVE_S1.);
#3752 = LINE('',#3753,#3754);
#3753 = CARTESIAN_POINT('',(-27.47487113059,1.79,13.7));
#3754 = VECTOR('',#3755,1.);
#3755 = DIRECTION('',(0.5,0.,-0.866025403784));
#3756 = PCURVE('',#581,#3757);
#3757 = DEFINITIONAL_REPRESENTATION('',(#3758),#3762);
#3758 = LINE('',#3759,#3760);
#3759 = CARTESIAN_POINT('',(0.,-1.8));
#3760 = VECTOR('',#3761,1.);
#3761 = DIRECTION('',(1.,0.));
#3762 = ( GEOMETRIC_REPRESENTATION_CONTEXT(2) 
PARAMETRIC_REPRESENTATION_CONTEXT() REPRESENTATION_CONTEXT('2D SPACE',''
  ) );
#3763 = PCURVE('',#3516,#3764);
#3764 = DEFINITIONAL_REPRESENTATION('',(#3765),#3769);
#3765 = LINE('',#3766,#3767);
#3766 = CARTESIAN_POINT('',(-3.552713678801E-15,-2.424871130596));
#3767 = VECTOR('',#3768,1.);
#3768 = DIRECTION('',(0.866025403784,0.5));
#3769 = ( GEOMETRIC_REPRESENTATION_CONTEXT(2) 
PARAMETRIC_REPRESENTATION_CONTEXT() REPRESENTATION_CONTEXT('2D SPACE',''
  ) );
#3770 = ORIENTED_EDGE('',*,*,#3700,.F.);
#3771 = ADVANCED_FACE('',(#3772),#661,.F.);
#3772 = FACE_BOUND('',#3773,.F.);
#3773 = EDGE_LOOP('',(#3774,#3775,#3798,#3826));
#3774 = ORIENTED_EDGE('',*,*,#644,.T.);
#3775 = ORIENTED_EDGE('',*,*,#3776,.T.);
#3776 = EDGE_CURVE('',#647,#3777,#3779,.T.);
#3777 = VERTEX_POINT('',#3778);
#3778 = CARTESIAN_POINT('',(-3.125128869404,1.79,13.7));
#3779 = SURFACE_CURVE('',#3780,(#3784,#3791),.PCURVE_S1.);
#3780 = LINE('',#3781,#3782);
#3781 = CARTESIAN_POINT('',(-3.125128869404,-1.E-02,13.7));
#3782 = VECTOR('',#3783,1.);
#3783 = DIRECTION('',(-0.,1.,-0.));
#3784 = PCURVE('',#661,#3785);
#3785 = DEFINITIONAL_REPRESENTATION('',(#3786),#3790);
#3786 = LINE('',#3787,#3788);
#3787 = CARTESIAN_POINT('',(0.,0.));
#3788 = VECTOR('',#3789,1.);
#3789 = DIRECTION('',(0.,-1.));
#3790 = ( GEOMETRIC_REPRESENTATION_CONTEXT(2) 
PARAMETRIC_REPRESENTATION_CONTEXT() REPRESENTATION_CONTEXT('2D SPACE',''
  ) );
#3791 = PCURVE('',#789,#3792);
#3792 = DEFINITIONAL_REPRESENTATION('',(#3793),#3797);
#3793 = LINE('',#3794,#3795);
#3794 = CARTESIAN_POINT('',(2.424871130596,0.));
#3795 = VECTOR('',#3796,1.);
#3796 = DIRECTION('',(0.,-1.));
#3797 = ( GEOMETRIC_REPRESENTATION_CONTEXT(2) 
PARAMETRIC_REPRESENTATION_CONTEXT() REPRESENTATION_CONTEXT('2D SPACE',''
  ) );
#3798 = ORIENTED_EDGE('',*,*,#3799,.T.);
#3799 = EDGE_CURVE('',#3777,#3800,#3802,.T.);
#3800 = VERTEX_POINT('',#3801);
#3801 = CARTESIAN_POINT('',(-4.337564434702,1.79,15.8));
#3802 = SURFACE_CURVE('',#3803,(#3807,#3814),.PCURVE_S1.);
#3803 = LINE('',#3804,#3805);
#3804 = CARTESIAN_POINT('',(-3.125128869404,1.79,13.7));
#3805 = VECTOR('',#3806,1.);
#3806 = DIRECTION('',(-0.5,0.,0.866025403784));
#3807 = PCURVE('',#661,#3808);
#3808 = DEFINITIONAL_REPRESENTATION('',(#3809),#3813);
#3809 = LINE('',#3810,#3811);
#3810 = CARTESIAN_POINT('',(0.,-1.8));
#3811 = VECTOR('',#3812,1.);
#3812 = DIRECTION('',(1.,0.));
#3813 = ( GEOMETRIC_REPRESENTATION_CONTEXT(2) 
PARAMETRIC_REPRESENTATION_CONTEXT() REPRESENTATION_CONTEXT('2D SPACE',''
  ) );
#3814 = PCURVE('',#3815,#3820);
#3815 = PLANE('',#3816);
#3816 = AXIS2_PLACEMENT_3D('',#3817,#3818,#3819);
#3817 = CARTESIAN_POINT('',(-5.55,1.79,13.7));
#3818 = DIRECTION('',(-0.,-1.,-0.));
#3819 = DIRECTION('',(0.,0.,-1.));
#3820 = DEFINITIONAL_REPRESENTATION('',(#3821),#3825);
#3821 = LINE('',#3822,#3823);
#3822 = CARTESIAN_POINT('',(-1.7763568394E-15,2.424871130596));
#3823 = VECTOR('',#3824,1.);
#3824 = DIRECTION('',(-0.866025403784,-0.5));
#3825 = ( GEOMETRIC_REPRESENTATION_CONTEXT(2) 
PARAMETRIC_REPRESENTATION_CONTEXT() REPRESENTATION_CONTEXT('2D SPACE',''
  ) );
#3826 = ORIENTED_EDGE('',*,*,#3827,.F.);
#3827 = EDGE_CURVE('',#645,#3800,#3828,.T.);
#3828 = SURFACE_CURVE('',#3829,(#3833,#3840),.PCURVE_S1.);
#3829 = LINE('',#3830,#3831);
#3830 = CARTESIAN_POINT('',(-4.337564434702,-1.E-02,15.8));
#3831 = VECTOR('',#3832,1.);
#3832 = DIRECTION('',(-0.,1.,-0.));
#3833 = PCURVE('',#661,#3834);
#3834 = DEFINITIONAL_REPRESENTATION('',(#3835),#3839);
#3835 = LINE('',#3836,#3837);
#3836 = CARTESIAN_POINT('',(2.424871130596,0.));
#3837 = VECTOR('',#3838,1.);
#3838 = DIRECTION('',(0.,-1.));
#3839 = ( GEOMETRIC_REPRESENTATION_CONTEXT(2) 
PARAMETRIC_REPRESENTATION_CONTEXT() REPRESENTATION_CONTEXT('2D SPACE',''
  ) );
#3840 = PCURVE('',#687,#3841);
#3841 = DEFINITIONAL_REPRESENTATION('',(#3842),#3846);
#3842 = LINE('',#3843,#3844);
#3843 = CARTESIAN_POINT('',(0.,0.));
#3844 = VECTOR('',#3845,1.);
#3845 = DIRECTION('',(0.,-1.));
#3846 = ( GEOMETRIC_REPRESENTATION_CONTEXT(2) 
PARAMETRIC_REPRESENTATION_CONTEXT() REPRESENTATION_CONTEXT('2D SPACE',''
  ) );
#3847 = ADVANCED_FACE('',(#3848),#687,.F.);
#3848 = FACE_BOUND('',#3849,.F.);
#3849 = EDGE_LOOP('',(#3850,#3851,#3852,#3875));
#3850 = ORIENTED_EDGE('',*,*,#672,.T.);
#3851 = ORIENTED_EDGE('',*,*,#3827,.T.);
#3852 = ORIENTED_EDGE('',*,*,#3853,.T.);
#3853 = EDGE_CURVE('',#3800,#3854,#3856,.T.);
#3854 = VERTEX_POINT('',#3855);
#3855 = CARTESIAN_POINT('',(-6.762435565298,1.79,15.8));
#3856 = SURFACE_CURVE('',#3857,(#3861,#3868),.PCURVE_S1.);
#3857 = LINE('',#3858,#3859);
#3858 = CARTESIAN_POINT('',(-4.337564434702,1.79,15.8));
#3859 = VECTOR('',#3860,1.);
#3860 = DIRECTION('',(-1.,0.,0.));
#3861 = PCURVE('',#687,#3862);
#3862 = DEFINITIONAL_REPRESENTATION('',(#3863),#3867);
#3863 = LINE('',#3864,#3865);
#3864 = CARTESIAN_POINT('',(0.,-1.8));
#3865 = VECTOR('',#3866,1.);
#3866 = DIRECTION('',(1.,0.));
#3867 = ( GEOMETRIC_REPRESENTATION_CONTEXT(2) 
PARAMETRIC_REPRESENTATION_CONTEXT() REPRESENTATION_CONTEXT('2D SPACE',''
  ) );
#3868 = PCURVE('',#3815,#3869);
#3869 = DEFINITIONAL_REPRESENTATION('',(#3870),#3874);
#3870 = LINE('',#3871,#3872);
#3871 = CARTESIAN_POINT('',(-2.1,1.212435565298));
#3872 = VECTOR('',#3873,1.);
#3873 = DIRECTION('',(0.,-1.));
#3874 = ( GEOMETRIC_REPRESENTATION_CONTEXT(2) 
PARAMETRIC_REPRESENTATION_CONTEXT() REPRESENTATION_CONTEXT('2D SPACE',''
  ) );
#3875 = ORIENTED_EDGE('',*,*,#3876,.F.);
#3876 = EDGE_CURVE('',#673,#3854,#3877,.T.);
#3877 = SURFACE_CURVE('',#3878,(#3882,#3889),.PCURVE_S1.);
#3878 = LINE('',#3879,#3880);
#3879 = CARTESIAN_POINT('',(-6.762435565298,-1.E-02,15.8));
#3880 = VECTOR('',#3881,1.);
#3881 = DIRECTION('',(-0.,1.,-0.));
#3882 = PCURVE('',#687,#3883);
#3883 = DEFINITIONAL_REPRESENTATION('',(#3884),#3888);
#3884 = LINE('',#3885,#3886);
#3885 = CARTESIAN_POINT('',(2.424871130596,0.));
#3886 = VECTOR('',#3887,1.);
#3887 = DIRECTION('',(0.,-1.));
#3888 = ( GEOMETRIC_REPRESENTATION_CONTEXT(2) 
PARAMETRIC_REPRESENTATION_CONTEXT() REPRESENTATION_CONTEXT('2D SPACE',''
  ) );
#3889 = PCURVE('',#713,#3890);
#3890 = DEFINITIONAL_REPRESENTATION('',(#3891),#3895);
#3891 = LINE('',#3892,#3893);
#3892 = CARTESIAN_POINT('',(0.,0.));
#3893 = VECTOR('',#3894,1.);
#3894 = DIRECTION('',(0.,-1.));
#3895 = ( GEOMETRIC_REPRESENTATION_CONTEXT(2) 
PARAMETRIC_REPRESENTATION_CONTEXT() REPRESENTATION_CONTEXT('2D SPACE',''
  ) );
#3896 = ADVANCED_FACE('',(#3897),#789,.F.);
#3897 = FACE_BOUND('',#3898,.F.);
#3898 = EDGE_LOOP('',(#3899,#3900,#3923,#3944));
#3899 = ORIENTED_EDGE('',*,*,#776,.T.);
#3900 = ORIENTED_EDGE('',*,*,#3901,.T.);
#3901 = EDGE_CURVE('',#751,#3902,#3904,.T.);
#3902 = VERTEX_POINT('',#3903);
#3903 = CARTESIAN_POINT('',(-4.337564434702,1.79,11.6));
#3904 = SURFACE_CURVE('',#3905,(#3909,#3916),.PCURVE_S1.);
#3905 = LINE('',#3906,#3907);
#3906 = CARTESIAN_POINT('',(-4.337564434702,-1.E-02,11.6));
#3907 = VECTOR('',#3908,1.);
#3908 = DIRECTION('',(-0.,1.,-0.));
#3909 = PCURVE('',#789,#3910);
#3910 = DEFINITIONAL_REPRESENTATION('',(#3911),#3915);
#3911 = LINE('',#3912,#3913);
#3912 = CARTESIAN_POINT('',(0.,0.));
#3913 = VECTOR('',#3914,1.);
#3914 = DIRECTION('',(0.,-1.));
#3915 = ( GEOMETRIC_REPRESENTATION_CONTEXT(2) 
PARAMETRIC_REPRESENTATION_CONTEXT() REPRESENTATION_CONTEXT('2D SPACE',''
  ) );
#3916 = PCURVE('',#765,#3917);
#3917 = DEFINITIONAL_REPRESENTATION('',(#3918),#3922);
#3918 = LINE('',#3919,#3920);
#3919 = CARTESIAN_POINT('',(2.424871130596,0.));
#3920 = VECTOR('',#3921,1.);
#3921 = DIRECTION('',(0.,-1.));
#3922 = ( GEOMETRIC_REPRESENTATION_CONTEXT(2) 
PARAMETRIC_REPRESENTATION_CONTEXT() REPRESENTATION_CONTEXT('2D SPACE',''
  ) );
#3923 = ORIENTED_EDGE('',*,*,#3924,.T.);
#3924 = EDGE_CURVE('',#3902,#3777,#3925,.T.);
#3925 = SURFACE_CURVE('',#3926,(#3930,#3937),.PCURVE_S1.);
#3926 = LINE('',#3927,#3928);
#3927 = CARTESIAN_POINT('',(-4.337564434702,1.79,11.6));
#3928 = VECTOR('',#3929,1.);
#3929 = DIRECTION('',(0.5,0.,0.866025403784));
#3930 = PCURVE('',#789,#3931);
#3931 = DEFINITIONAL_REPRESENTATION('',(#3932),#3936);
#3932 = LINE('',#3933,#3934);
#3933 = CARTESIAN_POINT('',(0.,-1.8));
#3934 = VECTOR('',#3935,1.);
#3935 = DIRECTION('',(1.,0.));
#3936 = ( GEOMETRIC_REPRESENTATION_CONTEXT(2) 
PARAMETRIC_REPRESENTATION_CONTEXT() REPRESENTATION_CONTEXT('2D SPACE',''
  ) );
#3937 = PCURVE('',#3815,#3938);
#3938 = DEFINITIONAL_REPRESENTATION('',(#3939),#3943);
#3939 = LINE('',#3940,#3941);
#3940 = CARTESIAN_POINT('',(2.1,1.212435565298));
#3941 = VECTOR('',#3942,1.);
#3942 = DIRECTION('',(-0.866025403784,0.5));
#3943 = ( GEOMETRIC_REPRESENTATION_CONTEXT(2) 
PARAMETRIC_REPRESENTATION_CONTEXT() REPRESENTATION_CONTEXT('2D SPACE',''
  ) );
#3944 = ORIENTED_EDGE('',*,*,#3776,.F.);
#3945 = ADVANCED_FACE('',(#3946),#713,.F.);
#3946 = FACE_BOUND('',#3947,.F.);
#3947 = EDGE_LOOP('',(#3948,#3949,#3950,#3973));
#3948 = ORIENTED_EDGE('',*,*,#698,.T.);
#3949 = ORIENTED_EDGE('',*,*,#3876,.T.);
#3950 = ORIENTED_EDGE('',*,*,#3951,.T.);
#3951 = EDGE_CURVE('',#3854,#3952,#3954,.T.);
#3952 = VERTEX_POINT('',#3953);
#3953 = CARTESIAN_POINT('',(-7.974871130596,1.79,13.7));
#3954 = SURFACE_CURVE('',#3955,(#3959,#3966),.PCURVE_S1.);
#3955 = LINE('',#3956,#3957);
#3956 = CARTESIAN_POINT('',(-6.762435565298,1.79,15.8));
#3957 = VECTOR('',#3958,1.);
#3958 = DIRECTION('',(-0.5,-0.,-0.866025403784));
#3959 = PCURVE('',#713,#3960);
#3960 = DEFINITIONAL_REPRESENTATION('',(#3961),#3965);
#3961 = LINE('',#3962,#3963);
#3962 = CARTESIAN_POINT('',(0.,-1.8));
#3963 = VECTOR('',#3964,1.);
#3964 = DIRECTION('',(1.,0.));
#3965 = ( GEOMETRIC_REPRESENTATION_CONTEXT(2) 
PARAMETRIC_REPRESENTATION_CONTEXT() REPRESENTATION_CONTEXT('2D SPACE',''
  ) );
#3966 = PCURVE('',#3815,#3967);
#3967 = DEFINITIONAL_REPRESENTATION('',(#3968),#3972);
#3968 = LINE('',#3969,#3970);
#3969 = CARTESIAN_POINT('',(-2.1,-1.212435565298));
#3970 = VECTOR('',#3971,1.);
#3971 = DIRECTION('',(0.866025403784,-0.5));
#3972 = ( GEOMETRIC_REPRESENTATION_CONTEXT(2) 
PARAMETRIC_REPRESENTATION_CONTEXT() REPRESENTATION_CONTEXT('2D SPACE',''
  ) );
#3973 = ORIENTED_EDGE('',*,*,#3974,.F.);
#3974 = EDGE_CURVE('',#699,#3952,#3975,.T.);
#3975 = SURFACE_CURVE('',#3976,(#3980,#3987),.PCURVE_S1.);
#3976 = LINE('',#3977,#3978);
#3977 = CARTESIAN_POINT('',(-7.974871130596,-1.E-02,13.7));
#3978 = VECTOR('',#3979,1.);
#3979 = DIRECTION('',(-0.,1.,-0.));
#3980 = PCURVE('',#713,#3981);
#3981 = DEFINITIONAL_REPRESENTATION('',(#3982),#3986);
#3982 = LINE('',#3983,#3984);
#3983 = CARTESIAN_POINT('',(2.424871130596,0.));
#3984 = VECTOR('',#3985,1.);
#3985 = DIRECTION('',(0.,-1.));
#3986 = ( GEOMETRIC_REPRESENTATION_CONTEXT(2) 
PARAMETRIC_REPRESENTATION_CONTEXT() REPRESENTATION_CONTEXT('2D SPACE',''
  ) );
#3987 = PCURVE('',#739,#3988);
#3988 = DEFINITIONAL_REPRESENTATION('',(#3989),#3993);
#3989 = LINE('',#3990,#3991);
#3990 = CARTESIAN_POINT('',(0.,0.));
#3991 = VECTOR('',#3992,1.);
#3992 = DIRECTION('',(0.,-1.));
#3993 = ( GEOMETRIC_REPRESENTATION_CONTEXT(2) 
PARAMETRIC_REPRESENTATION_CONTEXT() REPRESENTATION_CONTEXT('2D SPACE',''
  ) );
#3994 = ADVANCED_FACE('',(#3995),#765,.F.);
#3995 = FACE_BOUND('',#3996,.F.);
#3996 = EDGE_LOOP('',(#3997,#3998,#4021,#4042));
#3997 = ORIENTED_EDGE('',*,*,#750,.T.);
#3998 = ORIENTED_EDGE('',*,*,#3999,.T.);
#3999 = EDGE_CURVE('',#725,#4000,#4002,.T.);
#4000 = VERTEX_POINT('',#4001);
#4001 = CARTESIAN_POINT('',(-6.762435565298,1.79,11.6));
#4002 = SURFACE_CURVE('',#4003,(#4007,#4014),.PCURVE_S1.);
#4003 = LINE('',#4004,#4005);
#4004 = CARTESIAN_POINT('',(-6.762435565298,-1.E-02,11.6));
#4005 = VECTOR('',#4006,1.);
#4006 = DIRECTION('',(-0.,1.,-0.));
#4007 = PCURVE('',#765,#4008);
#4008 = DEFINITIONAL_REPRESENTATION('',(#4009),#4013);
#4009 = LINE('',#4010,#4011);
#4010 = CARTESIAN_POINT('',(0.,0.));
#4011 = VECTOR('',#4012,1.);
#4012 = DIRECTION('',(0.,-1.));
#4013 = ( GEOMETRIC_REPRESENTATION_CONTEXT(2) 
PARAMETRIC_REPRESENTATION_CONTEXT() REPRESENTATION_CONTEXT('2D SPACE',''
  ) );
#4014 = PCURVE('',#739,#4015);
#4015 = DEFINITIONAL_REPRESENTATION('',(#4016),#4020);
#4016 = LINE('',#4017,#4018);
#4017 = CARTESIAN_POINT('',(2.424871130596,0.));
#4018 = VECTOR('',#4019,1.);
#4019 = DIRECTION('',(0.,-1.));
#4020 = ( GEOMETRIC_REPRESENTATION_CONTEXT(2) 
PARAMETRIC_REPRESENTATION_CONTEXT() REPRESENTATION_CONTEXT('2D SPACE',''
  ) );
#4021 = ORIENTED_EDGE('',*,*,#4022,.T.);
#4022 = EDGE_CURVE('',#4000,#3902,#4023,.T.);
#4023 = SURFACE_CURVE('',#4024,(#4028,#4035),.PCURVE_S1.);
#4024 = LINE('',#4025,#4026);
#4025 = CARTESIAN_POINT('',(-6.762435565298,1.79,11.6));
#4026 = VECTOR('',#4027,1.);
#4027 = DIRECTION('',(1.,0.,-5.494179103953E-16));
#4028 = PCURVE('',#765,#4029);
#4029 = DEFINITIONAL_REPRESENTATION('',(#4030),#4034);
#4030 = LINE('',#4031,#4032);
#4031 = CARTESIAN_POINT('',(0.,-1.8));
#4032 = VECTOR('',#4033,1.);
#4033 = DIRECTION('',(1.,0.));
#4034 = ( GEOMETRIC_REPRESENTATION_CONTEXT(2) 
PARAMETRIC_REPRESENTATION_CONTEXT() REPRESENTATION_CONTEXT('2D SPACE',''
  ) );
#4035 = PCURVE('',#3815,#4036);
#4036 = DEFINITIONAL_REPRESENTATION('',(#4037),#4041);
#4037 = LINE('',#4038,#4039);
#4038 = CARTESIAN_POINT('',(2.1,-1.212435565298));
#4039 = VECTOR('',#4040,1.);
#4040 = DIRECTION('',(5.494179103953E-16,1.));
#4041 = ( GEOMETRIC_REPRESENTATION_CONTEXT(2) 
PARAMETRIC_REPRESENTATION_CONTEXT() REPRESENTATION_CONTEXT('2D SPACE',''
  ) );
#4042 = ORIENTED_EDGE('',*,*,#3901,.F.);
#4043 = ADVANCED_FACE('',(#4044),#739,.F.);
#4044 = FACE_BOUND('',#4045,.F.);
#4045 = EDGE_LOOP('',(#4046,#4047,#4048,#4069));
#4046 = ORIENTED_EDGE('',*,*,#724,.T.);
#4047 = ORIENTED_EDGE('',*,*,#3974,.T.);
#4048 = ORIENTED_EDGE('',*,*,#4049,.T.);
#4049 = EDGE_CURVE('',#3952,#4000,#4050,.T.);
#4050 = SURFACE_CURVE('',#4051,(#4055,#4062),.PCURVE_S1.);
#4051 = LINE('',#4052,#4053);
#4052 = CARTESIAN_POINT('',(-7.974871130596,1.79,13.7));
#4053 = VECTOR('',#4054,1.);
#4054 = DIRECTION('',(0.5,0.,-0.866025403784));
#4055 = PCURVE('',#739,#4056);
#4056 = DEFINITIONAL_REPRESENTATION('',(#4057),#4061);
#4057 = LINE('',#4058,#4059);
#4058 = CARTESIAN_POINT('',(0.,-1.8));
#4059 = VECTOR('',#4060,1.);
#4060 = DIRECTION('',(1.,0.));
#4061 = ( GEOMETRIC_REPRESENTATION_CONTEXT(2) 
PARAMETRIC_REPRESENTATION_CONTEXT() REPRESENTATION_CONTEXT('2D SPACE',''
  ) );
#4062 = PCURVE('',#3815,#4063);
#4063 = DEFINITIONAL_REPRESENTATION('',(#4064),#4068);
#4064 = LINE('',#4065,#4066);
#4065 = CARTESIAN_POINT('',(-1.7763568394E-15,-2.424871130596));
#4066 = VECTOR('',#4067,1.);
#4067 = DIRECTION('',(0.866025403784,0.5));
#4068 = ( GEOMETRIC_REPRESENTATION_CONTEXT(2) 
PARAMETRIC_REPRESENTATION_CONTEXT() REPRESENTATION_CONTEXT('2D SPACE',''
  ) );
#4069 = ORIENTED_EDGE('',*,*,#3999,.F.);
#4070 = ADVANCED_FACE('',(#4071),#819,.F.);
#4071 = FACE_BOUND('',#4072,.F.);
#4072 = EDGE_LOOP('',(#4073,#4074,#4097,#4125));
#4073 = ORIENTED_EDGE('',*,*,#802,.T.);
#4074 = ORIENTED_EDGE('',*,*,#4075,.T.);
#4075 = EDGE_CURVE('',#805,#4076,#4078,.T.);
#4076 = VERTEX_POINT('',#4077);
#4077 = CARTESIAN_POINT('',(-40.72760800799,3.39,58.));
#4078 = SURFACE_CURVE('',#4079,(#4083,#4090),.PCURVE_S1.);
#4079 = LINE('',#4080,#4081);
#4080 = CARTESIAN_POINT('',(-40.72760800799,-1.E-02,58.));
#4081 = VECTOR('',#4082,1.);
#4082 = DIRECTION('',(-0.,1.,-0.));
#4083 = PCURVE('',#819,#4084);
#4084 = DEFINITIONAL_REPRESENTATION('',(#4085),#4089);
#4085 = LINE('',#4086,#4087);
#4086 = CARTESIAN_POINT('',(0.,0.));
#4087 = VECTOR('',#4088,1.);
#4088 = DIRECTION('',(0.,-1.));
#4089 = ( GEOMETRIC_REPRESENTATION_CONTEXT(2) 
PARAMETRIC_REPRESENTATION_CONTEXT() REPRESENTATION_CONTEXT('2D SPACE',''
  ) );
#4090 = PCURVE('',#947,#4091);
#4091 = DEFINITIONAL_REPRESENTATION('',(#4092),#4096);
#4092 = LINE('',#4093,#4094);
#4093 = CARTESIAN_POINT('',(4.272391992003,0.));
#4094 = VECTOR('',#4095,1.);
#4095 = DIRECTION('',(0.,-1.));
#4096 = ( GEOMETRIC_REPRESENTATION_CONTEXT(2) 
PARAMETRIC_REPRESENTATION_CONTEXT() REPRESENTATION_CONTEXT('2D SPACE',''
  ) );
#4097 = ORIENTED_EDGE('',*,*,#4098,.T.);
#4098 = EDGE_CURVE('',#4076,#4099,#4101,.T.);
#4099 = VERTEX_POINT('',#4100);
#4100 = CARTESIAN_POINT('',(-42.86380400399,3.39,61.7));
#4101 = SURFACE_CURVE('',#4102,(#4106,#4113),.PCURVE_S1.);
#4102 = LINE('',#4103,#4104);
#4103 = CARTESIAN_POINT('',(-40.72760800799,3.39,58.));
#4104 = VECTOR('',#4105,1.);
#4105 = DIRECTION('',(-0.5,0.,0.866025403784));
#4106 = PCURVE('',#819,#4107);
#4107 = DEFINITIONAL_REPRESENTATION('',(#4108),#4112);
#4108 = LINE('',#4109,#4110);
#4109 = CARTESIAN_POINT('',(0.,-3.4));
#4110 = VECTOR('',#4111,1.);
#4111 = DIRECTION('',(1.,0.));
#4112 = ( GEOMETRIC_REPRESENTATION_CONTEXT(2) 
PARAMETRIC_REPRESENTATION_CONTEXT() REPRESENTATION_CONTEXT('2D SPACE',''
  ) );
#4113 = PCURVE('',#4114,#4119);
#4114 = PLANE('',#4115);
#4115 = AXIS2_PLACEMENT_3D('',#4116,#4117,#4118);
#4116 = CARTESIAN_POINT('',(-45.,3.39,58.));
#4117 = DIRECTION('',(-0.,-1.,-0.));
#4118 = DIRECTION('',(0.,0.,-1.));
#4119 = DEFINITIONAL_REPRESENTATION('',(#4120),#4124);
#4120 = LINE('',#4121,#4122);
#4121 = CARTESIAN_POINT('',(-7.105427357601E-15,4.272391992003));
#4122 = VECTOR('',#4123,1.);
#4123 = DIRECTION('',(-0.866025403784,-0.5));
#4124 = ( GEOMETRIC_REPRESENTATION_CONTEXT(2) 
PARAMETRIC_REPRESENTATION_CONTEXT() REPRESENTATION_CONTEXT('2D SPACE',''
  ) );
#4125 = ORIENTED_EDGE('',*,*,#4126,.F.);
#4126 = EDGE_CURVE('',#803,#4099,#4127,.T.);
#4127 = SURFACE_CURVE('',#4128,(#4132,#4139),.PCURVE_S1.);
#4128 = LINE('',#4129,#4130);
#4129 = CARTESIAN_POINT('',(-42.86380400399,-1.E-02,61.7));
#4130 = VECTOR('',#4131,1.);
#4131 = DIRECTION('',(-0.,1.,-0.));
#4132 = PCURVE('',#819,#4133);
#4133 = DEFINITIONAL_REPRESENTATION('',(#4134),#4138);
#4134 = LINE('',#4135,#4136);
#4135 = CARTESIAN_POINT('',(4.272391992003,0.));
#4136 = VECTOR('',#4137,1.);
#4137 = DIRECTION('',(0.,-1.));
#4138 = ( GEOMETRIC_REPRESENTATION_CONTEXT(2) 
PARAMETRIC_REPRESENTATION_CONTEXT() REPRESENTATION_CONTEXT('2D SPACE',''
  ) );
#4139 = PCURVE('',#845,#4140);
#4140 = DEFINITIONAL_REPRESENTATION('',(#4141),#4145);
#4141 = LINE('',#4142,#4143);
#4142 = CARTESIAN_POINT('',(0.,0.));
#4143 = VECTOR('',#4144,1.);
#4144 = DIRECTION('',(0.,-1.));
#4145 = ( GEOMETRIC_REPRESENTATION_CONTEXT(2) 
PARAMETRIC_REPRESENTATION_CONTEXT() REPRESENTATION_CONTEXT('2D SPACE',''
  ) );
#4146 = ADVANCED_FACE('',(#4147),#845,.F.);
#4147 = FACE_BOUND('',#4148,.F.);
#4148 = EDGE_LOOP('',(#4149,#4150,#4151,#4174));
#4149 = ORIENTED_EDGE('',*,*,#830,.T.);
#4150 = ORIENTED_EDGE('',*,*,#4126,.T.);
#4151 = ORIENTED_EDGE('',*,*,#4152,.T.);
#4152 = EDGE_CURVE('',#4099,#4153,#4155,.T.);
#4153 = VERTEX_POINT('',#4154);
#4154 = CARTESIAN_POINT('',(-47.136195996,3.39,61.7));
#4155 = SURFACE_CURVE('',#4156,(#4160,#4167),.PCURVE_S1.);
#4156 = LINE('',#4157,#4158);
#4157 = CARTESIAN_POINT('',(-42.86380400399,3.39,61.7));
#4158 = VECTOR('',#4159,1.);
#4159 = DIRECTION('',(-1.,0.,1.039439289937E-16));
#4160 = PCURVE('',#845,#4161);
#4161 = DEFINITIONAL_REPRESENTATION('',(#4162),#4166);
#4162 = LINE('',#4163,#4164);
#4163 = CARTESIAN_POINT('',(0.,-3.4));
#4164 = VECTOR('',#4165,1.);
#4165 = DIRECTION('',(1.,0.));
#4166 = ( GEOMETRIC_REPRESENTATION_CONTEXT(2) 
PARAMETRIC_REPRESENTATION_CONTEXT() REPRESENTATION_CONTEXT('2D SPACE',''
  ) );
#4167 = PCURVE('',#4114,#4168);
#4168 = DEFINITIONAL_REPRESENTATION('',(#4169),#4173);
#4169 = LINE('',#4170,#4171);
#4170 = CARTESIAN_POINT('',(-3.7,2.136195996002));
#4171 = VECTOR('',#4172,1.);
#4172 = DIRECTION('',(-1.039439289937E-16,-1.));
#4173 = ( GEOMETRIC_REPRESENTATION_CONTEXT(2) 
PARAMETRIC_REPRESENTATION_CONTEXT() REPRESENTATION_CONTEXT('2D SPACE',''
  ) );
#4174 = ORIENTED_EDGE('',*,*,#4175,.F.);
#4175 = EDGE_CURVE('',#831,#4153,#4176,.T.);
#4176 = SURFACE_CURVE('',#4177,(#4181,#4188),.PCURVE_S1.);
#4177 = LINE('',#4178,#4179);
#4178 = CARTESIAN_POINT('',(-47.136195996,-1.E-02,61.7));
#4179 = VECTOR('',#4180,1.);
#4180 = DIRECTION('',(-0.,1.,-0.));
#4181 = PCURVE('',#845,#4182);
#4182 = DEFINITIONAL_REPRESENTATION('',(#4183),#4187);
#4183 = LINE('',#4184,#4185);
#4184 = CARTESIAN_POINT('',(4.272391992003,0.));
#4185 = VECTOR('',#4186,1.);
#4186 = DIRECTION('',(0.,-1.));
#4187 = ( GEOMETRIC_REPRESENTATION_CONTEXT(2) 
PARAMETRIC_REPRESENTATION_CONTEXT() REPRESENTATION_CONTEXT('2D SPACE',''
  ) );
#4188 = PCURVE('',#871,#4189);
#4189 = DEFINITIONAL_REPRESENTATION('',(#4190),#4194);
#4190 = LINE('',#4191,#4192);
#4191 = CARTESIAN_POINT('',(0.,0.));
#4192 = VECTOR('',#4193,1.);
#4193 = DIRECTION('',(0.,-1.));
#4194 = ( GEOMETRIC_REPRESENTATION_CONTEXT(2) 
PARAMETRIC_REPRESENTATION_CONTEXT() REPRESENTATION_CONTEXT('2D SPACE',''
  ) );
#4195 = ADVANCED_FACE('',(#4196),#947,.F.);
#4196 = FACE_BOUND('',#4197,.F.);
#4197 = EDGE_LOOP('',(#4198,#4199,#4222,#4243));
#4198 = ORIENTED_EDGE('',*,*,#934,.T.);
#4199 = ORIENTED_EDGE('',*,*,#4200,.T.);
#4200 = EDGE_CURVE('',#909,#4201,#4203,.T.);
#4201 = VERTEX_POINT('',#4202);
#4202 = CARTESIAN_POINT('',(-42.86380400399,3.39,54.3));
#4203 = SURFACE_CURVE('',#4204,(#4208,#4215),.PCURVE_S1.);
#4204 = LINE('',#4205,#4206);
#4205 = CARTESIAN_POINT('',(-42.86380400399,-1.E-02,54.3));
#4206 = VECTOR('',#4207,1.);
#4207 = DIRECTION('',(-0.,1.,-0.));
#4208 = PCURVE('',#947,#4209);
#4209 = DEFINITIONAL_REPRESENTATION('',(#4210),#4214);
#4210 = LINE('',#4211,#4212);
#4211 = CARTESIAN_POINT('',(0.,0.));
#4212 = VECTOR('',#4213,1.);
#4213 = DIRECTION('',(0.,-1.));
#4214 = ( GEOMETRIC_REPRESENTATION_CONTEXT(2) 
PARAMETRIC_REPRESENTATION_CONTEXT() REPRESENTATION_CONTEXT('2D SPACE',''
  ) );
#4215 = PCURVE('',#923,#4216);
#4216 = DEFINITIONAL_REPRESENTATION('',(#4217),#4221);
#4217 = LINE('',#4218,#4219);
#4218 = CARTESIAN_POINT('',(4.272391992003,0.));
#4219 = VECTOR('',#4220,1.);
#4220 = DIRECTION('',(0.,-1.));
#4221 = ( GEOMETRIC_REPRESENTATION_CONTEXT(2) 
PARAMETRIC_REPRESENTATION_CONTEXT() REPRESENTATION_CONTEXT('2D SPACE',''
  ) );
#4222 = ORIENTED_EDGE('',*,*,#4223,.T.);
#4223 = EDGE_CURVE('',#4201,#4076,#4224,.T.);
#4224 = SURFACE_CURVE('',#4225,(#4229,#4236),.PCURVE_S1.);
#4225 = LINE('',#4226,#4227);
#4226 = CARTESIAN_POINT('',(-42.86380400399,3.39,54.3));
#4227 = VECTOR('',#4228,1.);
#4228 = DIRECTION('',(0.5,0.,0.866025403784));
#4229 = PCURVE('',#947,#4230);
#4230 = DEFINITIONAL_REPRESENTATION('',(#4231),#4235);
#4231 = LINE('',#4232,#4233);
#4232 = CARTESIAN_POINT('',(0.,-3.4));
#4233 = VECTOR('',#4234,1.);
#4234 = DIRECTION('',(1.,0.));
#4235 = ( GEOMETRIC_REPRESENTATION_CONTEXT(2) 
PARAMETRIC_REPRESENTATION_CONTEXT() REPRESENTATION_CONTEXT('2D SPACE',''
  ) );
#4236 = PCURVE('',#4114,#4237);
#4237 = DEFINITIONAL_REPRESENTATION('',(#4238),#4242);
#4238 = LINE('',#4239,#4240);
#4239 = CARTESIAN_POINT('',(3.7,2.136195996002));
#4240 = VECTOR('',#4241,1.);
#4241 = DIRECTION('',(-0.866025403784,0.5));
#4242 = ( GEOMETRIC_REPRESENTATION_CONTEXT(2) 
PARAMETRIC_REPRESENTATION_CONTEXT() REPRESENTATION_CONTEXT('2D SPACE',''
  ) );
#4243 = ORIENTED_EDGE('',*,*,#4075,.F.);
#4244 = ADVANCED_FACE('',(#4245),#871,.F.);
#4245 = FACE_BOUND('',#4246,.F.);
#4246 = EDGE_LOOP('',(#4247,#4248,#4249,#4272));
#4247 = ORIENTED_EDGE('',*,*,#856,.T.);
#4248 = ORIENTED_EDGE('',*,*,#4175,.T.);
#4249 = ORIENTED_EDGE('',*,*,#4250,.T.);
#4250 = EDGE_CURVE('',#4153,#4251,#4253,.T.);
#4251 = VERTEX_POINT('',#4252);
#4252 = CARTESIAN_POINT('',(-49.272391992,3.39,58.));
#4253 = SURFACE_CURVE('',#4254,(#4258,#4265),.PCURVE_S1.);
#4254 = LINE('',#4255,#4256);
#4255 = CARTESIAN_POINT('',(-47.136195996,3.39,61.7));
#4256 = VECTOR('',#4257,1.);
#4257 = DIRECTION('',(-0.5,-0.,-0.866025403784));
#4258 = PCURVE('',#871,#4259);
#4259 = DEFINITIONAL_REPRESENTATION('',(#4260),#4264);
#4260 = LINE('',#4261,#4262);
#4261 = CARTESIAN_POINT('',(0.,-3.4));
#4262 = VECTOR('',#4263,1.);
#4263 = DIRECTION('',(1.,0.));
#4264 = ( GEOMETRIC_REPRESENTATION_CONTEXT(2) 
PARAMETRIC_REPRESENTATION_CONTEXT() REPRESENTATION_CONTEXT('2D SPACE',''
  ) );
#4265 = PCURVE('',#4114,#4266);
#4266 = DEFINITIONAL_REPRESENTATION('',(#4267),#4271);
#4267 = LINE('',#4268,#4269);
#4268 = CARTESIAN_POINT('',(-3.7,-2.136195996002));
#4269 = VECTOR('',#4270,1.);
#4270 = DIRECTION('',(0.866025403784,-0.5));
#4271 = ( GEOMETRIC_REPRESENTATION_CONTEXT(2) 
PARAMETRIC_REPRESENTATION_CONTEXT() REPRESENTATION_CONTEXT('2D SPACE',''
  ) );
#4272 = ORIENTED_EDGE('',*,*,#4273,.F.);
#4273 = EDGE_CURVE('',#857,#4251,#4274,.T.);
#4274 = SURFACE_CURVE('',#4275,(#4279,#4286),.PCURVE_S1.);
#4275 = LINE('',#4276,#4277);
#4276 = CARTESIAN_POINT('',(-49.272391992,-1.E-02,58.));
#4277 = VECTOR('',#4278,1.);
#4278 = DIRECTION('',(-0.,1.,-0.));
#4279 = PCURVE('',#871,#4280);
#4280 = DEFINITIONAL_REPRESENTATION('',(#4281),#4285);
#4281 = LINE('',#4282,#4283);
#4282 = CARTESIAN_POINT('',(4.272391992003,0.));
#4283 = VECTOR('',#4284,1.);
#4284 = DIRECTION('',(0.,-1.));
#4285 = ( GEOMETRIC_REPRESENTATION_CONTEXT(2) 
PARAMETRIC_REPRESENTATION_CONTEXT() REPRESENTATION_CONTEXT('2D SPACE',''
  ) );
#4286 = PCURVE('',#897,#4287);
#4287 = DEFINITIONAL_REPRESENTATION('',(#4288),#4292);
#4288 = LINE('',#4289,#4290);
#4289 = CARTESIAN_POINT('',(0.,0.));
#4290 = VECTOR('',#4291,1.);
#4291 = DIRECTION('',(0.,-1.));
#4292 = ( GEOMETRIC_REPRESENTATION_CONTEXT(2) 
PARAMETRIC_REPRESENTATION_CONTEXT() REPRESENTATION_CONTEXT('2D SPACE',''
  ) );
#4293 = ADVANCED_FACE('',(#4294),#923,.F.);
#4294 = FACE_BOUND('',#4295,.F.);
#4295 = EDGE_LOOP('',(#4296,#4297,#4320,#4341));
#4296 = ORIENTED_EDGE('',*,*,#908,.T.);
#4297 = ORIENTED_EDGE('',*,*,#4298,.T.);
#4298 = EDGE_CURVE('',#883,#4299,#4301,.T.);
#4299 = VERTEX_POINT('',#4300);
#4300 = CARTESIAN_POINT('',(-47.136195996,3.39,54.3));
#4301 = SURFACE_CURVE('',#4302,(#4306,#4313),.PCURVE_S1.);
#4302 = LINE('',#4303,#4304);
#4303 = CARTESIAN_POINT('',(-47.136195996,-1.E-02,54.3));
#4304 = VECTOR('',#4305,1.);
#4305 = DIRECTION('',(-0.,1.,-0.));
#4306 = PCURVE('',#923,#4307);
#4307 = DEFINITIONAL_REPRESENTATION('',(#4308),#4312);
#4308 = LINE('',#4309,#4310);
#4309 = CARTESIAN_POINT('',(0.,0.));
#4310 = VECTOR('',#4311,1.);
#4311 = DIRECTION('',(0.,-1.));
#4312 = ( GEOMETRIC_REPRESENTATION_CONTEXT(2) 
PARAMETRIC_REPRESENTATION_CONTEXT() REPRESENTATION_CONTEXT('2D SPACE',''
  ) );
#4313 = PCURVE('',#897,#4314);
#4314 = DEFINITIONAL_REPRESENTATION('',(#4315),#4319);
#4315 = LINE('',#4316,#4317);
#4316 = CARTESIAN_POINT('',(4.272391992003,0.));
#4317 = VECTOR('',#4318,1.);
#4318 = DIRECTION('',(0.,-1.));
#4319 = ( GEOMETRIC_REPRESENTATION_CONTEXT(2) 
PARAMETRIC_REPRESENTATION_CONTEXT() REPRESENTATION_CONTEXT('2D SPACE',''
  ) );
#4320 = ORIENTED_EDGE('',*,*,#4321,.T.);
#4321 = EDGE_CURVE('',#4299,#4201,#4322,.T.);
#4322 = SURFACE_CURVE('',#4323,(#4327,#4334),.PCURVE_S1.);
#4323 = LINE('',#4324,#4325);
#4324 = CARTESIAN_POINT('',(-47.136195996,3.39,54.3));
#4325 = VECTOR('',#4326,1.);
#4326 = DIRECTION('',(1.,0.,-7.276075029559E-16));
#4327 = PCURVE('',#923,#4328);
#4328 = DEFINITIONAL_REPRESENTATION('',(#4329),#4333);
#4329 = LINE('',#4330,#4331);
#4330 = CARTESIAN_POINT('',(0.,-3.4));
#4331 = VECTOR('',#4332,1.);
#4332 = DIRECTION('',(1.,0.));
#4333 = ( GEOMETRIC_REPRESENTATION_CONTEXT(2) 
PARAMETRIC_REPRESENTATION_CONTEXT() REPRESENTATION_CONTEXT('2D SPACE',''
  ) );
#4334 = PCURVE('',#4114,#4335);
#4335 = DEFINITIONAL_REPRESENTATION('',(#4336),#4340);
#4336 = LINE('',#4337,#4338);
#4337 = CARTESIAN_POINT('',(3.7,-2.136195996002));
#4338 = VECTOR('',#4339,1.);
#4339 = DIRECTION('',(7.276075029559E-16,1.));
#4340 = ( GEOMETRIC_REPRESENTATION_CONTEXT(2) 
PARAMETRIC_REPRESENTATION_CONTEXT() REPRESENTATION_CONTEXT('2D SPACE',''
  ) );
#4341 = ORIENTED_EDGE('',*,*,#4200,.F.);
#4342 = ADVANCED_FACE('',(#4343),#897,.F.);
#4343 = FACE_BOUND('',#4344,.F.);
#4344 = EDGE_LOOP('',(#4345,#4346,#4347,#4368));
#4345 = ORIENTED_EDGE('',*,*,#882,.T.);
#4346 = ORIENTED_EDGE('',*,*,#4273,.T.);
#4347 = ORIENTED_EDGE('',*,*,#4348,.T.);
#4348 = EDGE_CURVE('',#4251,#4299,#4349,.T.);
#4349 = SURFACE_CURVE('',#4350,(#4354,#4361),.PCURVE_S1.);
#4350 = LINE('',#4351,#4352);
#4351 = CARTESIAN_POINT('',(-49.272391992,3.39,58.));
#4352 = VECTOR('',#4353,1.);
#4353 = DIRECTION('',(0.5,0.,-0.866025403784));
#4354 = PCURVE('',#897,#4355);
#4355 = DEFINITIONAL_REPRESENTATION('',(#4356),#4360);
#4356 = LINE('',#4357,#4358);
#4357 = CARTESIAN_POINT('',(0.,-3.4));
#4358 = VECTOR('',#4359,1.);
#4359 = DIRECTION('',(1.,0.));
#4360 = ( GEOMETRIC_REPRESENTATION_CONTEXT(2) 
PARAMETRIC_REPRESENTATION_CONTEXT() REPRESENTATION_CONTEXT('2D SPACE',''
  ) );
#4361 = PCURVE('',#4114,#4362);
#4362 = DEFINITIONAL_REPRESENTATION('',(#4363),#4367);
#4363 = LINE('',#4364,#4365);
#4364 = CARTESIAN_POINT('',(-7.105427357601E-15,-4.272391992003));
#4365 = VECTOR('',#4366,1.);
#4366 = DIRECTION('',(0.866025403784,0.5));
#4367 = ( GEOMETRIC_REPRESENTATION_CONTEXT(2) 
PARAMETRIC_REPRESENTATION_CONTEXT() REPRESENTATION_CONTEXT('2D SPACE',''
  ) );
#4368 = ORIENTED_EDGE('',*,*,#4298,.F.);
#4369 = ADVANCED_FACE('',(#4370),#977,.F.);
#4370 = FACE_BOUND('',#4371,.F.);
#4371 = EDGE_LOOP('',(#4372,#4373,#4396,#4424));
#4372 = ORIENTED_EDGE('',*,*,#960,.T.);
#4373 = ORIENTED_EDGE('',*,*,#4374,.T.);
#4374 = EDGE_CURVE('',#963,#4375,#4377,.T.);
#4375 = VERTEX_POINT('',#4376);
#4376 = CARTESIAN_POINT('',(7.974871130596,1.79,13.7));
#4377 = SURFACE_CURVE('',#4378,(#4382,#4389),.PCURVE_S1.);
#4378 = LINE('',#4379,#4380);
#4379 = CARTESIAN_POINT('',(7.974871130596,-1.E-02,13.7));
#4380 = VECTOR('',#4381,1.);
#4381 = DIRECTION('',(-0.,1.,-0.));
#4382 = PCURVE('',#977,#4383);
#4383 = DEFINITIONAL_REPRESENTATION('',(#4384),#4388);
#4384 = LINE('',#4385,#4386);
#4385 = CARTESIAN_POINT('',(0.,0.));
#4386 = VECTOR('',#4387,1.);
#4387 = DIRECTION('',(0.,-1.));
#4388 = ( GEOMETRIC_REPRESENTATION_CONTEXT(2) 
PARAMETRIC_REPRESENTATION_CONTEXT() REPRESENTATION_CONTEXT('2D SPACE',''
  ) );
#4389 = PCURVE('',#1105,#4390);
#4390 = DEFINITIONAL_REPRESENTATION('',(#4391),#4395);
#4391 = LINE('',#4392,#4393);
#4392 = CARTESIAN_POINT('',(2.424871130596,0.));
#4393 = VECTOR('',#4394,1.);
#4394 = DIRECTION('',(0.,-1.));
#4395 = ( GEOMETRIC_REPRESENTATION_CONTEXT(2) 
PARAMETRIC_REPRESENTATION_CONTEXT() REPRESENTATION_CONTEXT('2D SPACE',''
  ) );
#4396 = ORIENTED_EDGE('',*,*,#4397,.T.);
#4397 = EDGE_CURVE('',#4375,#4398,#4400,.T.);
#4398 = VERTEX_POINT('',#4399);
#4399 = CARTESIAN_POINT('',(6.762435565298,1.79,15.8));
#4400 = SURFACE_CURVE('',#4401,(#4405,#4412),.PCURVE_S1.);
#4401 = LINE('',#4402,#4403);
#4402 = CARTESIAN_POINT('',(7.974871130596,1.79,13.7));
#4403 = VECTOR('',#4404,1.);
#4404 = DIRECTION('',(-0.5,0.,0.866025403784));
#4405 = PCURVE('',#977,#4406);
#4406 = DEFINITIONAL_REPRESENTATION('',(#4407),#4411);
#4407 = LINE('',#4408,#4409);
#4408 = CARTESIAN_POINT('',(0.,-1.8));
#4409 = VECTOR('',#4410,1.);
#4410 = DIRECTION('',(1.,0.));
#4411 = ( GEOMETRIC_REPRESENTATION_CONTEXT(2) 
PARAMETRIC_REPRESENTATION_CONTEXT() REPRESENTATION_CONTEXT('2D SPACE',''
  ) );
#4412 = PCURVE('',#4413,#4418);
#4413 = PLANE('',#4414);
#4414 = AXIS2_PLACEMENT_3D('',#4415,#4416,#4417);
#4415 = CARTESIAN_POINT('',(5.55,1.79,13.7));
#4416 = DIRECTION('',(-0.,-1.,-0.));
#4417 = DIRECTION('',(0.,0.,-1.));
#4418 = DEFINITIONAL_REPRESENTATION('',(#4419),#4423);
#4419 = LINE('',#4420,#4421);
#4420 = CARTESIAN_POINT('',(-1.7763568394E-15,2.424871130596));
#4421 = VECTOR('',#4422,1.);
#4422 = DIRECTION('',(-0.866025403784,-0.5));
#4423 = ( GEOMETRIC_REPRESENTATION_CONTEXT(2) 
PARAMETRIC_REPRESENTATION_CONTEXT() REPRESENTATION_CONTEXT('2D SPACE',''
  ) );
#4424 = ORIENTED_EDGE('',*,*,#4425,.F.);
#4425 = EDGE_CURVE('',#961,#4398,#4426,.T.);
#4426 = SURFACE_CURVE('',#4427,(#4431,#4438),.PCURVE_S1.);
#4427 = LINE('',#4428,#4429);
#4428 = CARTESIAN_POINT('',(6.762435565298,-1.E-02,15.8));
#4429 = VECTOR('',#4430,1.);
#4430 = DIRECTION('',(-0.,1.,-0.));
#4431 = PCURVE('',#977,#4432);
#4432 = DEFINITIONAL_REPRESENTATION('',(#4433),#4437);
#4433 = LINE('',#4434,#4435);
#4434 = CARTESIAN_POINT('',(2.424871130596,0.));
#4435 = VECTOR('',#4436,1.);
#4436 = DIRECTION('',(0.,-1.));
#4437 = ( GEOMETRIC_REPRESENTATION_CONTEXT(2) 
PARAMETRIC_REPRESENTATION_CONTEXT() REPRESENTATION_CONTEXT('2D SPACE',''
  ) );
#4438 = PCURVE('',#1003,#4439);
#4439 = DEFINITIONAL_REPRESENTATION('',(#4440),#4444);
#4440 = LINE('',#4441,#4442);
#4441 = CARTESIAN_POINT('',(0.,0.));
#4442 = VECTOR('',#4443,1.);
#4443 = DIRECTION('',(0.,-1.));
#4444 = ( GEOMETRIC_REPRESENTATION_CONTEXT(2) 
PARAMETRIC_REPRESENTATION_CONTEXT() REPRESENTATION_CONTEXT('2D SPACE',''
  ) );
#4445 = ADVANCED_FACE('',(#4446),#1003,.F.);
#4446 = FACE_BOUND('',#4447,.F.);
#4447 = EDGE_LOOP('',(#4448,#4449,#4450,#4473));
#4448 = ORIENTED_EDGE('',*,*,#988,.T.);
#4449 = ORIENTED_EDGE('',*,*,#4425,.T.);
#4450 = ORIENTED_EDGE('',*,*,#4451,.T.);
#4451 = EDGE_CURVE('',#4398,#4452,#4454,.T.);
#4452 = VERTEX_POINT('',#4453);
#4453 = CARTESIAN_POINT('',(4.337564434702,1.79,15.8));
#4454 = SURFACE_CURVE('',#4455,(#4459,#4466),.PCURVE_S1.);
#4455 = LINE('',#4456,#4457);
#4456 = CARTESIAN_POINT('',(6.762435565298,1.79,15.8));
#4457 = VECTOR('',#4458,1.);
#4458 = DIRECTION('',(-1.,0.,0.));
#4459 = PCURVE('',#1003,#4460);
#4460 = DEFINITIONAL_REPRESENTATION('',(#4461),#4465);
#4461 = LINE('',#4462,#4463);
#4462 = CARTESIAN_POINT('',(0.,-1.8));
#4463 = VECTOR('',#4464,1.);
#4464 = DIRECTION('',(1.,0.));
#4465 = ( GEOMETRIC_REPRESENTATION_CONTEXT(2) 
PARAMETRIC_REPRESENTATION_CONTEXT() REPRESENTATION_CONTEXT('2D SPACE',''
  ) );
#4466 = PCURVE('',#4413,#4467);
#4467 = DEFINITIONAL_REPRESENTATION('',(#4468),#4472);
#4468 = LINE('',#4469,#4470);
#4469 = CARTESIAN_POINT('',(-2.1,1.212435565298));
#4470 = VECTOR('',#4471,1.);
#4471 = DIRECTION('',(0.,-1.));
#4472 = ( GEOMETRIC_REPRESENTATION_CONTEXT(2) 
PARAMETRIC_REPRESENTATION_CONTEXT() REPRESENTATION_CONTEXT('2D SPACE',''
  ) );
#4473 = ORIENTED_EDGE('',*,*,#4474,.F.);
#4474 = EDGE_CURVE('',#989,#4452,#4475,.T.);
#4475 = SURFACE_CURVE('',#4476,(#4480,#4487),.PCURVE_S1.);
#4476 = LINE('',#4477,#4478);
#4477 = CARTESIAN_POINT('',(4.337564434702,-1.E-02,15.8));
#4478 = VECTOR('',#4479,1.);
#4479 = DIRECTION('',(-0.,1.,-0.));
#4480 = PCURVE('',#1003,#4481);
#4481 = DEFINITIONAL_REPRESENTATION('',(#4482),#4486);
#4482 = LINE('',#4483,#4484);
#4483 = CARTESIAN_POINT('',(2.424871130596,0.));
#4484 = VECTOR('',#4485,1.);
#4485 = DIRECTION('',(0.,-1.));
#4486 = ( GEOMETRIC_REPRESENTATION_CONTEXT(2) 
PARAMETRIC_REPRESENTATION_CONTEXT() REPRESENTATION_CONTEXT('2D SPACE',''
  ) );
#4487 = PCURVE('',#1029,#4488);
#4488 = DEFINITIONAL_REPRESENTATION('',(#4489),#4493);
#4489 = LINE('',#4490,#4491);
#4490 = CARTESIAN_POINT('',(0.,0.));
#4491 = VECTOR('',#4492,1.);
#4492 = DIRECTION('',(0.,-1.));
#4493 = ( GEOMETRIC_REPRESENTATION_CONTEXT(2) 
PARAMETRIC_REPRESENTATION_CONTEXT() REPRESENTATION_CONTEXT('2D SPACE',''
  ) );
#4494 = ADVANCED_FACE('',(#4495),#1105,.F.);
#4495 = FACE_BOUND('',#4496,.F.);
#4496 = EDGE_LOOP('',(#4497,#4498,#4521,#4542));
#4497 = ORIENTED_EDGE('',*,*,#1092,.T.);
#4498 = ORIENTED_EDGE('',*,*,#4499,.T.);
#4499 = EDGE_CURVE('',#1067,#4500,#4502,.T.);
#4500 = VERTEX_POINT('',#4501);
#4501 = CARTESIAN_POINT('',(6.762435565298,1.79,11.6));
#4502 = SURFACE_CURVE('',#4503,(#4507,#4514),.PCURVE_S1.);
#4503 = LINE('',#4504,#4505);
#4504 = CARTESIAN_POINT('',(6.762435565298,-1.E-02,11.6));
#4505 = VECTOR('',#4506,1.);
#4506 = DIRECTION('',(-0.,1.,-0.));
#4507 = PCURVE('',#1105,#4508);
#4508 = DEFINITIONAL_REPRESENTATION('',(#4509),#4513);
#4509 = LINE('',#4510,#4511);
#4510 = CARTESIAN_POINT('',(0.,0.));
#4511 = VECTOR('',#4512,1.);
#4512 = DIRECTION('',(0.,-1.));
#4513 = ( GEOMETRIC_REPRESENTATION_CONTEXT(2) 
PARAMETRIC_REPRESENTATION_CONTEXT() REPRESENTATION_CONTEXT('2D SPACE',''
  ) );
#4514 = PCURVE('',#1081,#4515);
#4515 = DEFINITIONAL_REPRESENTATION('',(#4516),#4520);
#4516 = LINE('',#4517,#4518);
#4517 = CARTESIAN_POINT('',(2.424871130596,0.));
#4518 = VECTOR('',#4519,1.);
#4519 = DIRECTION('',(0.,-1.));
#4520 = ( GEOMETRIC_REPRESENTATION_CONTEXT(2) 
PARAMETRIC_REPRESENTATION_CONTEXT() REPRESENTATION_CONTEXT('2D SPACE',''
  ) );
#4521 = ORIENTED_EDGE('',*,*,#4522,.T.);
#4522 = EDGE_CURVE('',#4500,#4375,#4523,.T.);
#4523 = SURFACE_CURVE('',#4524,(#4528,#4535),.PCURVE_S1.);
#4524 = LINE('',#4525,#4526);
#4525 = CARTESIAN_POINT('',(6.762435565298,1.79,11.6));
#4526 = VECTOR('',#4527,1.);
#4527 = DIRECTION('',(0.5,0.,0.866025403784));
#4528 = PCURVE('',#1105,#4529);
#4529 = DEFINITIONAL_REPRESENTATION('',(#4530),#4534);
#4530 = LINE('',#4531,#4532);
#4531 = CARTESIAN_POINT('',(0.,-1.8));
#4532 = VECTOR('',#4533,1.);
#4533 = DIRECTION('',(1.,0.));
#4534 = ( GEOMETRIC_REPRESENTATION_CONTEXT(2) 
PARAMETRIC_REPRESENTATION_CONTEXT() REPRESENTATION_CONTEXT('2D SPACE',''
  ) );
#4535 = PCURVE('',#4413,#4536);
#4536 = DEFINITIONAL_REPRESENTATION('',(#4537),#4541);
#4537 = LINE('',#4538,#4539);
#4538 = CARTESIAN_POINT('',(2.1,1.212435565298));
#4539 = VECTOR('',#4540,1.);
#4540 = DIRECTION('',(-0.866025403784,0.5));
#4541 = ( GEOMETRIC_REPRESENTATION_CONTEXT(2) 
PARAMETRIC_REPRESENTATION_CONTEXT() REPRESENTATION_CONTEXT('2D SPACE',''
  ) );
#4542 = ORIENTED_EDGE('',*,*,#4374,.F.);
#4543 = ADVANCED_FACE('',(#4544),#1029,.F.);
#4544 = FACE_BOUND('',#4545,.F.);
#4545 = EDGE_LOOP('',(#4546,#4547,#4548,#4571));
#4546 = ORIENTED_EDGE('',*,*,#1014,.T.);
#4547 = ORIENTED_EDGE('',*,*,#4474,.T.);
#4548 = ORIENTED_EDGE('',*,*,#4549,.T.);
#4549 = EDGE_CURVE('',#4452,#4550,#4552,.T.);
#4550 = VERTEX_POINT('',#4551);
#4551 = CARTESIAN_POINT('',(3.125128869404,1.79,13.7));
#4552 = SURFACE_CURVE('',#4553,(#4557,#4564),.PCURVE_S1.);
#4553 = LINE('',#4554,#4555);
#4554 = CARTESIAN_POINT('',(4.337564434702,1.79,15.8));
#4555 = VECTOR('',#4556,1.);
#4556 = DIRECTION('',(-0.5,-0.,-0.866025403784));
#4557 = PCURVE('',#1029,#4558);
#4558 = DEFINITIONAL_REPRESENTATION('',(#4559),#4563);
#4559 = LINE('',#4560,#4561);
#4560 = CARTESIAN_POINT('',(0.,-1.8));
#4561 = VECTOR('',#4562,1.);
#4562 = DIRECTION('',(1.,0.));
#4563 = ( GEOMETRIC_REPRESENTATION_CONTEXT(2) 
PARAMETRIC_REPRESENTATION_CONTEXT() REPRESENTATION_CONTEXT('2D SPACE',''
  ) );
#4564 = PCURVE('',#4413,#4565);
#4565 = DEFINITIONAL_REPRESENTATION('',(#4566),#4570);
#4566 = LINE('',#4567,#4568);
#4567 = CARTESIAN_POINT('',(-2.1,-1.212435565298));
#4568 = VECTOR('',#4569,1.);
#4569 = DIRECTION('',(0.866025403784,-0.5));
#4570 = ( GEOMETRIC_REPRESENTATION_CONTEXT(2) 
PARAMETRIC_REPRESENTATION_CONTEXT() REPRESENTATION_CONTEXT('2D SPACE',''
  ) );
#4571 = ORIENTED_EDGE('',*,*,#4572,.F.);
#4572 = EDGE_CURVE('',#1015,#4550,#4573,.T.);
#4573 = SURFACE_CURVE('',#4574,(#4578,#4585),.PCURVE_S1.);
#4574 = LINE('',#4575,#4576);
#4575 = CARTESIAN_POINT('',(3.125128869404,-1.E-02,13.7));
#4576 = VECTOR('',#4577,1.);
#4577 = DIRECTION('',(-0.,1.,-0.));
#4578 = PCURVE('',#1029,#4579);
#4579 = DEFINITIONAL_REPRESENTATION('',(#4580),#4584);
#4580 = LINE('',#4581,#4582);
#4581 = CARTESIAN_POINT('',(2.424871130596,0.));
#4582 = VECTOR('',#4583,1.);
#4583 = DIRECTION('',(0.,-1.));
#4584 = ( GEOMETRIC_REPRESENTATION_CONTEXT(2) 
PARAMETRIC_REPRESENTATION_CONTEXT() REPRESENTATION_CONTEXT('2D SPACE',''
  ) );
#4585 = PCURVE('',#1055,#4586);
#4586 = DEFINITIONAL_REPRESENTATION('',(#4587),#4591);
#4587 = LINE('',#4588,#4589);
#4588 = CARTESIAN_POINT('',(0.,0.));
#4589 = VECTOR('',#4590,1.);
#4590 = DIRECTION('',(0.,-1.));
#4591 = ( GEOMETRIC_REPRESENTATION_CONTEXT(2) 
PARAMETRIC_REPRESENTATION_CONTEXT() REPRESENTATION_CONTEXT('2D SPACE',''
  ) );
#4592 = ADVANCED_FACE('',(#4593),#1081,.F.);
#4593 = FACE_BOUND('',#4594,.F.);
#4594 = EDGE_LOOP('',(#4595,#4596,#4619,#4640));
#4595 = ORIENTED_EDGE('',*,*,#1066,.T.);
#4596 = ORIENTED_EDGE('',*,*,#4597,.T.);
#4597 = EDGE_CURVE('',#1041,#4598,#4600,.T.);
#4598 = VERTEX_POINT('',#4599);
#4599 = CARTESIAN_POINT('',(4.337564434702,1.79,11.6));
#4600 = SURFACE_CURVE('',#4601,(#4605,#4612),.PCURVE_S1.);
#4601 = LINE('',#4602,#4603);
#4602 = CARTESIAN_POINT('',(4.337564434702,-1.E-02,11.6));
#4603 = VECTOR('',#4604,1.);
#4604 = DIRECTION('',(-0.,1.,-0.));
#4605 = PCURVE('',#1081,#4606);
#4606 = DEFINITIONAL_REPRESENTATION('',(#4607),#4611);
#4607 = LINE('',#4608,#4609);
#4608 = CARTESIAN_POINT('',(0.,0.));
#4609 = VECTOR('',#4610,1.);
#4610 = DIRECTION('',(0.,-1.));
#4611 = ( GEOMETRIC_REPRESENTATION_CONTEXT(2) 
PARAMETRIC_REPRESENTATION_CONTEXT() REPRESENTATION_CONTEXT('2D SPACE',''
  ) );
#4612 = PCURVE('',#1055,#4613);
#4613 = DEFINITIONAL_REPRESENTATION('',(#4614),#4618);
#4614 = LINE('',#4615,#4616);
#4615 = CARTESIAN_POINT('',(2.424871130596,0.));
#4616 = VECTOR('',#4617,1.);
#4617 = DIRECTION('',(0.,-1.));
#4618 = ( GEOMETRIC_REPRESENTATION_CONTEXT(2) 
PARAMETRIC_REPRESENTATION_CONTEXT() REPRESENTATION_CONTEXT('2D SPACE',''
  ) );
#4619 = ORIENTED_EDGE('',*,*,#4620,.T.);
#4620 = EDGE_CURVE('',#4598,#4500,#4621,.T.);
#4621 = SURFACE_CURVE('',#4622,(#4626,#4633),.PCURVE_S1.);
#4622 = LINE('',#4623,#4624);
#4623 = CARTESIAN_POINT('',(4.337564434702,1.79,11.6));
#4624 = VECTOR('',#4625,1.);
#4625 = DIRECTION('',(1.,0.,-5.494179103953E-16));
#4626 = PCURVE('',#1081,#4627);
#4627 = DEFINITIONAL_REPRESENTATION('',(#4628),#4632);
#4628 = LINE('',#4629,#4630);
#4629 = CARTESIAN_POINT('',(0.,-1.8));
#4630 = VECTOR('',#4631,1.);
#4631 = DIRECTION('',(1.,0.));
#4632 = ( GEOMETRIC_REPRESENTATION_CONTEXT(2) 
PARAMETRIC_REPRESENTATION_CONTEXT() REPRESENTATION_CONTEXT('2D SPACE',''
  ) );
#4633 = PCURVE('',#4413,#4634);
#4634 = DEFINITIONAL_REPRESENTATION('',(#4635),#4639);
#4635 = LINE('',#4636,#4637);
#4636 = CARTESIAN_POINT('',(2.1,-1.212435565298));
#4637 = VECTOR('',#4638,1.);
#4638 = DIRECTION('',(5.494179103953E-16,1.));
#4639 = ( GEOMETRIC_REPRESENTATION_CONTEXT(2) 
PARAMETRIC_REPRESENTATION_CONTEXT() REPRESENTATION_CONTEXT('2D SPACE',''
  ) );
#4640 = ORIENTED_EDGE('',*,*,#4499,.F.);
#4641 = ADVANCED_FACE('',(#4642),#1055,.F.);
#4642 = FACE_BOUND('',#4643,.F.);
#4643 = EDGE_LOOP('',(#4644,#4645,#4646,#4667));
#4644 = ORIENTED_EDGE('',*,*,#1040,.T.);
#4645 = ORIENTED_EDGE('',*,*,#4572,.T.);
#4646 = ORIENTED_EDGE('',*,*,#4647,.T.);
#4647 = EDGE_CURVE('',#4550,#4598,#4648,.T.);
#4648 = SURFACE_CURVE('',#4649,(#4653,#4660),.PCURVE_S1.);
#4649 = LINE('',#4650,#4651);
#4650 = CARTESIAN_POINT('',(3.125128869404,1.79,13.7));
#4651 = VECTOR('',#4652,1.);
#4652 = DIRECTION('',(0.5,0.,-0.866025403784));
#4653 = PCURVE('',#1055,#4654);
#4654 = DEFINITIONAL_REPRESENTATION('',(#4655),#4659);
#4655 = LINE('',#4656,#4657);
#4656 = CARTESIAN_POINT('',(0.,-1.8));
#4657 = VECTOR('',#4658,1.);
#4658 = DIRECTION('',(1.,0.));
#4659 = ( GEOMETRIC_REPRESENTATION_CONTEXT(2) 
PARAMETRIC_REPRESENTATION_CONTEXT() REPRESENTATION_CONTEXT('2D SPACE',''
  ) );
#4660 = PCURVE('',#4413,#4661);
#4661 = DEFINITIONAL_REPRESENTATION('',(#4662),#4666);
#4662 = LINE('',#4663,#4664);
#4663 = CARTESIAN_POINT('',(-1.7763568394E-15,-2.424871130596));
#4664 = VECTOR('',#4665,1.);
#4665 = DIRECTION('',(0.866025403784,0.5));
#4666 = ( GEOMETRIC_REPRESENTATION_CONTEXT(2) 
PARAMETRIC_REPRESENTATION_CONTEXT() REPRESENTATION_CONTEXT('2D SPACE',''
  ) );
#4667 = ORIENTED_EDGE('',*,*,#4597,.F.);
#4668 = ADVANCED_FACE('',(#4669),#1135,.F.);
#4669 = FACE_BOUND('',#4670,.F.);
#4670 = EDGE_LOOP('',(#4671,#4672,#4695,#4723));
#4671 = ORIENTED_EDGE('',*,*,#1118,.T.);
#4672 = ORIENTED_EDGE('',*,*,#4673,.T.);
#4673 = EDGE_CURVE('',#1121,#4674,#4676,.T.);
#4674 = VERTEX_POINT('',#4675);
#4675 = CARTESIAN_POINT('',(27.474871130596,1.79,13.7));
#4676 = SURFACE_CURVE('',#4677,(#4681,#4688),.PCURVE_S1.);
#4677 = LINE('',#4678,#4679);
#4678 = CARTESIAN_POINT('',(27.474871130596,-1.E-02,13.7));
#4679 = VECTOR('',#4680,1.);
#4680 = DIRECTION('',(-0.,1.,-0.));
#4681 = PCURVE('',#1135,#4682);
#4682 = DEFINITIONAL_REPRESENTATION('',(#4683),#4687);
#4683 = LINE('',#4684,#4685);
#4684 = CARTESIAN_POINT('',(0.,0.));
#4685 = VECTOR('',#4686,1.);
#4686 = DIRECTION('',(0.,-1.));
#4687 = ( GEOMETRIC_REPRESENTATION_CONTEXT(2) 
PARAMETRIC_REPRESENTATION_CONTEXT() REPRESENTATION_CONTEXT('2D SPACE',''
  ) );
#4688 = PCURVE('',#1263,#4689);
#4689 = DEFINITIONAL_REPRESENTATION('',(#4690),#4694);
#4690 = LINE('',#4691,#4692);
#4691 = CARTESIAN_POINT('',(2.424871130596,0.));
#4692 = VECTOR('',#4693,1.);
#4693 = DIRECTION('',(0.,-1.));
#4694 = ( GEOMETRIC_REPRESENTATION_CONTEXT(2) 
PARAMETRIC_REPRESENTATION_CONTEXT() REPRESENTATION_CONTEXT('2D SPACE',''
  ) );
#4695 = ORIENTED_EDGE('',*,*,#4696,.T.);
#4696 = EDGE_CURVE('',#4674,#4697,#4699,.T.);
#4697 = VERTEX_POINT('',#4698);
#4698 = CARTESIAN_POINT('',(26.262435565298,1.79,15.8));
#4699 = SURFACE_CURVE('',#4700,(#4704,#4711),.PCURVE_S1.);
#4700 = LINE('',#4701,#4702);
#4701 = CARTESIAN_POINT('',(27.474871130596,1.79,13.7));
#4702 = VECTOR('',#4703,1.);
#4703 = DIRECTION('',(-0.5,0.,0.866025403784));
#4704 = PCURVE('',#1135,#4705);
#4705 = DEFINITIONAL_REPRESENTATION('',(#4706),#4710);
#4706 = LINE('',#4707,#4708);
#4707 = CARTESIAN_POINT('',(0.,-1.8));
#4708 = VECTOR('',#4709,1.);
#4709 = DIRECTION('',(1.,0.));
#4710 = ( GEOMETRIC_REPRESENTATION_CONTEXT(2) 
PARAMETRIC_REPRESENTATION_CONTEXT() REPRESENTATION_CONTEXT('2D SPACE',''
  ) );
#4711 = PCURVE('',#4712,#4717);
#4712 = PLANE('',#4713);
#4713 = AXIS2_PLACEMENT_3D('',#4714,#4715,#4716);
#4714 = CARTESIAN_POINT('',(25.05,1.79,13.7));
#4715 = DIRECTION('',(-0.,-1.,-0.));
#4716 = DIRECTION('',(0.,0.,-1.));
#4717 = DEFINITIONAL_REPRESENTATION('',(#4718),#4722);
#4718 = LINE('',#4719,#4720);
#4719 = CARTESIAN_POINT('',(-3.552713678801E-15,2.424871130596));
#4720 = VECTOR('',#4721,1.);
#4721 = DIRECTION('',(-0.866025403784,-0.5));
#4722 = ( GEOMETRIC_REPRESENTATION_CONTEXT(2) 
PARAMETRIC_REPRESENTATION_CONTEXT() REPRESENTATION_CONTEXT('2D SPACE',''
  ) );
#4723 = ORIENTED_EDGE('',*,*,#4724,.F.);
#4724 = EDGE_CURVE('',#1119,#4697,#4725,.T.);
#4725 = SURFACE_CURVE('',#4726,(#4730,#4737),.PCURVE_S1.);
#4726 = LINE('',#4727,#4728);
#4727 = CARTESIAN_POINT('',(26.262435565298,-1.E-02,15.8));
#4728 = VECTOR('',#4729,1.);
#4729 = DIRECTION('',(-0.,1.,-0.));
#4730 = PCURVE('',#1135,#4731);
#4731 = DEFINITIONAL_REPRESENTATION('',(#4732),#4736);
#4732 = LINE('',#4733,#4734);
#4733 = CARTESIAN_POINT('',(2.424871130596,0.));
#4734 = VECTOR('',#4735,1.);
#4735 = DIRECTION('',(0.,-1.));
#4736 = ( GEOMETRIC_REPRESENTATION_CONTEXT(2) 
PARAMETRIC_REPRESENTATION_CONTEXT() REPRESENTATION_CONTEXT('2D SPACE',''
  ) );
#4737 = PCURVE('',#1161,#4738);
#4738 = DEFINITIONAL_REPRESENTATION('',(#4739),#4743);
#4739 = LINE('',#4740,#4741);
#4740 = CARTESIAN_POINT('',(0.,0.));
#4741 = VECTOR('',#4742,1.);
#4742 = DIRECTION('',(0.,-1.));
#4743 = ( GEOMETRIC_REPRESENTATION_CONTEXT(2) 
PARAMETRIC_REPRESENTATION_CONTEXT() REPRESENTATION_CONTEXT('2D SPACE',''
  ) );
#4744 = ADVANCED_FACE('',(#4745),#1161,.F.);
#4745 = FACE_BOUND('',#4746,.F.);
#4746 = EDGE_LOOP('',(#4747,#4748,#4749,#4772));
#4747 = ORIENTED_EDGE('',*,*,#1146,.T.);
#4748 = ORIENTED_EDGE('',*,*,#4724,.T.);
#4749 = ORIENTED_EDGE('',*,*,#4750,.T.);
#4750 = EDGE_CURVE('',#4697,#4751,#4753,.T.);
#4751 = VERTEX_POINT('',#4752);
#4752 = CARTESIAN_POINT('',(23.837564434702,1.79,15.8));
#4753 = SURFACE_CURVE('',#4754,(#4758,#4765),.PCURVE_S1.);
#4754 = LINE('',#4755,#4756);
#4755 = CARTESIAN_POINT('',(26.262435565298,1.79,15.8));
#4756 = VECTOR('',#4757,1.);
#4757 = DIRECTION('',(-1.,0.,0.));
#4758 = PCURVE('',#1161,#4759);
#4759 = DEFINITIONAL_REPRESENTATION('',(#4760),#4764);
#4760 = LINE('',#4761,#4762);
#4761 = CARTESIAN_POINT('',(0.,-1.8));
#4762 = VECTOR('',#4763,1.);
#4763 = DIRECTION('',(1.,0.));
#4764 = ( GEOMETRIC_REPRESENTATION_CONTEXT(2) 
PARAMETRIC_REPRESENTATION_CONTEXT() REPRESENTATION_CONTEXT('2D SPACE',''
  ) );
#4765 = PCURVE('',#4712,#4766);
#4766 = DEFINITIONAL_REPRESENTATION('',(#4767),#4771);
#4767 = LINE('',#4768,#4769);
#4768 = CARTESIAN_POINT('',(-2.1,1.212435565298));
#4769 = VECTOR('',#4770,1.);
#4770 = DIRECTION('',(0.,-1.));
#4771 = ( GEOMETRIC_REPRESENTATION_CONTEXT(2) 
PARAMETRIC_REPRESENTATION_CONTEXT() REPRESENTATION_CONTEXT('2D SPACE',''
  ) );
#4772 = ORIENTED_EDGE('',*,*,#4773,.F.);
#4773 = EDGE_CURVE('',#1147,#4751,#4774,.T.);
#4774 = SURFACE_CURVE('',#4775,(#4779,#4786),.PCURVE_S1.);
#4775 = LINE('',#4776,#4777);
#4776 = CARTESIAN_POINT('',(23.837564434702,-1.E-02,15.8));
#4777 = VECTOR('',#4778,1.);
#4778 = DIRECTION('',(-0.,1.,-0.));
#4779 = PCURVE('',#1161,#4780);
#4780 = DEFINITIONAL_REPRESENTATION('',(#4781),#4785);
#4781 = LINE('',#4782,#4783);
#4782 = CARTESIAN_POINT('',(2.424871130596,0.));
#4783 = VECTOR('',#4784,1.);
#4784 = DIRECTION('',(0.,-1.));
#4785 = ( GEOMETRIC_REPRESENTATION_CONTEXT(2) 
PARAMETRIC_REPRESENTATION_CONTEXT() REPRESENTATION_CONTEXT('2D SPACE',''
  ) );
#4786 = PCURVE('',#1187,#4787);
#4787 = DEFINITIONAL_REPRESENTATION('',(#4788),#4792);
#4788 = LINE('',#4789,#4790);
#4789 = CARTESIAN_POINT('',(0.,0.));
#4790 = VECTOR('',#4791,1.);
#4791 = DIRECTION('',(0.,-1.));
#4792 = ( GEOMETRIC_REPRESENTATION_CONTEXT(2) 
PARAMETRIC_REPRESENTATION_CONTEXT() REPRESENTATION_CONTEXT('2D SPACE',''
  ) );
#4793 = ADVANCED_FACE('',(#4794),#1263,.F.);
#4794 = FACE_BOUND('',#4795,.F.);
#4795 = EDGE_LOOP('',(#4796,#4797,#4820,#4841));
#4796 = ORIENTED_EDGE('',*,*,#1250,.T.);
#4797 = ORIENTED_EDGE('',*,*,#4798,.T.);
#4798 = EDGE_CURVE('',#1225,#4799,#4801,.T.);
#4799 = VERTEX_POINT('',#4800);
#4800 = CARTESIAN_POINT('',(26.262435565298,1.79,11.6));
#4801 = SURFACE_CURVE('',#4802,(#4806,#4813),.PCURVE_S1.);
#4802 = LINE('',#4803,#4804);
#4803 = CARTESIAN_POINT('',(26.262435565298,-1.E-02,11.6));
#4804 = VECTOR('',#4805,1.);
#4805 = DIRECTION('',(-0.,1.,-0.));
#4806 = PCURVE('',#1263,#4807);
#4807 = DEFINITIONAL_REPRESENTATION('',(#4808),#4812);
#4808 = LINE('',#4809,#4810);
#4809 = CARTESIAN_POINT('',(0.,0.));
#4810 = VECTOR('',#4811,1.);
#4811 = DIRECTION('',(0.,-1.));
#4812 = ( GEOMETRIC_REPRESENTATION_CONTEXT(2) 
PARAMETRIC_REPRESENTATION_CONTEXT() REPRESENTATION_CONTEXT('2D SPACE',''
  ) );
#4813 = PCURVE('',#1239,#4814);
#4814 = DEFINITIONAL_REPRESENTATION('',(#4815),#4819);
#4815 = LINE('',#4816,#4817);
#4816 = CARTESIAN_POINT('',(2.424871130596,0.));
#4817 = VECTOR('',#4818,1.);
#4818 = DIRECTION('',(0.,-1.));
#4819 = ( GEOMETRIC_REPRESENTATION_CONTEXT(2) 
PARAMETRIC_REPRESENTATION_CONTEXT() REPRESENTATION_CONTEXT('2D SPACE',''
  ) );
#4820 = ORIENTED_EDGE('',*,*,#4821,.T.);
#4821 = EDGE_CURVE('',#4799,#4674,#4822,.T.);
#4822 = SURFACE_CURVE('',#4823,(#4827,#4834),.PCURVE_S1.);
#4823 = LINE('',#4824,#4825);
#4824 = CARTESIAN_POINT('',(26.262435565298,1.79,11.6));
#4825 = VECTOR('',#4826,1.);
#4826 = DIRECTION('',(0.5,0.,0.866025403784));
#4827 = PCURVE('',#1263,#4828);
#4828 = DEFINITIONAL_REPRESENTATION('',(#4829),#4833);
#4829 = LINE('',#4830,#4831);
#4830 = CARTESIAN_POINT('',(0.,-1.8));
#4831 = VECTOR('',#4832,1.);
#4832 = DIRECTION('',(1.,0.));
#4833 = ( GEOMETRIC_REPRESENTATION_CONTEXT(2) 
PARAMETRIC_REPRESENTATION_CONTEXT() REPRESENTATION_CONTEXT('2D SPACE',''
  ) );
#4834 = PCURVE('',#4712,#4835);
#4835 = DEFINITIONAL_REPRESENTATION('',(#4836),#4840);
#4836 = LINE('',#4837,#4838);
#4837 = CARTESIAN_POINT('',(2.1,1.212435565298));
#4838 = VECTOR('',#4839,1.);
#4839 = DIRECTION('',(-0.866025403784,0.5));
#4840 = ( GEOMETRIC_REPRESENTATION_CONTEXT(2) 
PARAMETRIC_REPRESENTATION_CONTEXT() REPRESENTATION_CONTEXT('2D SPACE',''
  ) );
#4841 = ORIENTED_EDGE('',*,*,#4673,.F.);
#4842 = ADVANCED_FACE('',(#4843),#1187,.F.);
#4843 = FACE_BOUND('',#4844,.F.);
#4844 = EDGE_LOOP('',(#4845,#4846,#4847,#4870));
#4845 = ORIENTED_EDGE('',*,*,#1172,.T.);
#4846 = ORIENTED_EDGE('',*,*,#4773,.T.);
#4847 = ORIENTED_EDGE('',*,*,#4848,.T.);
#4848 = EDGE_CURVE('',#4751,#4849,#4851,.T.);
#4849 = VERTEX_POINT('',#4850);
#4850 = CARTESIAN_POINT('',(22.625128869404,1.79,13.7));
#4851 = SURFACE_CURVE('',#4852,(#4856,#4863),.PCURVE_S1.);
#4852 = LINE('',#4853,#4854);
#4853 = CARTESIAN_POINT('',(23.837564434702,1.79,15.8));
#4854 = VECTOR('',#4855,1.);
#4855 = DIRECTION('',(-0.5,-0.,-0.866025403784));
#4856 = PCURVE('',#1187,#4857);
#4857 = DEFINITIONAL_REPRESENTATION('',(#4858),#4862);
#4858 = LINE('',#4859,#4860);
#4859 = CARTESIAN_POINT('',(0.,-1.8));
#4860 = VECTOR('',#4861,1.);
#4861 = DIRECTION('',(1.,0.));
#4862 = ( GEOMETRIC_REPRESENTATION_CONTEXT(2) 
PARAMETRIC_REPRESENTATION_CONTEXT() REPRESENTATION_CONTEXT('2D SPACE',''
  ) );
#4863 = PCURVE('',#4712,#4864);
#4864 = DEFINITIONAL_REPRESENTATION('',(#4865),#4869);
#4865 = LINE('',#4866,#4867);
#4866 = CARTESIAN_POINT('',(-2.1,-1.212435565298));
#4867 = VECTOR('',#4868,1.);
#4868 = DIRECTION('',(0.866025403784,-0.5));
#4869 = ( GEOMETRIC_REPRESENTATION_CONTEXT(2) 
PARAMETRIC_REPRESENTATION_CONTEXT() REPRESENTATION_CONTEXT('2D SPACE',''
  ) );
#4870 = ORIENTED_EDGE('',*,*,#4871,.F.);
#4871 = EDGE_CURVE('',#1173,#4849,#4872,.T.);
#4872 = SURFACE_CURVE('',#4873,(#4877,#4884),.PCURVE_S1.);
#4873 = LINE('',#4874,#4875);
#4874 = CARTESIAN_POINT('',(22.625128869404,-1.E-02,13.7));
#4875 = VECTOR('',#4876,1.);
#4876 = DIRECTION('',(-0.,1.,-0.));
#4877 = PCURVE('',#1187,#4878);
#4878 = DEFINITIONAL_REPRESENTATION('',(#4879),#4883);
#4879 = LINE('',#4880,#4881);
#4880 = CARTESIAN_POINT('',(2.424871130596,0.));
#4881 = VECTOR('',#4882,1.);
#4882 = DIRECTION('',(0.,-1.));
#4883 = ( GEOMETRIC_REPRESENTATION_CONTEXT(2) 
PARAMETRIC_REPRESENTATION_CONTEXT() REPRESENTATION_CONTEXT('2D SPACE',''
  ) );
#4884 = PCURVE('',#1213,#4885);
#4885 = DEFINITIONAL_REPRESENTATION('',(#4886),#4890);
#4886 = LINE('',#4887,#4888);
#4887 = CARTESIAN_POINT('',(0.,0.));
#4888 = VECTOR('',#4889,1.);
#4889 = DIRECTION('',(0.,-1.));
#4890 = ( GEOMETRIC_REPRESENTATION_CONTEXT(2) 
PARAMETRIC_REPRESENTATION_CONTEXT() REPRESENTATION_CONTEXT('2D SPACE',''
  ) );
#4891 = ADVANCED_FACE('',(#4892),#1239,.F.);
#4892 = FACE_BOUND('',#4893,.F.);
#4893 = EDGE_LOOP('',(#4894,#4895,#4918,#4939));
#4894 = ORIENTED_EDGE('',*,*,#1224,.T.);
#4895 = ORIENTED_EDGE('',*,*,#4896,.T.);
#4896 = EDGE_CURVE('',#1199,#4897,#4899,.T.);
#4897 = VERTEX_POINT('',#4898);
#4898 = CARTESIAN_POINT('',(23.837564434702,1.79,11.6));
#4899 = SURFACE_CURVE('',#4900,(#4904,#4911),.PCURVE_S1.);
#4900 = LINE('',#4901,#4902);
#4901 = CARTESIAN_POINT('',(23.837564434702,-1.E-02,11.6));
#4902 = VECTOR('',#4903,1.);
#4903 = DIRECTION('',(-0.,1.,-0.));
#4904 = PCURVE('',#1239,#4905);
#4905 = DEFINITIONAL_REPRESENTATION('',(#4906),#4910);
#4906 = LINE('',#4907,#4908);
#4907 = CARTESIAN_POINT('',(0.,0.));
#4908 = VECTOR('',#4909,1.);
#4909 = DIRECTION('',(0.,-1.));
#4910 = ( GEOMETRIC_REPRESENTATION_CONTEXT(2) 
PARAMETRIC_REPRESENTATION_CONTEXT() REPRESENTATION_CONTEXT('2D SPACE',''
  ) );
#4911 = PCURVE('',#1213,#4912);
#4912 = DEFINITIONAL_REPRESENTATION('',(#4913),#4917);
#4913 = LINE('',#4914,#4915);
#4914 = CARTESIAN_POINT('',(2.424871130596,0.));
#4915 = VECTOR('',#4916,1.);
#4916 = DIRECTION('',(0.,-1.));
#4917 = ( GEOMETRIC_REPRESENTATION_CONTEXT(2) 
PARAMETRIC_REPRESENTATION_CONTEXT() REPRESENTATION_CONTEXT('2D SPACE',''
  ) );
#4918 = ORIENTED_EDGE('',*,*,#4919,.T.);
#4919 = EDGE_CURVE('',#4897,#4799,#4920,.T.);
#4920 = SURFACE_CURVE('',#4921,(#4925,#4932),.PCURVE_S1.);
#4921 = LINE('',#4922,#4923);
#4922 = CARTESIAN_POINT('',(23.837564434702,1.79,11.6));
#4923 = VECTOR('',#4924,1.);
#4924 = DIRECTION('',(1.,0.,-5.494179103953E-16));
#4925 = PCURVE('',#1239,#4926);
#4926 = DEFINITIONAL_REPRESENTATION('',(#4927),#4931);
#4927 = LINE('',#4928,#4929);
#4928 = CARTESIAN_POINT('',(0.,-1.8));
#4929 = VECTOR('',#4930,1.);
#4930 = DIRECTION('',(1.,0.));
#4931 = ( GEOMETRIC_REPRESENTATION_CONTEXT(2) 
PARAMETRIC_REPRESENTATION_CONTEXT() REPRESENTATION_CONTEXT('2D SPACE',''
  ) );
#4932 = PCURVE('',#4712,#4933);
#4933 = DEFINITIONAL_REPRESENTATION('',(#4934),#4938);
#4934 = LINE('',#4935,#4936);
#4935 = CARTESIAN_POINT('',(2.1,-1.212435565298));
#4936 = VECTOR('',#4937,1.);
#4937 = DIRECTION('',(5.494179103953E-16,1.));
#4938 = ( GEOMETRIC_REPRESENTATION_CONTEXT(2) 
PARAMETRIC_REPRESENTATION_CONTEXT() REPRESENTATION_CONTEXT('2D SPACE',''
  ) );
#4939 = ORIENTED_EDGE('',*,*,#4798,.F.);
#4940 = ADVANCED_FACE('',(#4941),#1213,.F.);
#4941 = FACE_BOUND('',#4942,.F.);
#4942 = EDGE_LOOP('',(#4943,#4944,#4945,#4966));
#4943 = ORIENTED_EDGE('',*,*,#1198,.T.);
#4944 = ORIENTED_EDGE('',*,*,#4871,.T.);
#4945 = ORIENTED_EDGE('',*,*,#4946,.T.);
#4946 = EDGE_CURVE('',#4849,#4897,#4947,.T.);
#4947 = SURFACE_CURVE('',#4948,(#4952,#4959),.PCURVE_S1.);
#4948 = LINE('',#4949,#4950);
#4949 = CARTESIAN_POINT('',(22.625128869404,1.79,13.7));
#4950 = VECTOR('',#4951,1.);
#4951 = DIRECTION('',(0.5,0.,-0.866025403784));
#4952 = PCURVE('',#1213,#4953);
#4953 = DEFINITIONAL_REPRESENTATION('',(#4954),#4958);
#4954 = LINE('',#4955,#4956);
#4955 = CARTESIAN_POINT('',(0.,-1.8));
#4956 = VECTOR('',#4957,1.);
#4957 = DIRECTION('',(1.,0.));
#4958 = ( GEOMETRIC_REPRESENTATION_CONTEXT(2) 
PARAMETRIC_REPRESENTATION_CONTEXT() REPRESENTATION_CONTEXT('2D SPACE',''
  ) );
#4959 = PCURVE('',#4712,#4960);
#4960 = DEFINITIONAL_REPRESENTATION('',(#4961),#4965);
#4961 = LINE('',#4962,#4963);
#4962 = CARTESIAN_POINT('',(-3.552713678801E-15,-2.424871130596));
#4963 = VECTOR('',#4964,1.);
#4964 = DIRECTION('',(0.866025403784,0.5));
#4965 = ( GEOMETRIC_REPRESENTATION_CONTEXT(2) 
PARAMETRIC_REPRESENTATION_CONTEXT() REPRESENTATION_CONTEXT('2D SPACE',''
  ) );
#4966 = ORIENTED_EDGE('',*,*,#4896,.F.);
#4967 = ADVANCED_FACE('',(#4968),#1293,.F.);
#4968 = FACE_BOUND('',#4969,.F.);
#4969 = EDGE_LOOP('',(#4970,#4971,#4994,#5022));
#4970 = ORIENTED_EDGE('',*,*,#1276,.T.);
#4971 = ORIENTED_EDGE('',*,*,#4972,.T.);
#4972 = EDGE_CURVE('',#1279,#4973,#4975,.T.);
#4973 = VERTEX_POINT('',#4974);
#4974 = CARTESIAN_POINT('',(49.272391992003,3.39,8.));
#4975 = SURFACE_CURVE('',#4976,(#4980,#4987),.PCURVE_S1.);
#4976 = LINE('',#4977,#4978);
#4977 = CARTESIAN_POINT('',(49.272391992003,-1.E-02,8.));
#4978 = VECTOR('',#4979,1.);
#4979 = DIRECTION('',(-0.,1.,-0.));
#4980 = PCURVE('',#1293,#4981);
#4981 = DEFINITIONAL_REPRESENTATION('',(#4982),#4986);
#4982 = LINE('',#4983,#4984);
#4983 = CARTESIAN_POINT('',(0.,0.));
#4984 = VECTOR('',#4985,1.);
#4985 = DIRECTION('',(0.,-1.));
#4986 = ( GEOMETRIC_REPRESENTATION_CONTEXT(2) 
PARAMETRIC_REPRESENTATION_CONTEXT() REPRESENTATION_CONTEXT('2D SPACE',''
  ) );
#4987 = PCURVE('',#1421,#4988);
#4988 = DEFINITIONAL_REPRESENTATION('',(#4989),#4993);
#4989 = LINE('',#4990,#4991);
#4990 = CARTESIAN_POINT('',(4.272391992003,0.));
#4991 = VECTOR('',#4992,1.);
#4992 = DIRECTION('',(0.,-1.));
#4993 = ( GEOMETRIC_REPRESENTATION_CONTEXT(2) 
PARAMETRIC_REPRESENTATION_CONTEXT() REPRESENTATION_CONTEXT('2D SPACE',''
  ) );
#4994 = ORIENTED_EDGE('',*,*,#4995,.T.);
#4995 = EDGE_CURVE('',#4973,#4996,#4998,.T.);
#4996 = VERTEX_POINT('',#4997);
#4997 = CARTESIAN_POINT('',(47.136195996002,3.39,11.7));
#4998 = SURFACE_CURVE('',#4999,(#5003,#5010),.PCURVE_S1.);
#4999 = LINE('',#5000,#5001);
#5000 = CARTESIAN_POINT('',(49.272391992003,3.39,8.));
#5001 = VECTOR('',#5002,1.);
#5002 = DIRECTION('',(-0.5,0.,0.866025403784));
#5003 = PCURVE('',#1293,#5004);
#5004 = DEFINITIONAL_REPRESENTATION('',(#5005),#5009);
#5005 = LINE('',#5006,#5007);
#5006 = CARTESIAN_POINT('',(0.,-3.4));
#5007 = VECTOR('',#5008,1.);
#5008 = DIRECTION('',(1.,0.));
#5009 = ( GEOMETRIC_REPRESENTATION_CONTEXT(2) 
PARAMETRIC_REPRESENTATION_CONTEXT() REPRESENTATION_CONTEXT('2D SPACE',''
  ) );
#5010 = PCURVE('',#5011,#5016);
#5011 = PLANE('',#5012);
#5012 = AXIS2_PLACEMENT_3D('',#5013,#5014,#5015);
#5013 = CARTESIAN_POINT('',(45.,3.39,8.));
#5014 = DIRECTION('',(-0.,-1.,-0.));
#5015 = DIRECTION('',(0.,0.,-1.));
#5016 = DEFINITIONAL_REPRESENTATION('',(#5017),#5021);
#5017 = LINE('',#5018,#5019);
#5018 = CARTESIAN_POINT('',(1.7763568394E-15,4.272391992003));
#5019 = VECTOR('',#5020,1.);
#5020 = DIRECTION('',(-0.866025403784,-0.5));
#5021 = ( GEOMETRIC_REPRESENTATION_CONTEXT(2) 
PARAMETRIC_REPRESENTATION_CONTEXT() REPRESENTATION_CONTEXT('2D SPACE',''
  ) );
#5022 = ORIENTED_EDGE('',*,*,#5023,.F.);
#5023 = EDGE_CURVE('',#1277,#4996,#5024,.T.);
#5024 = SURFACE_CURVE('',#5025,(#5029,#5036),.PCURVE_S1.);
#5025 = LINE('',#5026,#5027);
#5026 = CARTESIAN_POINT('',(47.136195996002,-1.E-02,11.7));
#5027 = VECTOR('',#5028,1.);
#5028 = DIRECTION('',(-0.,1.,-0.));
#5029 = PCURVE('',#1293,#5030);
#5030 = DEFINITIONAL_REPRESENTATION('',(#5031),#5035);
#5031 = LINE('',#5032,#5033);
#5032 = CARTESIAN_POINT('',(4.272391992003,0.));
#5033 = VECTOR('',#5034,1.);
#5034 = DIRECTION('',(0.,-1.));
#5035 = ( GEOMETRIC_REPRESENTATION_CONTEXT(2) 
PARAMETRIC_REPRESENTATION_CONTEXT() REPRESENTATION_CONTEXT('2D SPACE',''
  ) );
#5036 = PCURVE('',#1319,#5037);
#5037 = DEFINITIONAL_REPRESENTATION('',(#5038),#5042);
#5038 = LINE('',#5039,#5040);
#5039 = CARTESIAN_POINT('',(0.,0.));
#5040 = VECTOR('',#5041,1.);
#5041 = DIRECTION('',(0.,-1.));
#5042 = ( GEOMETRIC_REPRESENTATION_CONTEXT(2) 
PARAMETRIC_REPRESENTATION_CONTEXT() REPRESENTATION_CONTEXT('2D SPACE',''
  ) );
#5043 = ADVANCED_FACE('',(#5044),#1319,.F.);
#5044 = FACE_BOUND('',#5045,.F.);
#5045 = EDGE_LOOP('',(#5046,#5047,#5048,#5071));
#5046 = ORIENTED_EDGE('',*,*,#1304,.T.);
#5047 = ORIENTED_EDGE('',*,*,#5023,.T.);
#5048 = ORIENTED_EDGE('',*,*,#5049,.T.);
#5049 = EDGE_CURVE('',#4996,#5050,#5052,.T.);
#5050 = VERTEX_POINT('',#5051);
#5051 = CARTESIAN_POINT('',(42.863804003998,3.39,11.7));
#5052 = SURFACE_CURVE('',#5053,(#5057,#5064),.PCURVE_S1.);
#5053 = LINE('',#5054,#5055);
#5054 = CARTESIAN_POINT('',(47.136195996002,3.39,11.7));
#5055 = VECTOR('',#5056,1.);
#5056 = DIRECTION('',(-1.,0.,1.039439289937E-16));
#5057 = PCURVE('',#1319,#5058);
#5058 = DEFINITIONAL_REPRESENTATION('',(#5059),#5063);
#5059 = LINE('',#5060,#5061);
#5060 = CARTESIAN_POINT('',(0.,-3.4));
#5061 = VECTOR('',#5062,1.);
#5062 = DIRECTION('',(1.,0.));
#5063 = ( GEOMETRIC_REPRESENTATION_CONTEXT(2) 
PARAMETRIC_REPRESENTATION_CONTEXT() REPRESENTATION_CONTEXT('2D SPACE',''
  ) );
#5064 = PCURVE('',#5011,#5065);
#5065 = DEFINITIONAL_REPRESENTATION('',(#5066),#5070);
#5066 = LINE('',#5067,#5068);
#5067 = CARTESIAN_POINT('',(-3.7,2.136195996002));
#5068 = VECTOR('',#5069,1.);
#5069 = DIRECTION('',(-1.039439289937E-16,-1.));
#5070 = ( GEOMETRIC_REPRESENTATION_CONTEXT(2) 
PARAMETRIC_REPRESENTATION_CONTEXT() REPRESENTATION_CONTEXT('2D SPACE',''
  ) );
#5071 = ORIENTED_EDGE('',*,*,#5072,.F.);
#5072 = EDGE_CURVE('',#1305,#5050,#5073,.T.);
#5073 = SURFACE_CURVE('',#5074,(#5078,#5085),.PCURVE_S1.);
#5074 = LINE('',#5075,#5076);
#5075 = CARTESIAN_POINT('',(42.863804003998,-1.E-02,11.7));
#5076 = VECTOR('',#5077,1.);
#5077 = DIRECTION('',(-0.,1.,-0.));
#5078 = PCURVE('',#1319,#5079);
#5079 = DEFINITIONAL_REPRESENTATION('',(#5080),#5084);
#5080 = LINE('',#5081,#5082);
#5081 = CARTESIAN_POINT('',(4.272391992003,0.));
#5082 = VECTOR('',#5083,1.);
#5083 = DIRECTION('',(0.,-1.));
#5084 = ( GEOMETRIC_REPRESENTATION_CONTEXT(2) 
PARAMETRIC_REPRESENTATION_CONTEXT() REPRESENTATION_CONTEXT('2D SPACE',''
  ) );
#5085 = PCURVE('',#1345,#5086);
#5086 = DEFINITIONAL_REPRESENTATION('',(#5087),#5091);
#5087 = LINE('',#5088,#5089);
#5088 = CARTESIAN_POINT('',(0.,0.));
#5089 = VECTOR('',#5090,1.);
#5090 = DIRECTION('',(0.,-1.));
#5091 = ( GEOMETRIC_REPRESENTATION_CONTEXT(2) 
PARAMETRIC_REPRESENTATION_CONTEXT() REPRESENTATION_CONTEXT('2D SPACE',''
  ) );
#5092 = ADVANCED_FACE('',(#5093),#1421,.F.);
#5093 = FACE_BOUND('',#5094,.F.);
#5094 = EDGE_LOOP('',(#5095,#5096,#5119,#5140));
#5095 = ORIENTED_EDGE('',*,*,#1408,.T.);
#5096 = ORIENTED_EDGE('',*,*,#5097,.T.);
#5097 = EDGE_CURVE('',#1383,#5098,#5100,.T.);
#5098 = VERTEX_POINT('',#5099);
#5099 = CARTESIAN_POINT('',(47.136195996002,3.39,4.3));
#5100 = SURFACE_CURVE('',#5101,(#5105,#5112),.PCURVE_S1.);
#5101 = LINE('',#5102,#5103);
#5102 = CARTESIAN_POINT('',(47.136195996002,-1.E-02,4.3));
#5103 = VECTOR('',#5104,1.);
#5104 = DIRECTION('',(-0.,1.,-0.));
#5105 = PCURVE('',#1421,#5106);
#5106 = DEFINITIONAL_REPRESENTATION('',(#5107),#5111);
#5107 = LINE('',#5108,#5109);
#5108 = CARTESIAN_POINT('',(0.,0.));
#5109 = VECTOR('',#5110,1.);
#5110 = DIRECTION('',(0.,-1.));
#5111 = ( GEOMETRIC_REPRESENTATION_CONTEXT(2) 
PARAMETRIC_REPRESENTATION_CONTEXT() REPRESENTATION_CONTEXT('2D SPACE',''
  ) );
#5112 = PCURVE('',#1397,#5113);
#5113 = DEFINITIONAL_REPRESENTATION('',(#5114),#5118);
#5114 = LINE('',#5115,#5116);
#5115 = CARTESIAN_POINT('',(4.272391992003,0.));
#5116 = VECTOR('',#5117,1.);
#5117 = DIRECTION('',(0.,-1.));
#5118 = ( GEOMETRIC_REPRESENTATION_CONTEXT(2) 
PARAMETRIC_REPRESENTATION_CONTEXT() REPRESENTATION_CONTEXT('2D SPACE',''
  ) );
#5119 = ORIENTED_EDGE('',*,*,#5120,.T.);
#5120 = EDGE_CURVE('',#5098,#4973,#5121,.T.);
#5121 = SURFACE_CURVE('',#5122,(#5126,#5133),.PCURVE_S1.);
#5122 = LINE('',#5123,#5124);
#5123 = CARTESIAN_POINT('',(47.136195996002,3.39,4.3));
#5124 = VECTOR('',#5125,1.);
#5125 = DIRECTION('',(0.5,0.,0.866025403784));
#5126 = PCURVE('',#1421,#5127);
#5127 = DEFINITIONAL_REPRESENTATION('',(#5128),#5132);
#5128 = LINE('',#5129,#5130);
#5129 = CARTESIAN_POINT('',(0.,-3.4));
#5130 = VECTOR('',#5131,1.);
#5131 = DIRECTION('',(1.,0.));
#5132 = ( GEOMETRIC_REPRESENTATION_CONTEXT(2) 
PARAMETRIC_REPRESENTATION_CONTEXT() REPRESENTATION_CONTEXT('2D SPACE',''
  ) );
#5133 = PCURVE('',#5011,#5134);
#5134 = DEFINITIONAL_REPRESENTATION('',(#5135),#5139);
#5135 = LINE('',#5136,#5137);
#5136 = CARTESIAN_POINT('',(3.7,2.136195996002));
#5137 = VECTOR('',#5138,1.);
#5138 = DIRECTION('',(-0.866025403784,0.5));
#5139 = ( GEOMETRIC_REPRESENTATION_CONTEXT(2) 
PARAMETRIC_REPRESENTATION_CONTEXT() REPRESENTATION_CONTEXT('2D SPACE',''
  ) );
#5140 = ORIENTED_EDGE('',*,*,#4972,.F.);
#5141 = ADVANCED_FACE('',(#5142),#1345,.F.);
#5142 = FACE_BOUND('',#5143,.F.);
#5143 = EDGE_LOOP('',(#5144,#5145,#5146,#5169));
#5144 = ORIENTED_EDGE('',*,*,#1330,.T.);
#5145 = ORIENTED_EDGE('',*,*,#5072,.T.);
#5146 = ORIENTED_EDGE('',*,*,#5147,.T.);
#5147 = EDGE_CURVE('',#5050,#5148,#5150,.T.);
#5148 = VERTEX_POINT('',#5149);
#5149 = CARTESIAN_POINT('',(40.727608007997,3.39,8.));
#5150 = SURFACE_CURVE('',#5151,(#5155,#5162),.PCURVE_S1.);
#5151 = LINE('',#5152,#5153);
#5152 = CARTESIAN_POINT('',(42.863804003998,3.39,11.7));
#5153 = VECTOR('',#5154,1.);
#5154 = DIRECTION('',(-0.5,-0.,-0.866025403784));
#5155 = PCURVE('',#1345,#5156);
#5156 = DEFINITIONAL_REPRESENTATION('',(#5157),#5161);
#5157 = LINE('',#5158,#5159);
#5158 = CARTESIAN_POINT('',(0.,-3.4));
#5159 = VECTOR('',#5160,1.);
#5160 = DIRECTION('',(1.,0.));
#5161 = ( GEOMETRIC_REPRESENTATION_CONTEXT(2) 
PARAMETRIC_REPRESENTATION_CONTEXT() REPRESENTATION_CONTEXT('2D SPACE',''
  ) );
#5162 = PCURVE('',#5011,#5163);
#5163 = DEFINITIONAL_REPRESENTATION('',(#5164),#5168);
#5164 = LINE('',#5165,#5166);
#5165 = CARTESIAN_POINT('',(-3.7,-2.136195996002));
#5166 = VECTOR('',#5167,1.);
#5167 = DIRECTION('',(0.866025403784,-0.5));
#5168 = ( GEOMETRIC_REPRESENTATION_CONTEXT(2) 
PARAMETRIC_REPRESENTATION_CONTEXT() REPRESENTATION_CONTEXT('2D SPACE',''
  ) );
#5169 = ORIENTED_EDGE('',*,*,#5170,.F.);
#5170 = EDGE_CURVE('',#1331,#5148,#5171,.T.);
#5171 = SURFACE_CURVE('',#5172,(#5176,#5183),.PCURVE_S1.);
#5172 = LINE('',#5173,#5174);
#5173 = CARTESIAN_POINT('',(40.727608007997,-1.E-02,8.));
#5174 = VECTOR('',#5175,1.);
#5175 = DIRECTION('',(-0.,1.,-0.));
#5176 = PCURVE('',#1345,#5177);
#5177 = DEFINITIONAL_REPRESENTATION('',(#5178),#5182);
#5178 = LINE('',#5179,#5180);
#5179 = CARTESIAN_POINT('',(4.272391992003,0.));
#5180 = VECTOR('',#5181,1.);
#5181 = DIRECTION('',(0.,-1.));
#5182 = ( GEOMETRIC_REPRESENTATION_CONTEXT(2) 
PARAMETRIC_REPRESENTATION_CONTEXT() REPRESENTATION_CONTEXT('2D SPACE',''
  ) );
#5183 = PCURVE('',#1371,#5184);
#5184 = DEFINITIONAL_REPRESENTATION('',(#5185),#5189);
#5185 = LINE('',#5186,#5187);
#5186 = CARTESIAN_POINT('',(0.,0.));
#5187 = VECTOR('',#5188,1.);
#5188 = DIRECTION('',(0.,-1.));
#5189 = ( GEOMETRIC_REPRESENTATION_CONTEXT(2) 
PARAMETRIC_REPRESENTATION_CONTEXT() REPRESENTATION_CONTEXT('2D SPACE',''
  ) );
#5190 = ADVANCED_FACE('',(#5191),#1397,.F.);
#5191 = FACE_BOUND('',#5192,.F.);
#5192 = EDGE_LOOP('',(#5193,#5194,#5217,#5238));
#5193 = ORIENTED_EDGE('',*,*,#1382,.T.);
#5194 = ORIENTED_EDGE('',*,*,#5195,.T.);
#5195 = EDGE_CURVE('',#1357,#5196,#5198,.T.);
#5196 = VERTEX_POINT('',#5197);
#5197 = CARTESIAN_POINT('',(42.863804003998,3.39,4.3));
#5198 = SURFACE_CURVE('',#5199,(#5203,#5210),.PCURVE_S1.);
#5199 = LINE('',#5200,#5201);
#5200 = CARTESIAN_POINT('',(42.863804003998,-1.E-02,4.3));
#5201 = VECTOR('',#5202,1.);
#5202 = DIRECTION('',(-0.,1.,-0.));
#5203 = PCURVE('',#1397,#5204);
#5204 = DEFINITIONAL_REPRESENTATION('',(#5205),#5209);
#5205 = LINE('',#5206,#5207);
#5206 = CARTESIAN_POINT('',(0.,0.));
#5207 = VECTOR('',#5208,1.);
#5208 = DIRECTION('',(0.,-1.));
#5209 = ( GEOMETRIC_REPRESENTATION_CONTEXT(2) 
PARAMETRIC_REPRESENTATION_CONTEXT() REPRESENTATION_CONTEXT('2D SPACE',''
  ) );
#5210 = PCURVE('',#1371,#5211);
#5211 = DEFINITIONAL_REPRESENTATION('',(#5212),#5216);
#5212 = LINE('',#5213,#5214);
#5213 = CARTESIAN_POINT('',(4.272391992003,0.));
#5214 = VECTOR('',#5215,1.);
#5215 = DIRECTION('',(0.,-1.));
#5216 = ( GEOMETRIC_REPRESENTATION_CONTEXT(2) 
PARAMETRIC_REPRESENTATION_CONTEXT() REPRESENTATION_CONTEXT('2D SPACE',''
  ) );
#5217 = ORIENTED_EDGE('',*,*,#5218,.T.);
#5218 = EDGE_CURVE('',#5196,#5098,#5219,.T.);
#5219 = SURFACE_CURVE('',#5220,(#5224,#5231),.PCURVE_S1.);
#5220 = LINE('',#5221,#5222);
#5221 = CARTESIAN_POINT('',(42.863804003998,3.39,4.3));
#5222 = VECTOR('',#5223,1.);
#5223 = DIRECTION('',(1.,0.,-7.276075029559E-16));
#5224 = PCURVE('',#1397,#5225);
#5225 = DEFINITIONAL_REPRESENTATION('',(#5226),#5230);
#5226 = LINE('',#5227,#5228);
#5227 = CARTESIAN_POINT('',(0.,-3.4));
#5228 = VECTOR('',#5229,1.);
#5229 = DIRECTION('',(1.,0.));
#5230 = ( GEOMETRIC_REPRESENTATION_CONTEXT(2) 
PARAMETRIC_REPRESENTATION_CONTEXT() REPRESENTATION_CONTEXT('2D SPACE',''
  ) );
#5231 = PCURVE('',#5011,#5232);
#5232 = DEFINITIONAL_REPRESENTATION('',(#5233),#5237);
#5233 = LINE('',#5234,#5235);
#5234 = CARTESIAN_POINT('',(3.7,-2.136195996002));
#5235 = VECTOR('',#5236,1.);
#5236 = DIRECTION('',(7.276075029559E-16,1.));
#5237 = ( GEOMETRIC_REPRESENTATION_CONTEXT(2) 
PARAMETRIC_REPRESENTATION_CONTEXT() REPRESENTATION_CONTEXT('2D SPACE',''
  ) );
#5238 = ORIENTED_EDGE('',*,*,#5097,.F.);
#5239 = ADVANCED_FACE('',(#5240),#1371,.F.);
#5240 = FACE_BOUND('',#5241,.F.);
#5241 = EDGE_LOOP('',(#5242,#5243,#5244,#5265));
#5242 = ORIENTED_EDGE('',*,*,#1356,.T.);
#5243 = ORIENTED_EDGE('',*,*,#5170,.T.);
#5244 = ORIENTED_EDGE('',*,*,#5245,.T.);
#5245 = EDGE_CURVE('',#5148,#5196,#5246,.T.);
#5246 = SURFACE_CURVE('',#5247,(#5251,#5258),.PCURVE_S1.);
#5247 = LINE('',#5248,#5249);
#5248 = CARTESIAN_POINT('',(40.727608007997,3.39,8.));
#5249 = VECTOR('',#5250,1.);
#5250 = DIRECTION('',(0.5,0.,-0.866025403784));
#5251 = PCURVE('',#1371,#5252);
#5252 = DEFINITIONAL_REPRESENTATION('',(#5253),#5257);
#5253 = LINE('',#5254,#5255);
#5254 = CARTESIAN_POINT('',(0.,-3.4));
#5255 = VECTOR('',#5256,1.);
#5256 = DIRECTION('',(1.,0.));
#5257 = ( GEOMETRIC_REPRESENTATION_CONTEXT(2) 
PARAMETRIC_REPRESENTATION_CONTEXT() REPRESENTATION_CONTEXT('2D SPACE',''
  ) );
#5258 = PCURVE('',#5011,#5259);
#5259 = DEFINITIONAL_REPRESENTATION('',(#5260),#5264);
#5260 = LINE('',#5261,#5262);
#5261 = CARTESIAN_POINT('',(1.7763568394E-15,-4.272391992003));
#5262 = VECTOR('',#5263,1.);
#5263 = DIRECTION('',(0.866025403784,0.5));
#5264 = ( GEOMETRIC_REPRESENTATION_CONTEXT(2) 
PARAMETRIC_REPRESENTATION_CONTEXT() REPRESENTATION_CONTEXT('2D SPACE',''
  ) );
#5265 = ORIENTED_EDGE('',*,*,#5195,.F.);
#5266 = ADVANCED_FACE('',(#5267),#1455,.F.);
#5267 = FACE_BOUND('',#5268,.F.);
#5268 = EDGE_LOOP('',(#5269,#5270,#5293,#5315));
#5269 = ORIENTED_EDGE('',*,*,#1434,.F.);
#5270 = ORIENTED_EDGE('',*,*,#5271,.T.);
#5271 = EDGE_CURVE('',#1435,#5272,#5274,.T.);
#5272 = VERTEX_POINT('',#5273);
#5273 = CARTESIAN_POINT('',(2.25,5.,74.));
#5274 = SEAM_CURVE('',#5275,(#5279,#5286),.PCURVE_S1.);
#5275 = LINE('',#5276,#5277);
#5276 = CARTESIAN_POINT('',(2.25,-1.,74.));
#5277 = VECTOR('',#5278,1.);
#5278 = DIRECTION('',(-0.,1.,-0.));
#5279 = PCURVE('',#1455,#5280);
#5280 = DEFINITIONAL_REPRESENTATION('',(#5281),#5285);
#5281 = LINE('',#5282,#5283);
#5282 = CARTESIAN_POINT('',(6.28318530718,0.));
#5283 = VECTOR('',#5284,1.);
#5284 = DIRECTION('',(0.,-1.));
#5285 = ( GEOMETRIC_REPRESENTATION_CONTEXT(2) 
PARAMETRIC_REPRESENTATION_CONTEXT() REPRESENTATION_CONTEXT('2D SPACE',''
  ) );
#5286 = PCURVE('',#1455,#5287);
#5287 = DEFINITIONAL_REPRESENTATION('',(#5288),#5292);
#5288 = LINE('',#5289,#5290);
#5289 = CARTESIAN_POINT('',(0.,0.));
#5290 = VECTOR('',#5291,1.);
#5291 = DIRECTION('',(0.,-1.));
#5292 = ( GEOMETRIC_REPRESENTATION_CONTEXT(2) 
PARAMETRIC_REPRESENTATION_CONTEXT() REPRESENTATION_CONTEXT('2D SPACE',''
  ) );
#5293 = ORIENTED_EDGE('',*,*,#5294,.T.);
#5294 = EDGE_CURVE('',#5272,#5272,#5295,.T.);
#5295 = SURFACE_CURVE('',#5296,(#5301,#5308),.PCURVE_S1.);
#5296 = CIRCLE('',#5297,2.25);
#5297 = AXIS2_PLACEMENT_3D('',#5298,#5299,#5300);
#5298 = CARTESIAN_POINT('',(0.,5.,74.));
#5299 = DIRECTION('',(0.,-1.,0.));
#5300 = DIRECTION('',(1.,0.,0.));
#5301 = PCURVE('',#1455,#5302);
#5302 = DEFINITIONAL_REPRESENTATION('',(#5303),#5307);
#5303 = LINE('',#5304,#5305);
#5304 = CARTESIAN_POINT('',(0.,-6.));
#5305 = VECTOR('',#5306,1.);
#5306 = DIRECTION('',(1.,0.));
#5307 = ( GEOMETRIC_REPRESENTATION_CONTEXT(2) 
PARAMETRIC_REPRESENTATION_CONTEXT() REPRESENTATION_CONTEXT('2D SPACE',''
  ) );
#5308 = PCURVE('',#1689,#5309);
#5309 = DEFINITIONAL_REPRESENTATION('',(#5310),#5314);
#5310 = CIRCLE('',#5311,2.25);
#5311 = AXIS2_PLACEMENT_2D('',#5312,#5313);
#5312 = CARTESIAN_POINT('',(0.,2.734880265079E-16));
#5313 = DIRECTION('',(0.,1.));
#5314 = ( GEOMETRIC_REPRESENTATION_CONTEXT(2) 
PARAMETRIC_REPRESENTATION_CONTEXT() REPRESENTATION_CONTEXT('2D SPACE',''
  ) );
#5315 = ORIENTED_EDGE('',*,*,#5271,.F.);
#5316 = ADVANCED_FACE('',(#5317),#1486,.F.);
#5317 = FACE_BOUND('',#5318,.F.);
#5318 = EDGE_LOOP('',(#5319,#5320,#5343,#5371));
#5319 = ORIENTED_EDGE('',*,*,#1469,.T.);
#5320 = ORIENTED_EDGE('',*,*,#5321,.T.);
#5321 = EDGE_CURVE('',#1472,#5322,#5324,.T.);
#5322 = VERTEX_POINT('',#5323);
#5323 = CARTESIAN_POINT('',(49.272391992003,3.39,58.));
#5324 = SURFACE_CURVE('',#5325,(#5329,#5336),.PCURVE_S1.);
#5325 = LINE('',#5326,#5327);
#5326 = CARTESIAN_POINT('',(49.272391992003,-1.E-02,58.));
#5327 = VECTOR('',#5328,1.);
#5328 = DIRECTION('',(-0.,1.,-0.));
#5329 = PCURVE('',#1486,#5330);
#5330 = DEFINITIONAL_REPRESENTATION('',(#5331),#5335);
#5331 = LINE('',#5332,#5333);
#5332 = CARTESIAN_POINT('',(0.,0.));
#5333 = VECTOR('',#5334,1.);
#5334 = DIRECTION('',(0.,-1.));
#5335 = ( GEOMETRIC_REPRESENTATION_CONTEXT(2) 
PARAMETRIC_REPRESENTATION_CONTEXT() REPRESENTATION_CONTEXT('2D SPACE',''
  ) );
#5336 = PCURVE('',#1614,#5337);
#5337 = DEFINITIONAL_REPRESENTATION('',(#5338),#5342);
#5338 = LINE('',#5339,#5340);
#5339 = CARTESIAN_POINT('',(4.272391992003,0.));
#5340 = VECTOR('',#5341,1.);
#5341 = DIRECTION('',(0.,-1.));
#5342 = ( GEOMETRIC_REPRESENTATION_CONTEXT(2) 
PARAMETRIC_REPRESENTATION_CONTEXT() REPRESENTATION_CONTEXT('2D SPACE',''
  ) );
#5343 = ORIENTED_EDGE('',*,*,#5344,.T.);
#5344 = EDGE_CURVE('',#5322,#5345,#5347,.T.);
#5345 = VERTEX_POINT('',#5346);
#5346 = CARTESIAN_POINT('',(47.136195996002,3.39,61.7));
#5347 = SURFACE_CURVE('',#5348,(#5352,#5359),.PCURVE_S1.);
#5348 = LINE('',#5349,#5350);
#5349 = CARTESIAN_POINT('',(49.272391992003,3.39,58.));
#5350 = VECTOR('',#5351,1.);
#5351 = DIRECTION('',(-0.5,0.,0.866025403784));
#5352 = PCURVE('',#1486,#5353);
#5353 = DEFINITIONAL_REPRESENTATION('',(#5354),#5358);
#5354 = LINE('',#5355,#5356);
#5355 = CARTESIAN_POINT('',(0.,-3.4));
#5356 = VECTOR('',#5357,1.);
#5357 = DIRECTION('',(1.,0.));
#5358 = ( GEOMETRIC_REPRESENTATION_CONTEXT(2) 
PARAMETRIC_REPRESENTATION_CONTEXT() REPRESENTATION_CONTEXT('2D SPACE',''
  ) );
#5359 = PCURVE('',#5360,#5365);
#5360 = PLANE('',#5361);
#5361 = AXIS2_PLACEMENT_3D('',#5362,#5363,#5364);
#5362 = CARTESIAN_POINT('',(45.,3.39,58.));
#5363 = DIRECTION('',(-0.,-1.,-0.));
#5364 = DIRECTION('',(0.,0.,-1.));
#5365 = DEFINITIONAL_REPRESENTATION('',(#5366),#5370);
#5366 = LINE('',#5367,#5368);
#5367 = CARTESIAN_POINT('',(-7.105427357601E-15,4.272391992003));
#5368 = VECTOR('',#5369,1.);
#5369 = DIRECTION('',(-0.866025403784,-0.5));
#5370 = ( GEOMETRIC_REPRESENTATION_CONTEXT(2) 
PARAMETRIC_REPRESENTATION_CONTEXT() REPRESENTATION_CONTEXT('2D SPACE',''
  ) );
#5371 = ORIENTED_EDGE('',*,*,#5372,.F.);
#5372 = EDGE_CURVE('',#1470,#5345,#5373,.T.);
#5373 = SURFACE_CURVE('',#5374,(#5378,#5385),.PCURVE_S1.);
#5374 = LINE('',#5375,#5376);
#5375 = CARTESIAN_POINT('',(47.136195996002,-1.E-02,61.7));
#5376 = VECTOR('',#5377,1.);
#5377 = DIRECTION('',(-0.,1.,-0.));
#5378 = PCURVE('',#1486,#5379);
#5379 = DEFINITIONAL_REPRESENTATION('',(#5380),#5384);
#5380 = LINE('',#5381,#5382);
#5381 = CARTESIAN_POINT('',(4.272391992003,0.));
#5382 = VECTOR('',#5383,1.);
#5383 = DIRECTION('',(0.,-1.));
#5384 = ( GEOMETRIC_REPRESENTATION_CONTEXT(2) 
PARAMETRIC_REPRESENTATION_CONTEXT() REPRESENTATION_CONTEXT('2D SPACE',''
  ) );
#5385 = PCURVE('',#1512,#5386);
#5386 = DEFINITIONAL_REPRESENTATION('',(#5387),#5391);
#5387 = LINE('',#5388,#5389);
#5388 = CARTESIAN_POINT('',(0.,0.));
#5389 = VECTOR('',#5390,1.);
#5390 = DIRECTION('',(0.,-1.));
#5391 = ( GEOMETRIC_REPRESENTATION_CONTEXT(2) 
PARAMETRIC_REPRESENTATION_CONTEXT() REPRESENTATION_CONTEXT('2D SPACE',''
  ) );
#5392 = ADVANCED_FACE('',(#5393),#1512,.F.);
#5393 = FACE_BOUND('',#5394,.F.);
#5394 = EDGE_LOOP('',(#5395,#5396,#5397,#5420));
#5395 = ORIENTED_EDGE('',*,*,#1497,.T.);
#5396 = ORIENTED_EDGE('',*,*,#5372,.T.);
#5397 = ORIENTED_EDGE('',*,*,#5398,.T.);
#5398 = EDGE_CURVE('',#5345,#5399,#5401,.T.);
#5399 = VERTEX_POINT('',#5400);
#5400 = CARTESIAN_POINT('',(42.863804003998,3.39,61.7));
#5401 = SURFACE_CURVE('',#5402,(#5406,#5413),.PCURVE_S1.);
#5402 = LINE('',#5403,#5404);
#5403 = CARTESIAN_POINT('',(47.136195996002,3.39,61.7));
#5404 = VECTOR('',#5405,1.);
#5405 = DIRECTION('',(-1.,0.,1.039439289937E-16));
#5406 = PCURVE('',#1512,#5407);
#5407 = DEFINITIONAL_REPRESENTATION('',(#5408),#5412);
#5408 = LINE('',#5409,#5410);
#5409 = CARTESIAN_POINT('',(0.,-3.4));
#5410 = VECTOR('',#5411,1.);
#5411 = DIRECTION('',(1.,0.));
#5412 = ( GEOMETRIC_REPRESENTATION_CONTEXT(2) 
PARAMETRIC_REPRESENTATION_CONTEXT() REPRESENTATION_CONTEXT('2D SPACE',''
  ) );
#5413 = PCURVE('',#5360,#5414);
#5414 = DEFINITIONAL_REPRESENTATION('',(#5415),#5419);
#5415 = LINE('',#5416,#5417);
#5416 = CARTESIAN_POINT('',(-3.7,2.136195996002));
#5417 = VECTOR('',#5418,1.);
#5418 = DIRECTION('',(-1.039439289937E-16,-1.));
#5419 = ( GEOMETRIC_REPRESENTATION_CONTEXT(2) 
PARAMETRIC_REPRESENTATION_CONTEXT() REPRESENTATION_CONTEXT('2D SPACE',''
  ) );
#5420 = ORIENTED_EDGE('',*,*,#5421,.F.);
#5421 = EDGE_CURVE('',#1498,#5399,#5422,.T.);
#5422 = SURFACE_CURVE('',#5423,(#5427,#5434),.PCURVE_S1.);
#5423 = LINE('',#5424,#5425);
#5424 = CARTESIAN_POINT('',(42.863804003998,-1.E-02,61.7));
#5425 = VECTOR('',#5426,1.);
#5426 = DIRECTION('',(-0.,1.,-0.));
#5427 = PCURVE('',#1512,#5428);
#5428 = DEFINITIONAL_REPRESENTATION('',(#5429),#5433);
#5429 = LINE('',#5430,#5431);
#5430 = CARTESIAN_POINT('',(4.272391992003,0.));
#5431 = VECTOR('',#5432,1.);
#5432 = DIRECTION('',(0.,-1.));
#5433 = ( GEOMETRIC_REPRESENTATION_CONTEXT(2) 
PARAMETRIC_REPRESENTATION_CONTEXT() REPRESENTATION_CONTEXT('2D SPACE',''
  ) );
#5434 = PCURVE('',#1538,#5435);
#5435 = DEFINITIONAL_REPRESENTATION('',(#5436),#5440);
#5436 = LINE('',#5437,#5438);
#5437 = CARTESIAN_POINT('',(0.,0.));
#5438 = VECTOR('',#5439,1.);
#5439 = DIRECTION('',(0.,-1.));
#5440 = ( GEOMETRIC_REPRESENTATION_CONTEXT(2) 
PARAMETRIC_REPRESENTATION_CONTEXT() REPRESENTATION_CONTEXT('2D SPACE',''
  ) );
#5441 = ADVANCED_FACE('',(#5442),#1614,.F.);
#5442 = FACE_BOUND('',#5443,.F.);
#5443 = EDGE_LOOP('',(#5444,#5445,#5468,#5489));
#5444 = ORIENTED_EDGE('',*,*,#1601,.T.);
#5445 = ORIENTED_EDGE('',*,*,#5446,.T.);
#5446 = EDGE_CURVE('',#1576,#5447,#5449,.T.);
#5447 = VERTEX_POINT('',#5448);
#5448 = CARTESIAN_POINT('',(47.136195996002,3.39,54.3));
#5449 = SURFACE_CURVE('',#5450,(#5454,#5461),.PCURVE_S1.);
#5450 = LINE('',#5451,#5452);
#5451 = CARTESIAN_POINT('',(47.136195996002,-1.E-02,54.3));
#5452 = VECTOR('',#5453,1.);
#5453 = DIRECTION('',(-0.,1.,-0.));
#5454 = PCURVE('',#1614,#5455);
#5455 = DEFINITIONAL_REPRESENTATION('',(#5456),#5460);
#5456 = LINE('',#5457,#5458);
#5457 = CARTESIAN_POINT('',(0.,0.));
#5458 = VECTOR('',#5459,1.);
#5459 = DIRECTION('',(0.,-1.));
#5460 = ( GEOMETRIC_REPRESENTATION_CONTEXT(2) 
PARAMETRIC_REPRESENTATION_CONTEXT() REPRESENTATION_CONTEXT('2D SPACE',''
  ) );
#5461 = PCURVE('',#1590,#5462);
#5462 = DEFINITIONAL_REPRESENTATION('',(#5463),#5467);
#5463 = LINE('',#5464,#5465);
#5464 = CARTESIAN_POINT('',(4.272391992003,0.));
#5465 = VECTOR('',#5466,1.);
#5466 = DIRECTION('',(0.,-1.));
#5467 = ( GEOMETRIC_REPRESENTATION_CONTEXT(2) 
PARAMETRIC_REPRESENTATION_CONTEXT() REPRESENTATION_CONTEXT('2D SPACE',''
  ) );
#5468 = ORIENTED_EDGE('',*,*,#5469,.T.);
#5469 = EDGE_CURVE('',#5447,#5322,#5470,.T.);
#5470 = SURFACE_CURVE('',#5471,(#5475,#5482),.PCURVE_S1.);
#5471 = LINE('',#5472,#5473);
#5472 = CARTESIAN_POINT('',(47.136195996002,3.39,54.3));
#5473 = VECTOR('',#5474,1.);
#5474 = DIRECTION('',(0.5,0.,0.866025403784));
#5475 = PCURVE('',#1614,#5476);
#5476 = DEFINITIONAL_REPRESENTATION('',(#5477),#5481);
#5477 = LINE('',#5478,#5479);
#5478 = CARTESIAN_POINT('',(0.,-3.4));
#5479 = VECTOR('',#5480,1.);
#5480 = DIRECTION('',(1.,0.));
#5481 = ( GEOMETRIC_REPRESENTATION_CONTEXT(2) 
PARAMETRIC_REPRESENTATION_CONTEXT() REPRESENTATION_CONTEXT('2D SPACE',''
  ) );
#5482 = PCURVE('',#5360,#5483);
#5483 = DEFINITIONAL_REPRESENTATION('',(#5484),#5488);
#5484 = LINE('',#5485,#5486);
#5485 = CARTESIAN_POINT('',(3.7,2.136195996002));
#5486 = VECTOR('',#5487,1.);
#5487 = DIRECTION('',(-0.866025403784,0.5));
#5488 = ( GEOMETRIC_REPRESENTATION_CONTEXT(2) 
PARAMETRIC_REPRESENTATION_CONTEXT() REPRESENTATION_CONTEXT('2D SPACE',''
  ) );
#5489 = ORIENTED_EDGE('',*,*,#5321,.F.);
#5490 = ADVANCED_FACE('',(#5491),#1538,.F.);
#5491 = FACE_BOUND('',#5492,.F.);
#5492 = EDGE_LOOP('',(#5493,#5494,#5495,#5518));
#5493 = ORIENTED_EDGE('',*,*,#1523,.T.);
#5494 = ORIENTED_EDGE('',*,*,#5421,.T.);
#5495 = ORIENTED_EDGE('',*,*,#5496,.T.);
#5496 = EDGE_CURVE('',#5399,#5497,#5499,.T.);
#5497 = VERTEX_POINT('',#5498);
#5498 = CARTESIAN_POINT('',(40.727608007997,3.39,58.));
#5499 = SURFACE_CURVE('',#5500,(#5504,#5511),.PCURVE_S1.);
#5500 = LINE('',#5501,#5502);
#5501 = CARTESIAN_POINT('',(42.863804003998,3.39,61.7));
#5502 = VECTOR('',#5503,1.);
#5503 = DIRECTION('',(-0.5,-0.,-0.866025403784));
#5504 = PCURVE('',#1538,#5505);
#5505 = DEFINITIONAL_REPRESENTATION('',(#5506),#5510);
#5506 = LINE('',#5507,#5508);
#5507 = CARTESIAN_POINT('',(0.,-3.4));
#5508 = VECTOR('',#5509,1.);
#5509 = DIRECTION('',(1.,0.));
#5510 = ( GEOMETRIC_REPRESENTATION_CONTEXT(2) 
PARAMETRIC_REPRESENTATION_CONTEXT() REPRESENTATION_CONTEXT('2D SPACE',''
  ) );
#5511 = PCURVE('',#5360,#5512);
#5512 = DEFINITIONAL_REPRESENTATION('',(#5513),#5517);
#5513 = LINE('',#5514,#5515);
#5514 = CARTESIAN_POINT('',(-3.7,-2.136195996002));
#5515 = VECTOR('',#5516,1.);
#5516 = DIRECTION('',(0.866025403784,-0.5));
#5517 = ( GEOMETRIC_REPRESENTATION_CONTEXT(2) 
PARAMETRIC_REPRESENTATION_CONTEXT() REPRESENTATION_CONTEXT('2D SPACE',''
  ) );
#5518 = ORIENTED_EDGE('',*,*,#5519,.F.);
#5519 = EDGE_CURVE('',#1524,#5497,#5520,.T.);
#5520 = SURFACE_CURVE('',#5521,(#5525,#5532),.PCURVE_S1.);
#5521 = LINE('',#5522,#5523);
#5522 = CARTESIAN_POINT('',(40.727608007997,-1.E-02,58.));
#5523 = VECTOR('',#5524,1.);
#5524 = DIRECTION('',(-0.,1.,-0.));
#5525 = PCURVE('',#1538,#5526);
#5526 = DEFINITIONAL_REPRESENTATION('',(#5527),#5531);
#5527 = LINE('',#5528,#5529);
#5528 = CARTESIAN_POINT('',(4.272391992003,0.));
#5529 = VECTOR('',#5530,1.);
#5530 = DIRECTION('',(0.,-1.));
#5531 = ( GEOMETRIC_REPRESENTATION_CONTEXT(2) 
PARAMETRIC_REPRESENTATION_CONTEXT() REPRESENTATION_CONTEXT('2D SPACE',''
  ) );
#5532 = PCURVE('',#1564,#5533);
#5533 = DEFINITIONAL_REPRESENTATION('',(#5534),#5538);
#5534 = LINE('',#5535,#5536);
#5535 = CARTESIAN_POINT('',(0.,0.));
#5536 = VECTOR('',#5537,1.);
#5537 = DIRECTION('',(0.,-1.));
#5538 = ( GEOMETRIC_REPRESENTATION_CONTEXT(2) 
PARAMETRIC_REPRESENTATION_CONTEXT() REPRESENTATION_CONTEXT('2D SPACE',''
  ) );
#5539 = ADVANCED_FACE('',(#5540),#1590,.F.);
#5540 = FACE_BOUND('',#5541,.F.);
#5541 = EDGE_LOOP('',(#5542,#5543,#5566,#5587));
#5542 = ORIENTED_EDGE('',*,*,#1575,.T.);
#5543 = ORIENTED_EDGE('',*,*,#5544,.T.);
#5544 = EDGE_CURVE('',#1550,#5545,#5547,.T.);
#5545 = VERTEX_POINT('',#5546);
#5546 = CARTESIAN_POINT('',(42.863804003998,3.39,54.3));
#5547 = SURFACE_CURVE('',#5548,(#5552,#5559),.PCURVE_S1.);
#5548 = LINE('',#5549,#5550);
#5549 = CARTESIAN_POINT('',(42.863804003998,-1.E-02,54.3));
#5550 = VECTOR('',#5551,1.);
#5551 = DIRECTION('',(-0.,1.,-0.));
#5552 = PCURVE('',#1590,#5553);
#5553 = DEFINITIONAL_REPRESENTATION('',(#5554),#5558);
#5554 = LINE('',#5555,#5556);
#5555 = CARTESIAN_POINT('',(0.,0.));
#5556 = VECTOR('',#5557,1.);
#5557 = DIRECTION('',(0.,-1.));
#5558 = ( GEOMETRIC_REPRESENTATION_CONTEXT(2) 
PARAMETRIC_REPRESENTATION_CONTEXT() REPRESENTATION_CONTEXT('2D SPACE',''
  ) );
#5559 = PCURVE('',#1564,#5560);
#5560 = DEFINITIONAL_REPRESENTATION('',(#5561),#5565);
#5561 = LINE('',#5562,#5563);
#5562 = CARTESIAN_POINT('',(4.272391992003,0.));
#5563 = VECTOR('',#5564,1.);
#5564 = DIRECTION('',(0.,-1.));
#5565 = ( GEOMETRIC_REPRESENTATION_CONTEXT(2) 
PARAMETRIC_REPRESENTATION_CONTEXT() REPRESENTATION_CONTEXT('2D SPACE',''
  ) );
#5566 = ORIENTED_EDGE('',*,*,#5567,.T.);
#5567 = EDGE_CURVE('',#5545,#5447,#5568,.T.);
#5568 = SURFACE_CURVE('',#5569,(#5573,#5580),.PCURVE_S1.);
#5569 = LINE('',#5570,#5571);
#5570 = CARTESIAN_POINT('',(42.863804003998,3.39,54.3));
#5571 = VECTOR('',#5572,1.);
#5572 = DIRECTION('',(1.,0.,-7.276075029559E-16));
#5573 = PCURVE('',#1590,#5574);
#5574 = DEFINITIONAL_REPRESENTATION('',(#5575),#5579);
#5575 = LINE('',#5576,#5577);
#5576 = CARTESIAN_POINT('',(0.,-3.4));
#5577 = VECTOR('',#5578,1.);
#5578 = DIRECTION('',(1.,0.));
#5579 = ( GEOMETRIC_REPRESENTATION_CONTEXT(2) 
PARAMETRIC_REPRESENTATION_CONTEXT() REPRESENTATION_CONTEXT('2D SPACE',''
  ) );
#5580 = PCURVE('',#5360,#5581);
#5581 = DEFINITIONAL_REPRESENTATION('',(#5582),#5586);
#5582 = LINE('',#5583,#5584);
#5583 = CARTESIAN_POINT('',(3.7,-2.136195996002));
#5584 = VECTOR('',#5585,1.);
#5585 = DIRECTION('',(7.276075029559E-16,1.));
#5586 = ( GEOMETRIC_REPRESENTATION_CONTEXT(2) 
PARAMETRIC_REPRESENTATION_CONTEXT() REPRESENTATION_CONTEXT('2D SPACE',''
  ) );
#5587 = ORIENTED_EDGE('',*,*,#5446,.F.);
#5588 = ADVANCED_FACE('',(#5589),#1564,.F.);
#5589 = FACE_BOUND('',#5590,.F.);
#5590 = EDGE_LOOP('',(#5591,#5592,#5593,#5614));
#5591 = ORIENTED_EDGE('',*,*,#1549,.T.);
#5592 = ORIENTED_EDGE('',*,*,#5519,.T.);
#5593 = ORIENTED_EDGE('',*,*,#5594,.T.);
#5594 = EDGE_CURVE('',#5497,#5545,#5595,.T.);
#5595 = SURFACE_CURVE('',#5596,(#5600,#5607),.PCURVE_S1.);
#5596 = LINE('',#5597,#5598);
#5597 = CARTESIAN_POINT('',(40.727608007997,3.39,58.));
#5598 = VECTOR('',#5599,1.);
#5599 = DIRECTION('',(0.5,0.,-0.866025403784));
#5600 = PCURVE('',#1564,#5601);
#5601 = DEFINITIONAL_REPRESENTATION('',(#5602),#5606);
#5602 = LINE('',#5603,#5604);
#5603 = CARTESIAN_POINT('',(0.,-3.4));
#5604 = VECTOR('',#5605,1.);
#5605 = DIRECTION('',(1.,0.));
#5606 = ( GEOMETRIC_REPRESENTATION_CONTEXT(2) 
PARAMETRIC_REPRESENTATION_CONTEXT() REPRESENTATION_CONTEXT('2D SPACE',''
  ) );
#5607 = PCURVE('',#5360,#5608);
#5608 = DEFINITIONAL_REPRESENTATION('',(#5609),#5613);
#5609 = LINE('',#5610,#5611);
#5610 = CARTESIAN_POINT('',(-7.105427357601E-15,-4.272391992003));
#5611 = VECTOR('',#5612,1.);
#5612 = DIRECTION('',(0.866025403784,0.5));
#5613 = ( GEOMETRIC_REPRESENTATION_CONTEXT(2) 
PARAMETRIC_REPRESENTATION_CONTEXT() REPRESENTATION_CONTEXT('2D SPACE',''
  ) );
#5614 = ORIENTED_EDGE('',*,*,#5544,.F.);
#5615 = ADVANCED_FACE('',(#5616,#5622),#1689,.F.);
#5616 = FACE_BOUND('',#5617,.F.);
#5617 = EDGE_LOOP('',(#5618,#5619,#5620,#5621));
#5618 = ORIENTED_EDGE('',*,*,#3051,.T.);
#5619 = ORIENTED_EDGE('',*,*,#3100,.T.);
#5620 = ORIENTED_EDGE('',*,*,#3150,.T.);
#5621 = ORIENTED_EDGE('',*,*,#1674,.T.);
#5622 = FACE_BOUND('',#5623,.F.);
#5623 = EDGE_LOOP('',(#5624));
#5624 = ORIENTED_EDGE('',*,*,#5294,.F.);
#5625 = ADVANCED_FACE('',(#5626),#1813,.F.);
#5626 = FACE_BOUND('',#5627,.F.);
#5627 = EDGE_LOOP('',(#5628,#5652,#5673,#5674));
#5628 = ORIENTED_EDGE('',*,*,#5629,.F.);
#5629 = EDGE_CURVE('',#5630,#5630,#5632,.T.);
#5630 = VERTEX_POINT('',#5631);
#5631 = CARTESIAN_POINT('',(-42.75,3.39,8.));
#5632 = SURFACE_CURVE('',#5633,(#5638,#5645),.PCURVE_S1.);
#5633 = CIRCLE('',#5634,2.25);
#5634 = AXIS2_PLACEMENT_3D('',#5635,#5636,#5637);
#5635 = CARTESIAN_POINT('',(-45.,3.39,8.));
#5636 = DIRECTION('',(0.,-1.,0.));
#5637 = DIRECTION('',(1.,0.,0.));
#5638 = PCURVE('',#1813,#5639);
#5639 = DEFINITIONAL_REPRESENTATION('',(#5640),#5644);
#5640 = LINE('',#5641,#5642);
#5641 = CARTESIAN_POINT('',(0.,-4.39));
#5642 = VECTOR('',#5643,1.);
#5643 = DIRECTION('',(1.,0.));
#5644 = ( GEOMETRIC_REPRESENTATION_CONTEXT(2) 
PARAMETRIC_REPRESENTATION_CONTEXT() REPRESENTATION_CONTEXT('2D SPACE',''
  ) );
#5645 = PCURVE('',#3217,#5646);
#5646 = DEFINITIONAL_REPRESENTATION('',(#5647),#5651);
#5647 = CIRCLE('',#5648,2.25);
#5648 = AXIS2_PLACEMENT_2D('',#5649,#5650);
#5649 = CARTESIAN_POINT('',(1.7763568394E-15,7.105427357601E-15));
#5650 = DIRECTION('',(0.,1.));
#5651 = ( GEOMETRIC_REPRESENTATION_CONTEXT(2) 
PARAMETRIC_REPRESENTATION_CONTEXT() REPRESENTATION_CONTEXT('2D SPACE',''
  ) );
#5652 = ORIENTED_EDGE('',*,*,#5653,.T.);
#5653 = EDGE_CURVE('',#5630,#1793,#5654,.T.);
#5654 = SEAM_CURVE('',#5655,(#5659,#5666),.PCURVE_S1.);
#5655 = LINE('',#5656,#5657);
#5656 = CARTESIAN_POINT('',(-42.75,-1.,8.));
#5657 = VECTOR('',#5658,1.);
#5658 = DIRECTION('',(-0.,1.,-0.));
#5659 = PCURVE('',#1813,#5660);
#5660 = DEFINITIONAL_REPRESENTATION('',(#5661),#5665);
#5661 = LINE('',#5662,#5663);
#5662 = CARTESIAN_POINT('',(6.28318530718,0.));
#5663 = VECTOR('',#5664,1.);
#5664 = DIRECTION('',(0.,-1.));
#5665 = ( GEOMETRIC_REPRESENTATION_CONTEXT(2) 
PARAMETRIC_REPRESENTATION_CONTEXT() REPRESENTATION_CONTEXT('2D SPACE',''
  ) );
#5666 = PCURVE('',#1813,#5667);
#5667 = DEFINITIONAL_REPRESENTATION('',(#5668),#5672);
#5668 = LINE('',#5669,#5670);
#5669 = CARTESIAN_POINT('',(0.,0.));
#5670 = VECTOR('',#5671,1.);
#5671 = DIRECTION('',(0.,-1.));
#5672 = ( GEOMETRIC_REPRESENTATION_CONTEXT(2) 
PARAMETRIC_REPRESENTATION_CONTEXT() REPRESENTATION_CONTEXT('2D SPACE',''
  ) );
#5673 = ORIENTED_EDGE('',*,*,#1792,.T.);
#5674 = ORIENTED_EDGE('',*,*,#5653,.F.);
#5675 = ADVANCED_FACE('',(#5676),#1848,.F.);
#5676 = FACE_BOUND('',#5677,.F.);
#5677 = EDGE_LOOP('',(#5678,#5702,#5723,#5724));
#5678 = ORIENTED_EDGE('',*,*,#5679,.F.);
#5679 = EDGE_CURVE('',#5680,#5680,#5682,.T.);
#5680 = VERTEX_POINT('',#5681);
#5681 = CARTESIAN_POINT('',(-42.75,3.39,58.));
#5682 = SURFACE_CURVE('',#5683,(#5688,#5695),.PCURVE_S1.);
#5683 = CIRCLE('',#5684,2.25);
#5684 = AXIS2_PLACEMENT_3D('',#5685,#5686,#5687);
#5685 = CARTESIAN_POINT('',(-45.,3.39,58.));
#5686 = DIRECTION('',(0.,-1.,0.));
#5687 = DIRECTION('',(1.,0.,0.));
#5688 = PCURVE('',#1848,#5689);
#5689 = DEFINITIONAL_REPRESENTATION('',(#5690),#5694);
#5690 = LINE('',#5691,#5692);
#5691 = CARTESIAN_POINT('',(0.,-4.39));
#5692 = VECTOR('',#5693,1.);
#5693 = DIRECTION('',(1.,0.));
#5694 = ( GEOMETRIC_REPRESENTATION_CONTEXT(2) 
PARAMETRIC_REPRESENTATION_CONTEXT() REPRESENTATION_CONTEXT('2D SPACE',''
  ) );
#5695 = PCURVE('',#4114,#5696);
#5696 = DEFINITIONAL_REPRESENTATION('',(#5697),#5701);
#5697 = CIRCLE('',#5698,2.25);
#5698 = AXIS2_PLACEMENT_2D('',#5699,#5700);
#5699 = CARTESIAN_POINT('',(-7.105427357601E-15,7.105427357601E-15));
#5700 = DIRECTION('',(0.,1.));
#5701 = ( GEOMETRIC_REPRESENTATION_CONTEXT(2) 
PARAMETRIC_REPRESENTATION_CONTEXT() REPRESENTATION_CONTEXT('2D SPACE',''
  ) );
#5702 = ORIENTED_EDGE('',*,*,#5703,.T.);
#5703 = EDGE_CURVE('',#5680,#1828,#5704,.T.);
#5704 = SEAM_CURVE('',#5705,(#5709,#5716),.PCURVE_S1.);
#5705 = LINE('',#5706,#5707);
#5706 = CARTESIAN_POINT('',(-42.75,-1.,58.));
#5707 = VECTOR('',#5708,1.);
#5708 = DIRECTION('',(-0.,1.,-0.));
#5709 = PCURVE('',#1848,#5710);
#5710 = DEFINITIONAL_REPRESENTATION('',(#5711),#5715);
#5711 = LINE('',#5712,#5713);
#5712 = CARTESIAN_POINT('',(6.28318530718,0.));
#5713 = VECTOR('',#5714,1.);
#5714 = DIRECTION('',(0.,-1.));
#5715 = ( GEOMETRIC_REPRESENTATION_CONTEXT(2) 
PARAMETRIC_REPRESENTATION_CONTEXT() REPRESENTATION_CONTEXT('2D SPACE',''
  ) );
#5716 = PCURVE('',#1848,#5717);
#5717 = DEFINITIONAL_REPRESENTATION('',(#5718),#5722);
#5718 = LINE('',#5719,#5720);
#5719 = CARTESIAN_POINT('',(0.,0.));
#5720 = VECTOR('',#5721,1.);
#5721 = DIRECTION('',(0.,-1.));
#5722 = ( GEOMETRIC_REPRESENTATION_CONTEXT(2) 
PARAMETRIC_REPRESENTATION_CONTEXT() REPRESENTATION_CONTEXT('2D SPACE',''
  ) );
#5723 = ORIENTED_EDGE('',*,*,#1827,.T.);
#5724 = ORIENTED_EDGE('',*,*,#5703,.F.);
#5725 = ADVANCED_FACE('',(#5726),#1883,.F.);
#5726 = FACE_BOUND('',#5727,.F.);
#5727 = EDGE_LOOP('',(#5728,#5752,#5773,#5774));
#5728 = ORIENTED_EDGE('',*,*,#5729,.F.);
#5729 = EDGE_CURVE('',#5730,#5730,#5732,.T.);
#5730 = VERTEX_POINT('',#5731);
#5731 = CARTESIAN_POINT('',(47.25,3.39,8.));
#5732 = SURFACE_CURVE('',#5733,(#5738,#5745),.PCURVE_S1.);
#5733 = CIRCLE('',#5734,2.25);
#5734 = AXIS2_PLACEMENT_3D('',#5735,#5736,#5737);
#5735 = CARTESIAN_POINT('',(45.,3.39,8.));
#5736 = DIRECTION('',(0.,-1.,0.));
#5737 = DIRECTION('',(1.,0.,0.));
#5738 = PCURVE('',#1883,#5739);
#5739 = DEFINITIONAL_REPRESENTATION('',(#5740),#5744);
#5740 = LINE('',#5741,#5742);
#5741 = CARTESIAN_POINT('',(0.,-4.39));
#5742 = VECTOR('',#5743,1.);
#5743 = DIRECTION('',(1.,0.));
#5744 = ( GEOMETRIC_REPRESENTATION_CONTEXT(2) 
PARAMETRIC_REPRESENTATION_CONTEXT() REPRESENTATION_CONTEXT('2D SPACE',''
  ) );
#5745 = PCURVE('',#5011,#5746);
#5746 = DEFINITIONAL_REPRESENTATION('',(#5747),#5751);
#5747 = CIRCLE('',#5748,2.25);
#5748 = AXIS2_PLACEMENT_2D('',#5749,#5750);
#5749 = CARTESIAN_POINT('',(1.7763568394E-15,0.));
#5750 = DIRECTION('',(0.,1.));
#5751 = ( GEOMETRIC_REPRESENTATION_CONTEXT(2) 
PARAMETRIC_REPRESENTATION_CONTEXT() REPRESENTATION_CONTEXT('2D SPACE',''
  ) );
#5752 = ORIENTED_EDGE('',*,*,#5753,.T.);
#5753 = EDGE_CURVE('',#5730,#1863,#5754,.T.);
#5754 = SEAM_CURVE('',#5755,(#5759,#5766),.PCURVE_S1.);
#5755 = LINE('',#5756,#5757);
#5756 = CARTESIAN_POINT('',(47.25,-1.,8.));
#5757 = VECTOR('',#5758,1.);
#5758 = DIRECTION('',(-0.,1.,-0.));
#5759 = PCURVE('',#1883,#5760);
#5760 = DEFINITIONAL_REPRESENTATION('',(#5761),#5765);
#5761 = LINE('',#5762,#5763);
#5762 = CARTESIAN_POINT('',(6.28318530718,0.));
#5763 = VECTOR('',#5764,1.);
#5764 = DIRECTION('',(0.,-1.));
#5765 = ( GEOMETRIC_REPRESENTATION_CONTEXT(2) 
PARAMETRIC_REPRESENTATION_CONTEXT() REPRESENTATION_CONTEXT('2D SPACE',''
  ) );
#5766 = PCURVE('',#1883,#5767);
#5767 = DEFINITIONAL_REPRESENTATION('',(#5768),#5772);
#5768 = LINE('',#5769,#5770);
#5769 = CARTESIAN_POINT('',(0.,0.));
#5770 = VECTOR('',#5771,1.);
#5771 = DIRECTION('',(0.,-1.));
#5772 = ( GEOMETRIC_REPRESENTATION_CONTEXT(2) 
PARAMETRIC_REPRESENTATION_CONTEXT() REPRESENTATION_CONTEXT('2D SPACE',''
  ) );
#5773 = ORIENTED_EDGE('',*,*,#1862,.T.);
#5774 = ORIENTED_EDGE('',*,*,#5753,.F.);
#5775 = ADVANCED_FACE('',(#5776),#1915,.F.);
#5776 = FACE_BOUND('',#5777,.F.);
#5777 = EDGE_LOOP('',(#5778,#5779,#5802,#5830,#5856,#5882,#5908,#5931));
#5778 = ORIENTED_EDGE('',*,*,#1897,.F.);
#5779 = ORIENTED_EDGE('',*,*,#5780,.F.);
#5780 = EDGE_CURVE('',#5781,#1898,#5783,.T.);
#5781 = VERTEX_POINT('',#5782);
#5782 = CARTESIAN_POINT('',(-40.,3.,63.));
#5783 = SURFACE_CURVE('',#5784,(#5788,#5795),.PCURVE_S1.);
#5784 = LINE('',#5785,#5786);
#5785 = CARTESIAN_POINT('',(-40.,3.,63.));
#5786 = VECTOR('',#5787,1.);
#5787 = DIRECTION('',(0.,1.,0.));
#5788 = PCURVE('',#1915,#5789);
#5789 = DEFINITIONAL_REPRESENTATION('',(#5790),#5794);
#5790 = LINE('',#5791,#5792);
#5791 = CARTESIAN_POINT('',(10.,0.));
#5792 = VECTOR('',#5793,1.);
#5793 = DIRECTION('',(0.,1.));
#5794 = ( GEOMETRIC_REPRESENTATION_CONTEXT(2) 
PARAMETRIC_REPRESENTATION_CONTEXT() REPRESENTATION_CONTEXT('2D SPACE',''
  ) );
#5795 = PCURVE('',#1942,#5796);
#5796 = DEFINITIONAL_REPRESENTATION('',(#5797),#5801);
#5797 = LINE('',#5798,#5799);
#5798 = CARTESIAN_POINT('',(10.,0.));
#5799 = VECTOR('',#5800,1.);
#5800 = DIRECTION('',(0.,-1.));
#5801 = ( GEOMETRIC_REPRESENTATION_CONTEXT(2) 
PARAMETRIC_REPRESENTATION_CONTEXT() REPRESENTATION_CONTEXT('2D SPACE',''
  ) );
#5802 = ORIENTED_EDGE('',*,*,#5803,.T.);
#5803 = EDGE_CURVE('',#5781,#5804,#5806,.T.);
#5804 = VERTEX_POINT('',#5805);
#5805 = CARTESIAN_POINT('',(-17.07142857142,3.,63.));
#5806 = SURFACE_CURVE('',#5807,(#5811,#5818),.PCURVE_S1.);
#5807 = LINE('',#5808,#5809);
#5808 = CARTESIAN_POINT('',(-50.,3.,63.));
#5809 = VECTOR('',#5810,1.);
#5810 = DIRECTION('',(1.,0.,0.));
#5811 = PCURVE('',#1915,#5812);
#5812 = DEFINITIONAL_REPRESENTATION('',(#5813),#5817);
#5813 = LINE('',#5814,#5815);
#5814 = CARTESIAN_POINT('',(0.,0.));
#5815 = VECTOR('',#5816,1.);
#5816 = DIRECTION('',(1.,0.));
#5817 = ( GEOMETRIC_REPRESENTATION_CONTEXT(2) 
PARAMETRIC_REPRESENTATION_CONTEXT() REPRESENTATION_CONTEXT('2D SPACE',''
  ) );
#5818 = PCURVE('',#5819,#5824);
#5819 = PLANE('',#5820);
#5820 = AXIS2_PLACEMENT_3D('',#5821,#5822,#5823);
#5821 = CARTESIAN_POINT('',(-50.,3.,3.));
#5822 = DIRECTION('',(0.,1.,0.));
#5823 = DIRECTION('',(0.,0.,1.));
#5824 = DEFINITIONAL_REPRESENTATION('',(#5825),#5829);
#5825 = LINE('',#5826,#5827);
#5826 = CARTESIAN_POINT('',(60.,0.));
#5827 = VECTOR('',#5828,1.);
#5828 = DIRECTION('',(0.,1.));
#5829 = ( GEOMETRIC_REPRESENTATION_CONTEXT(2) 
PARAMETRIC_REPRESENTATION_CONTEXT() REPRESENTATION_CONTEXT('2D SPACE',''
  ) );
#5830 = ORIENTED_EDGE('',*,*,#5831,.T.);
#5831 = EDGE_CURVE('',#5804,#5832,#5834,.T.);
#5832 = VERTEX_POINT('',#5833);
#5833 = CARTESIAN_POINT('',(-17.07142857142,5.,63.));
#5834 = SURFACE_CURVE('',#5835,(#5839,#5845),.PCURVE_S1.);
#5835 = LINE('',#5836,#5837);
#5836 = CARTESIAN_POINT('',(-17.07142857142,4.,63.));
#5837 = VECTOR('',#5838,1.);
#5838 = DIRECTION('',(-0.,1.,0.));
#5839 = PCURVE('',#1915,#5840);
#5840 = DEFINITIONAL_REPRESENTATION('',(#5841),#5844);
#5841 = B_SPLINE_CURVE_WITH_KNOTS('',1,(#5842,#5843),.UNSPECIFIED.,.F.,
  .F.,(2,2),(-1.,1.),.PIECEWISE_BEZIER_KNOTS.);
#5842 = CARTESIAN_POINT('',(32.928571428571,0.));
#5843 = CARTESIAN_POINT('',(32.928571428571,2.));
#5844 = ( GEOMETRIC_REPRESENTATION_CONTEXT(2) 
PARAMETRIC_REPRESENTATION_CONTEXT() REPRESENTATION_CONTEXT('2D SPACE',''
  ) );
#5845 = PCURVE('',#5846,#5851);
#5846 = PLANE('',#5847);
#5847 = AXIS2_PLACEMENT_3D('',#5848,#5849,#5850);
#5848 = CARTESIAN_POINT('',(-10.,5.,74.));
#5849 = DIRECTION('',(0.841178475377,0.,-0.540757591313));
#5850 = DIRECTION('',(-0.540757591313,0.,-0.841178475377));
#5851 = DEFINITIONAL_REPRESENTATION('',(#5852),#5855);
#5852 = B_SPLINE_CURVE_WITH_KNOTS('',1,(#5853,#5854),.UNSPECIFIED.,.F.,
  .F.,(2,2),(-1.,1.),.PIECEWISE_BEZIER_KNOTS.);
#5853 = CARTESIAN_POINT('',(13.076891910573,-2.));
#5854 = CARTESIAN_POINT('',(13.076891910573,0.));
#5855 = ( GEOMETRIC_REPRESENTATION_CONTEXT(2) 
PARAMETRIC_REPRESENTATION_CONTEXT() REPRESENTATION_CONTEXT('2D SPACE',''
  ) );
#5856 = ORIENTED_EDGE('',*,*,#5857,.T.);
#5857 = EDGE_CURVE('',#5832,#5858,#5860,.T.);
#5858 = VERTEX_POINT('',#5859);
#5859 = CARTESIAN_POINT('',(17.071428571429,5.,63.));
#5860 = SURFACE_CURVE('',#5861,(#5865,#5871),.PCURVE_S1.);
#5861 = LINE('',#5862,#5863);
#5862 = CARTESIAN_POINT('',(-25.,5.,63.));
#5863 = VECTOR('',#5864,1.);
#5864 = DIRECTION('',(1.,0.,0.));
#5865 = PCURVE('',#1915,#5866);
#5866 = DEFINITIONAL_REPRESENTATION('',(#5867),#5870);
#5867 = B_SPLINE_CURVE_WITH_KNOTS('',1,(#5868,#5869),.UNSPECIFIED.,.F.,
  .F.,(2,2),(6.,44.),.PIECEWISE_BEZIER_KNOTS.);
#5868 = CARTESIAN_POINT('',(31.,2.));
#5869 = CARTESIAN_POINT('',(69.,2.));
#5870 = ( GEOMETRIC_REPRESENTATION_CONTEXT(2) 
PARAMETRIC_REPRESENTATION_CONTEXT() REPRESENTATION_CONTEXT('2D SPACE',''
  ) );
#5871 = PCURVE('',#5872,#5877);
#5872 = PLANE('',#5873);
#5873 = AXIS2_PLACEMENT_3D('',#5874,#5875,#5876);
#5874 = CARTESIAN_POINT('',(-2.734880265079E-16,5.,74.));
#5875 = DIRECTION('',(-0.,-1.,-0.));
#5876 = DIRECTION('',(0.,0.,-1.));
#5877 = DEFINITIONAL_REPRESENTATION('',(#5878),#5881);
#5878 = B_SPLINE_CURVE_WITH_KNOTS('',1,(#5879,#5880),.UNSPECIFIED.,.F.,
  .F.,(2,2),(6.,44.),.PIECEWISE_BEZIER_KNOTS.);
#5879 = CARTESIAN_POINT('',(11.,-19.));
#5880 = CARTESIAN_POINT('',(11.,19.));
#5881 = ( GEOMETRIC_REPRESENTATION_CONTEXT(2) 
PARAMETRIC_REPRESENTATION_CONTEXT() REPRESENTATION_CONTEXT('2D SPACE',''
  ) );
#5882 = ORIENTED_EDGE('',*,*,#5883,.T.);
#5883 = EDGE_CURVE('',#5858,#5884,#5886,.T.);
#5884 = VERTEX_POINT('',#5885);
#5885 = CARTESIAN_POINT('',(17.071428571429,3.,63.));
#5886 = SURFACE_CURVE('',#5887,(#5891,#5897),.PCURVE_S1.);
#5887 = LINE('',#5888,#5889);
#5888 = CARTESIAN_POINT('',(17.071428571429,4.,63.));
#5889 = VECTOR('',#5890,1.);
#5890 = DIRECTION('',(0.,-1.,0.));
#5891 = PCURVE('',#1915,#5892);
#5892 = DEFINITIONAL_REPRESENTATION('',(#5893),#5896);
#5893 = B_SPLINE_CURVE_WITH_KNOTS('',1,(#5894,#5895),.UNSPECIFIED.,.F.,
  .F.,(2,2),(-1.,1.),.PIECEWISE_BEZIER_KNOTS.);
#5894 = CARTESIAN_POINT('',(67.071428571429,2.));
#5895 = CARTESIAN_POINT('',(67.071428571429,0.));
#5896 = ( GEOMETRIC_REPRESENTATION_CONTEXT(2) 
PARAMETRIC_REPRESENTATION_CONTEXT() REPRESENTATION_CONTEXT('2D SPACE',''
  ) );
#5897 = PCURVE('',#5898,#5903);
#5898 = PLANE('',#5899);
#5899 = AXIS2_PLACEMENT_3D('',#5900,#5901,#5902);
#5900 = CARTESIAN_POINT('',(19.,5.,60.));
#5901 = DIRECTION('',(-0.841178475377,-0.,-0.540757591313));
#5902 = DIRECTION('',(-0.540757591313,0.,0.841178475377));
#5903 = DEFINITIONAL_REPRESENTATION('',(#5904),#5907);
#5904 = B_SPLINE_CURVE_WITH_KNOTS('',1,(#5905,#5906),.UNSPECIFIED.,.F.,
  .F.,(2,2),(-1.,1.),.PIECEWISE_BEZIER_KNOTS.);
#5905 = CARTESIAN_POINT('',(3.56642506652,0.));
#5906 = CARTESIAN_POINT('',(3.56642506652,-2.));
#5907 = ( GEOMETRIC_REPRESENTATION_CONTEXT(2) 
PARAMETRIC_REPRESENTATION_CONTEXT() REPRESENTATION_CONTEXT('2D SPACE',''
  ) );
#5908 = ORIENTED_EDGE('',*,*,#5909,.T.);
#5909 = EDGE_CURVE('',#5884,#5910,#5912,.T.);
#5910 = VERTEX_POINT('',#5911);
#5911 = CARTESIAN_POINT('',(40.,3.,63.));
#5912 = SURFACE_CURVE('',#5913,(#5917,#5924),.PCURVE_S1.);
#5913 = LINE('',#5914,#5915);
#5914 = CARTESIAN_POINT('',(-50.,3.,63.));
#5915 = VECTOR('',#5916,1.);
#5916 = DIRECTION('',(1.,0.,0.));
#5917 = PCURVE('',#1915,#5918);
#5918 = DEFINITIONAL_REPRESENTATION('',(#5919),#5923);
#5919 = LINE('',#5920,#5921);
#5920 = CARTESIAN_POINT('',(0.,0.));
#5921 = VECTOR('',#5922,1.);
#5922 = DIRECTION('',(1.,0.));
#5923 = ( GEOMETRIC_REPRESENTATION_CONTEXT(2) 
PARAMETRIC_REPRESENTATION_CONTEXT() REPRESENTATION_CONTEXT('2D SPACE',''
  ) );
#5924 = PCURVE('',#5819,#5925);
#5925 = DEFINITIONAL_REPRESENTATION('',(#5926),#5930);
#5926 = LINE('',#5927,#5928);
#5927 = CARTESIAN_POINT('',(60.,0.));
#5928 = VECTOR('',#5929,1.);
#5929 = DIRECTION('',(0.,1.));
#5930 = ( GEOMETRIC_REPRESENTATION_CONTEXT(2) 
PARAMETRIC_REPRESENTATION_CONTEXT() REPRESENTATION_CONTEXT('2D SPACE',''
  ) );
#5931 = ORIENTED_EDGE('',*,*,#5932,.T.);
#5932 = EDGE_CURVE('',#5910,#1900,#5933,.T.);
#5933 = SURFACE_CURVE('',#5934,(#5938,#5945),.PCURVE_S1.);
#5934 = LINE('',#5935,#5936);
#5935 = CARTESIAN_POINT('',(40.,3.,63.));
#5936 = VECTOR('',#5937,1.);
#5937 = DIRECTION('',(0.,1.,0.));
#5938 = PCURVE('',#1915,#5939);
#5939 = DEFINITIONAL_REPRESENTATION('',(#5940),#5944);
#5940 = LINE('',#5941,#5942);
#5941 = CARTESIAN_POINT('',(90.,0.));
#5942 = VECTOR('',#5943,1.);
#5943 = DIRECTION('',(0.,1.));
#5944 = ( GEOMETRIC_REPRESENTATION_CONTEXT(2) 
PARAMETRIC_REPRESENTATION_CONTEXT() REPRESENTATION_CONTEXT('2D SPACE',''
  ) );
#5945 = PCURVE('',#2217,#5946);
#5946 = DEFINITIONAL_REPRESENTATION('',(#5947),#5951);
#5947 = LINE('',#5948,#5949);
#5948 = CARTESIAN_POINT('',(10.,0.));
#5949 = VECTOR('',#5950,1.);
#5950 = DIRECTION('',(0.,-1.));
#5951 = ( GEOMETRIC_REPRESENTATION_CONTEXT(2) 
PARAMETRIC_REPRESENTATION_CONTEXT() REPRESENTATION_CONTEXT('2D SPACE',''
  ) );
#5952 = ADVANCED_FACE('',(#5953),#1942,.T.);
#5953 = FACE_BOUND('',#5954,.T.);
#5954 = EDGE_LOOP('',(#5955,#5978,#5999,#6000));
#5955 = ORIENTED_EDGE('',*,*,#5956,.F.);
#5956 = EDGE_CURVE('',#5957,#5781,#5959,.T.);
#5957 = VERTEX_POINT('',#5958);
#5958 = CARTESIAN_POINT('',(-40.,3.,53.));
#5959 = SURFACE_CURVE('',#5960,(#5964,#5971),.PCURVE_S1.);
#5960 = LINE('',#5961,#5962);
#5961 = CARTESIAN_POINT('',(-40.,3.,53.));
#5962 = VECTOR('',#5963,1.);
#5963 = DIRECTION('',(0.,0.,1.));
#5964 = PCURVE('',#1942,#5965);
#5965 = DEFINITIONAL_REPRESENTATION('',(#5966),#5970);
#5966 = LINE('',#5967,#5968);
#5967 = CARTESIAN_POINT('',(0.,0.));
#5968 = VECTOR('',#5969,1.);
#5969 = DIRECTION('',(1.,0.));
#5970 = ( GEOMETRIC_REPRESENTATION_CONTEXT(2) 
PARAMETRIC_REPRESENTATION_CONTEXT() REPRESENTATION_CONTEXT('2D SPACE',''
  ) );
#5971 = PCURVE('',#5819,#5972);
#5972 = DEFINITIONAL_REPRESENTATION('',(#5973),#5977);
#5973 = LINE('',#5974,#5975);
#5974 = CARTESIAN_POINT('',(50.,10.));
#5975 = VECTOR('',#5976,1.);
#5976 = DIRECTION('',(1.,0.));
#5977 = ( GEOMETRIC_REPRESENTATION_CONTEXT(2) 
PARAMETRIC_REPRESENTATION_CONTEXT() REPRESENTATION_CONTEXT('2D SPACE',''
  ) );
#5978 = ORIENTED_EDGE('',*,*,#5979,.T.);
#5979 = EDGE_CURVE('',#5957,#1927,#5980,.T.);
#5980 = SURFACE_CURVE('',#5981,(#5985,#5992),.PCURVE_S1.);
#5981 = LINE('',#5982,#5983);
#5982 = CARTESIAN_POINT('',(-40.,3.,53.));
#5983 = VECTOR('',#5984,1.);
#5984 = DIRECTION('',(0.,1.,0.));
#5985 = PCURVE('',#1942,#5986);
#5986 = DEFINITIONAL_REPRESENTATION('',(#5987),#5991);
#5987 = LINE('',#5988,#5989);
#5988 = CARTESIAN_POINT('',(0.,0.));
#5989 = VECTOR('',#5990,1.);
#5990 = DIRECTION('',(0.,-1.));
#5991 = ( GEOMETRIC_REPRESENTATION_CONTEXT(2) 
PARAMETRIC_REPRESENTATION_CONTEXT() REPRESENTATION_CONTEXT('2D SPACE',''
  ) );
#5992 = PCURVE('',#1970,#5993);
#5993 = DEFINITIONAL_REPRESENTATION('',(#5994),#5998);
#5994 = LINE('',#5995,#5996);
#5995 = CARTESIAN_POINT('',(10.,0.));
#5996 = VECTOR('',#5997,1.);
#5997 = DIRECTION('',(0.,1.));
#5998 = ( GEOMETRIC_REPRESENTATION_CONTEXT(2) 
PARAMETRIC_REPRESENTATION_CONTEXT() REPRESENTATION_CONTEXT('2D SPACE',''
  ) );
#5999 = ORIENTED_EDGE('',*,*,#1926,.T.);
#6000 = ORIENTED_EDGE('',*,*,#5780,.F.);
#6001 = ADVANCED_FACE('',(#6002),#2217,.F.);
#6002 = FACE_BOUND('',#6003,.F.);
#6003 = EDGE_LOOP('',(#6004,#6027,#6048,#6049));
#6004 = ORIENTED_EDGE('',*,*,#6005,.F.);
#6005 = EDGE_CURVE('',#6006,#5910,#6008,.T.);
#6006 = VERTEX_POINT('',#6007);
#6007 = CARTESIAN_POINT('',(40.,3.,53.));
#6008 = SURFACE_CURVE('',#6009,(#6013,#6020),.PCURVE_S1.);
#6009 = LINE('',#6010,#6011);
#6010 = CARTESIAN_POINT('',(40.,3.,53.));
#6011 = VECTOR('',#6012,1.);
#6012 = DIRECTION('',(0.,0.,1.));
#6013 = PCURVE('',#2217,#6014);
#6014 = DEFINITIONAL_REPRESENTATION('',(#6015),#6019);
#6015 = LINE('',#6016,#6017);
#6016 = CARTESIAN_POINT('',(0.,0.));
#6017 = VECTOR('',#6018,1.);
#6018 = DIRECTION('',(1.,0.));
#6019 = ( GEOMETRIC_REPRESENTATION_CONTEXT(2) 
PARAMETRIC_REPRESENTATION_CONTEXT() REPRESENTATION_CONTEXT('2D SPACE',''
  ) );
#6020 = PCURVE('',#5819,#6021);
#6021 = DEFINITIONAL_REPRESENTATION('',(#6022),#6026);
#6022 = LINE('',#6023,#6024);
#6023 = CARTESIAN_POINT('',(50.,90.));
#6024 = VECTOR('',#6025,1.);
#6025 = DIRECTION('',(1.,0.));
#6026 = ( GEOMETRIC_REPRESENTATION_CONTEXT(2) 
PARAMETRIC_REPRESENTATION_CONTEXT() REPRESENTATION_CONTEXT('2D SPACE',''
  ) );
#6027 = ORIENTED_EDGE('',*,*,#6028,.T.);
#6028 = EDGE_CURVE('',#6006,#2176,#6029,.T.);
#6029 = SURFACE_CURVE('',#6030,(#6034,#6041),.PCURVE_S1.);
#6030 = LINE('',#6031,#6032);
#6031 = CARTESIAN_POINT('',(40.,3.,53.));
#6032 = VECTOR('',#6033,1.);
#6033 = DIRECTION('',(0.,1.,0.));
#6034 = PCURVE('',#2217,#6035);
#6035 = DEFINITIONAL_REPRESENTATION('',(#6036),#6040);
#6036 = LINE('',#6037,#6038);
#6037 = CARTESIAN_POINT('',(0.,0.));
#6038 = VECTOR('',#6039,1.);
#6039 = DIRECTION('',(0.,-1.));
#6040 = ( GEOMETRIC_REPRESENTATION_CONTEXT(2) 
PARAMETRIC_REPRESENTATION_CONTEXT() REPRESENTATION_CONTEXT('2D SPACE',''
  ) );
#6041 = PCURVE('',#2191,#6042);
#6042 = DEFINITIONAL_REPRESENTATION('',(#6043),#6047);
#6043 = LINE('',#6044,#6045);
#6044 = CARTESIAN_POINT('',(0.,0.));
#6045 = VECTOR('',#6046,1.);
#6046 = DIRECTION('',(0.,1.));
#6047 = ( GEOMETRIC_REPRESENTATION_CONTEXT(2) 
PARAMETRIC_REPRESENTATION_CONTEXT() REPRESENTATION_CONTEXT('2D SPACE',''
  ) );
#6048 = ORIENTED_EDGE('',*,*,#2203,.T.);
#6049 = ORIENTED_EDGE('',*,*,#5932,.F.);
#6050 = ADVANCED_FACE('',(#6051),#1970,.F.);
#6051 = FACE_BOUND('',#6052,.F.);
#6052 = EDGE_LOOP('',(#6053,#6076,#6097,#6098));
#6053 = ORIENTED_EDGE('',*,*,#6054,.F.);
#6054 = EDGE_CURVE('',#6055,#1955,#6057,.T.);
#6055 = VERTEX_POINT('',#6056);
#6056 = CARTESIAN_POINT('',(-50.,3.,53.));
#6057 = SURFACE_CURVE('',#6058,(#6062,#6069),.PCURVE_S1.);
#6058 = LINE('',#6059,#6060);
#6059 = CARTESIAN_POINT('',(-50.,3.,53.));
#6060 = VECTOR('',#6061,1.);
#6061 = DIRECTION('',(0.,1.,0.));
#6062 = PCURVE('',#1970,#6063);
#6063 = DEFINITIONAL_REPRESENTATION('',(#6064),#6068);
#6064 = LINE('',#6065,#6066);
#6065 = CARTESIAN_POINT('',(0.,0.));
#6066 = VECTOR('',#6067,1.);
#6067 = DIRECTION('',(0.,1.));
#6068 = ( GEOMETRIC_REPRESENTATION_CONTEXT(2) 
PARAMETRIC_REPRESENTATION_CONTEXT() REPRESENTATION_CONTEXT('2D SPACE',''
  ) );
#6069 = PCURVE('',#1998,#6070);
#6070 = DEFINITIONAL_REPRESENTATION('',(#6071),#6075);
#6071 = LINE('',#6072,#6073);
#6072 = CARTESIAN_POINT('',(50.,0.));
#6073 = VECTOR('',#6074,1.);
#6074 = DIRECTION('',(0.,-1.));
#6075 = ( GEOMETRIC_REPRESENTATION_CONTEXT(2) 
PARAMETRIC_REPRESENTATION_CONTEXT() REPRESENTATION_CONTEXT('2D SPACE',''
  ) );
#6076 = ORIENTED_EDGE('',*,*,#6077,.T.);
#6077 = EDGE_CURVE('',#6055,#5957,#6078,.T.);
#6078 = SURFACE_CURVE('',#6079,(#6083,#6090),.PCURVE_S1.);
#6079 = LINE('',#6080,#6081);
#6080 = CARTESIAN_POINT('',(-50.,3.,53.));
#6081 = VECTOR('',#6082,1.);
#6082 = DIRECTION('',(1.,0.,0.));
#6083 = PCURVE('',#1970,#6084);
#6084 = DEFINITIONAL_REPRESENTATION('',(#6085),#6089);
#6085 = LINE('',#6086,#6087);
#6086 = CARTESIAN_POINT('',(0.,0.));
#6087 = VECTOR('',#6088,1.);
#6088 = DIRECTION('',(1.,0.));
#6089 = ( GEOMETRIC_REPRESENTATION_CONTEXT(2) 
PARAMETRIC_REPRESENTATION_CONTEXT() REPRESENTATION_CONTEXT('2D SPACE',''
  ) );
#6090 = PCURVE('',#5819,#6091);
#6091 = DEFINITIONAL_REPRESENTATION('',(#6092),#6096);
#6092 = LINE('',#6093,#6094);
#6093 = CARTESIAN_POINT('',(50.,0.));
#6094 = VECTOR('',#6095,1.);
#6095 = DIRECTION('',(0.,1.));
#6096 = ( GEOMETRIC_REPRESENTATION_CONTEXT(2) 
PARAMETRIC_REPRESENTATION_CONTEXT() REPRESENTATION_CONTEXT('2D SPACE',''
  ) );
#6097 = ORIENTED_EDGE('',*,*,#5979,.T.);
#6098 = ORIENTED_EDGE('',*,*,#1954,.F.);
#6099 = ADVANCED_FACE('',(#6100),#2191,.F.);
#6100 = FACE_BOUND('',#6101,.F.);
#6101 = EDGE_LOOP('',(#6102,#6103,#6126,#6147));
#6102 = ORIENTED_EDGE('',*,*,#6028,.F.);
#6103 = ORIENTED_EDGE('',*,*,#6104,.T.);
#6104 = EDGE_CURVE('',#6006,#6105,#6107,.T.);
#6105 = VERTEX_POINT('',#6106);
#6106 = CARTESIAN_POINT('',(50.,3.,53.));
#6107 = SURFACE_CURVE('',#6108,(#6112,#6119),.PCURVE_S1.);
#6108 = LINE('',#6109,#6110);
#6109 = CARTESIAN_POINT('',(40.,3.,53.));
#6110 = VECTOR('',#6111,1.);
#6111 = DIRECTION('',(1.,0.,0.));
#6112 = PCURVE('',#2191,#6113);
#6113 = DEFINITIONAL_REPRESENTATION('',(#6114),#6118);
#6114 = LINE('',#6115,#6116);
#6115 = CARTESIAN_POINT('',(0.,0.));
#6116 = VECTOR('',#6117,1.);
#6117 = DIRECTION('',(1.,0.));
#6118 = ( GEOMETRIC_REPRESENTATION_CONTEXT(2) 
PARAMETRIC_REPRESENTATION_CONTEXT() REPRESENTATION_CONTEXT('2D SPACE',''
  ) );
#6119 = PCURVE('',#5819,#6120);
#6120 = DEFINITIONAL_REPRESENTATION('',(#6121),#6125);
#6121 = LINE('',#6122,#6123);
#6122 = CARTESIAN_POINT('',(50.,90.));
#6123 = VECTOR('',#6124,1.);
#6124 = DIRECTION('',(0.,1.));
#6125 = ( GEOMETRIC_REPRESENTATION_CONTEXT(2) 
PARAMETRIC_REPRESENTATION_CONTEXT() REPRESENTATION_CONTEXT('2D SPACE',''
  ) );
#6126 = ORIENTED_EDGE('',*,*,#6127,.T.);
#6127 = EDGE_CURVE('',#6105,#2149,#6128,.T.);
#6128 = SURFACE_CURVE('',#6129,(#6133,#6140),.PCURVE_S1.);
#6129 = LINE('',#6130,#6131);
#6130 = CARTESIAN_POINT('',(50.,3.,53.));
#6131 = VECTOR('',#6132,1.);
#6132 = DIRECTION('',(0.,1.,0.));
#6133 = PCURVE('',#2191,#6134);
#6134 = DEFINITIONAL_REPRESENTATION('',(#6135),#6139);
#6135 = LINE('',#6136,#6137);
#6136 = CARTESIAN_POINT('',(10.,0.));
#6137 = VECTOR('',#6138,1.);
#6138 = DIRECTION('',(0.,1.));
#6139 = ( GEOMETRIC_REPRESENTATION_CONTEXT(2) 
PARAMETRIC_REPRESENTATION_CONTEXT() REPRESENTATION_CONTEXT('2D SPACE',''
  ) );
#6140 = PCURVE('',#2164,#6141);
#6141 = DEFINITIONAL_REPRESENTATION('',(#6142),#6146);
#6142 = LINE('',#6143,#6144);
#6143 = CARTESIAN_POINT('',(50.,0.));
#6144 = VECTOR('',#6145,1.);
#6145 = DIRECTION('',(0.,-1.));
#6146 = ( GEOMETRIC_REPRESENTATION_CONTEXT(2) 
PARAMETRIC_REPRESENTATION_CONTEXT() REPRESENTATION_CONTEXT('2D SPACE',''
  ) );
#6147 = ORIENTED_EDGE('',*,*,#2175,.F.);
#6148 = ADVANCED_FACE('',(#6149),#1998,.T.);
#6149 = FACE_BOUND('',#6150,.T.);
#6150 = EDGE_LOOP('',(#6151,#6152,#6175,#6196));
#6151 = ORIENTED_EDGE('',*,*,#6054,.F.);
#6152 = ORIENTED_EDGE('',*,*,#6153,.F.);
#6153 = EDGE_CURVE('',#6154,#6055,#6156,.T.);
#6154 = VERTEX_POINT('',#6155);
#6155 = CARTESIAN_POINT('',(-50.,3.,13.));
#6156 = SURFACE_CURVE('',#6157,(#6161,#6168),.PCURVE_S1.);
#6157 = LINE('',#6158,#6159);
#6158 = CARTESIAN_POINT('',(-50.,3.,3.));
#6159 = VECTOR('',#6160,1.);
#6160 = DIRECTION('',(0.,0.,1.));
#6161 = PCURVE('',#1998,#6162);
#6162 = DEFINITIONAL_REPRESENTATION('',(#6163),#6167);
#6163 = LINE('',#6164,#6165);
#6164 = CARTESIAN_POINT('',(0.,0.));
#6165 = VECTOR('',#6166,1.);
#6166 = DIRECTION('',(1.,0.));
#6167 = ( GEOMETRIC_REPRESENTATION_CONTEXT(2) 
PARAMETRIC_REPRESENTATION_CONTEXT() REPRESENTATION_CONTEXT('2D SPACE',''
  ) );
#6168 = PCURVE('',#5819,#6169);
#6169 = DEFINITIONAL_REPRESENTATION('',(#6170),#6174);
#6170 = LINE('',#6171,#6172);
#6171 = CARTESIAN_POINT('',(0.,0.));
#6172 = VECTOR('',#6173,1.);
#6173 = DIRECTION('',(1.,0.));
#6174 = ( GEOMETRIC_REPRESENTATION_CONTEXT(2) 
PARAMETRIC_REPRESENTATION_CONTEXT() REPRESENTATION_CONTEXT('2D SPACE',''
  ) );
#6175 = ORIENTED_EDGE('',*,*,#6176,.T.);
#6176 = EDGE_CURVE('',#6154,#1983,#6177,.T.);
#6177 = SURFACE_CURVE('',#6178,(#6182,#6189),.PCURVE_S1.);
#6178 = LINE('',#6179,#6180);
#6179 = CARTESIAN_POINT('',(-50.,3.,13.));
#6180 = VECTOR('',#6181,1.);
#6181 = DIRECTION('',(0.,1.,0.));
#6182 = PCURVE('',#1998,#6183);
#6183 = DEFINITIONAL_REPRESENTATION('',(#6184),#6188);
#6184 = LINE('',#6185,#6186);
#6185 = CARTESIAN_POINT('',(10.,0.));
#6186 = VECTOR('',#6187,1.);
#6187 = DIRECTION('',(0.,-1.));
#6188 = ( GEOMETRIC_REPRESENTATION_CONTEXT(2) 
PARAMETRIC_REPRESENTATION_CONTEXT() REPRESENTATION_CONTEXT('2D SPACE',''
  ) );
#6189 = PCURVE('',#2025,#6190);
#6190 = DEFINITIONAL_REPRESENTATION('',(#6191),#6195);
#6191 = LINE('',#6192,#6193);
#6192 = CARTESIAN_POINT('',(0.,0.));
#6193 = VECTOR('',#6194,1.);
#6194 = DIRECTION('',(0.,1.));
#6195 = ( GEOMETRIC_REPRESENTATION_CONTEXT(2) 
PARAMETRIC_REPRESENTATION_CONTEXT() REPRESENTATION_CONTEXT('2D SPACE',''
  ) );
#6196 = ORIENTED_EDGE('',*,*,#1982,.F.);
#6197 = ADVANCED_FACE('',(#6198),#2164,.F.);
#6198 = FACE_BOUND('',#6199,.F.);
#6199 = EDGE_LOOP('',(#6200,#6201,#6224,#6245));
#6200 = ORIENTED_EDGE('',*,*,#6127,.F.);
#6201 = ORIENTED_EDGE('',*,*,#6202,.F.);
#6202 = EDGE_CURVE('',#6203,#6105,#6205,.T.);
#6203 = VERTEX_POINT('',#6204);
#6204 = CARTESIAN_POINT('',(50.,3.,13.));
#6205 = SURFACE_CURVE('',#6206,(#6210,#6217),.PCURVE_S1.);
#6206 = LINE('',#6207,#6208);
#6207 = CARTESIAN_POINT('',(50.,3.,3.));
#6208 = VECTOR('',#6209,1.);
#6209 = DIRECTION('',(0.,0.,1.));
#6210 = PCURVE('',#2164,#6211);
#6211 = DEFINITIONAL_REPRESENTATION('',(#6212),#6216);
#6212 = LINE('',#6213,#6214);
#6213 = CARTESIAN_POINT('',(0.,0.));
#6214 = VECTOR('',#6215,1.);
#6215 = DIRECTION('',(1.,0.));
#6216 = ( GEOMETRIC_REPRESENTATION_CONTEXT(2) 
PARAMETRIC_REPRESENTATION_CONTEXT() REPRESENTATION_CONTEXT('2D SPACE',''
  ) );
#6217 = PCURVE('',#5819,#6218);
#6218 = DEFINITIONAL_REPRESENTATION('',(#6219),#6223);
#6219 = LINE('',#6220,#6221);
#6220 = CARTESIAN_POINT('',(0.,100.));
#6221 = VECTOR('',#6222,1.);
#6222 = DIRECTION('',(1.,0.));
#6223 = ( GEOMETRIC_REPRESENTATION_CONTEXT(2) 
PARAMETRIC_REPRESENTATION_CONTEXT() REPRESENTATION_CONTEXT('2D SPACE',''
  ) );
#6224 = ORIENTED_EDGE('',*,*,#6225,.T.);
#6225 = EDGE_CURVE('',#6203,#2121,#6226,.T.);
#6226 = SURFACE_CURVE('',#6227,(#6231,#6238),.PCURVE_S1.);
#6227 = LINE('',#6228,#6229);
#6228 = CARTESIAN_POINT('',(50.,3.,13.));
#6229 = VECTOR('',#6230,1.);
#6230 = DIRECTION('',(0.,1.,0.));
#6231 = PCURVE('',#2164,#6232);
#6232 = DEFINITIONAL_REPRESENTATION('',(#6233),#6237);
#6233 = LINE('',#6234,#6235);
#6234 = CARTESIAN_POINT('',(10.,0.));
#6235 = VECTOR('',#6236,1.);
#6236 = DIRECTION('',(0.,-1.));
#6237 = ( GEOMETRIC_REPRESENTATION_CONTEXT(2) 
PARAMETRIC_REPRESENTATION_CONTEXT() REPRESENTATION_CONTEXT('2D SPACE',''
  ) );
#6238 = PCURVE('',#2136,#6239);
#6239 = DEFINITIONAL_REPRESENTATION('',(#6240),#6244);
#6240 = LINE('',#6241,#6242);
#6241 = CARTESIAN_POINT('',(10.,0.));
#6242 = VECTOR('',#6243,1.);
#6243 = DIRECTION('',(0.,1.));
#6244 = ( GEOMETRIC_REPRESENTATION_CONTEXT(2) 
PARAMETRIC_REPRESENTATION_CONTEXT() REPRESENTATION_CONTEXT('2D SPACE',''
  ) );
#6245 = ORIENTED_EDGE('',*,*,#2148,.F.);
#6246 = ADVANCED_FACE('',(#6247),#2025,.T.);
#6247 = FACE_BOUND('',#6248,.T.);
#6248 = EDGE_LOOP('',(#6249,#6250,#6273,#6294));
#6249 = ORIENTED_EDGE('',*,*,#6176,.F.);
#6250 = ORIENTED_EDGE('',*,*,#6251,.T.);
#6251 = EDGE_CURVE('',#6154,#6252,#6254,.T.);
#6252 = VERTEX_POINT('',#6253);
#6253 = CARTESIAN_POINT('',(-40.,3.,13.));
#6254 = SURFACE_CURVE('',#6255,(#6259,#6266),.PCURVE_S1.);
#6255 = LINE('',#6256,#6257);
#6256 = CARTESIAN_POINT('',(-50.,3.,13.));
#6257 = VECTOR('',#6258,1.);
#6258 = DIRECTION('',(1.,0.,0.));
#6259 = PCURVE('',#2025,#6260);
#6260 = DEFINITIONAL_REPRESENTATION('',(#6261),#6265);
#6261 = LINE('',#6262,#6263);
#6262 = CARTESIAN_POINT('',(0.,0.));
#6263 = VECTOR('',#6264,1.);
#6264 = DIRECTION('',(1.,0.));
#6265 = ( GEOMETRIC_REPRESENTATION_CONTEXT(2) 
PARAMETRIC_REPRESENTATION_CONTEXT() REPRESENTATION_CONTEXT('2D SPACE',''
  ) );
#6266 = PCURVE('',#5819,#6267);
#6267 = DEFINITIONAL_REPRESENTATION('',(#6268),#6272);
#6268 = LINE('',#6269,#6270);
#6269 = CARTESIAN_POINT('',(10.,0.));
#6270 = VECTOR('',#6271,1.);
#6271 = DIRECTION('',(0.,1.));
#6272 = ( GEOMETRIC_REPRESENTATION_CONTEXT(2) 
PARAMETRIC_REPRESENTATION_CONTEXT() REPRESENTATION_CONTEXT('2D SPACE',''
  ) );
#6273 = ORIENTED_EDGE('',*,*,#6274,.T.);
#6274 = EDGE_CURVE('',#6252,#2010,#6275,.T.);
#6275 = SURFACE_CURVE('',#6276,(#6280,#6287),.PCURVE_S1.);
#6276 = LINE('',#6277,#6278);
#6277 = CARTESIAN_POINT('',(-40.,3.,13.));
#6278 = VECTOR('',#6279,1.);
#6279 = DIRECTION('',(0.,1.,0.));
#6280 = PCURVE('',#2025,#6281);
#6281 = DEFINITIONAL_REPRESENTATION('',(#6282),#6286);
#6282 = LINE('',#6283,#6284);
#6283 = CARTESIAN_POINT('',(10.,0.));
#6284 = VECTOR('',#6285,1.);
#6285 = DIRECTION('',(0.,1.));
#6286 = ( GEOMETRIC_REPRESENTATION_CONTEXT(2) 
PARAMETRIC_REPRESENTATION_CONTEXT() REPRESENTATION_CONTEXT('2D SPACE',''
  ) );
#6287 = PCURVE('',#2053,#6288);
#6288 = DEFINITIONAL_REPRESENTATION('',(#6289),#6293);
#6289 = LINE('',#6290,#6291);
#6290 = CARTESIAN_POINT('',(10.,0.));
#6291 = VECTOR('',#6292,1.);
#6292 = DIRECTION('',(0.,-1.));
#6293 = ( GEOMETRIC_REPRESENTATION_CONTEXT(2) 
PARAMETRIC_REPRESENTATION_CONTEXT() REPRESENTATION_CONTEXT('2D SPACE',''
  ) );
#6294 = ORIENTED_EDGE('',*,*,#2009,.F.);
#6295 = ADVANCED_FACE('',(#6296),#2136,.T.);
#6296 = FACE_BOUND('',#6297,.T.);
#6297 = EDGE_LOOP('',(#6298,#6321,#6342,#6343));
#6298 = ORIENTED_EDGE('',*,*,#6299,.F.);
#6299 = EDGE_CURVE('',#6300,#2093,#6302,.T.);
#6300 = VERTEX_POINT('',#6301);
#6301 = CARTESIAN_POINT('',(40.,3.,13.));
#6302 = SURFACE_CURVE('',#6303,(#6307,#6314),.PCURVE_S1.);
#6303 = LINE('',#6304,#6305);
#6304 = CARTESIAN_POINT('',(40.,3.,13.));
#6305 = VECTOR('',#6306,1.);
#6306 = DIRECTION('',(0.,1.,0.));
#6307 = PCURVE('',#2136,#6308);
#6308 = DEFINITIONAL_REPRESENTATION('',(#6309),#6313);
#6309 = LINE('',#6310,#6311);
#6310 = CARTESIAN_POINT('',(0.,0.));
#6311 = VECTOR('',#6312,1.);
#6312 = DIRECTION('',(0.,1.));
#6313 = ( GEOMETRIC_REPRESENTATION_CONTEXT(2) 
PARAMETRIC_REPRESENTATION_CONTEXT() REPRESENTATION_CONTEXT('2D SPACE',''
  ) );
#6314 = PCURVE('',#2108,#6315);
#6315 = DEFINITIONAL_REPRESENTATION('',(#6316),#6320);
#6316 = LINE('',#6317,#6318);
#6317 = CARTESIAN_POINT('',(10.,0.));
#6318 = VECTOR('',#6319,1.);
#6319 = DIRECTION('',(0.,-1.));
#6320 = ( GEOMETRIC_REPRESENTATION_CONTEXT(2) 
PARAMETRIC_REPRESENTATION_CONTEXT() REPRESENTATION_CONTEXT('2D SPACE',''
  ) );
#6321 = ORIENTED_EDGE('',*,*,#6322,.T.);
#6322 = EDGE_CURVE('',#6300,#6203,#6323,.T.);
#6323 = SURFACE_CURVE('',#6324,(#6328,#6335),.PCURVE_S1.);
#6324 = LINE('',#6325,#6326);
#6325 = CARTESIAN_POINT('',(40.,3.,13.));
#6326 = VECTOR('',#6327,1.);
#6327 = DIRECTION('',(1.,0.,0.));
#6328 = PCURVE('',#2136,#6329);
#6329 = DEFINITIONAL_REPRESENTATION('',(#6330),#6334);
#6330 = LINE('',#6331,#6332);
#6331 = CARTESIAN_POINT('',(0.,0.));
#6332 = VECTOR('',#6333,1.);
#6333 = DIRECTION('',(1.,0.));
#6334 = ( GEOMETRIC_REPRESENTATION_CONTEXT(2) 
PARAMETRIC_REPRESENTATION_CONTEXT() REPRESENTATION_CONTEXT('2D SPACE',''
  ) );
#6335 = PCURVE('',#5819,#6336);
#6336 = DEFINITIONAL_REPRESENTATION('',(#6337),#6341);
#6337 = LINE('',#6338,#6339);
#6338 = CARTESIAN_POINT('',(10.,90.));
#6339 = VECTOR('',#6340,1.);
#6340 = DIRECTION('',(0.,1.));
#6341 = ( GEOMETRIC_REPRESENTATION_CONTEXT(2) 
PARAMETRIC_REPRESENTATION_CONTEXT() REPRESENTATION_CONTEXT('2D SPACE',''
  ) );
#6342 = ORIENTED_EDGE('',*,*,#6225,.T.);
#6343 = ORIENTED_EDGE('',*,*,#2120,.F.);
#6344 = ADVANCED_FACE('',(#6345),#2053,.T.);
#6345 = FACE_BOUND('',#6346,.T.);
#6346 = EDGE_LOOP('',(#6347,#6370,#6391,#6392));
#6347 = ORIENTED_EDGE('',*,*,#6348,.F.);
#6348 = EDGE_CURVE('',#6349,#6252,#6351,.T.);
#6349 = VERTEX_POINT('',#6350);
#6350 = CARTESIAN_POINT('',(-40.,3.,3.));
#6351 = SURFACE_CURVE('',#6352,(#6356,#6363),.PCURVE_S1.);
#6352 = LINE('',#6353,#6354);
#6353 = CARTESIAN_POINT('',(-40.,3.,3.));
#6354 = VECTOR('',#6355,1.);
#6355 = DIRECTION('',(0.,0.,1.));
#6356 = PCURVE('',#2053,#6357);
#6357 = DEFINITIONAL_REPRESENTATION('',(#6358),#6362);
#6358 = LINE('',#6359,#6360);
#6359 = CARTESIAN_POINT('',(0.,0.));
#6360 = VECTOR('',#6361,1.);
#6361 = DIRECTION('',(1.,0.));
#6362 = ( GEOMETRIC_REPRESENTATION_CONTEXT(2) 
PARAMETRIC_REPRESENTATION_CONTEXT() REPRESENTATION_CONTEXT('2D SPACE',''
  ) );
#6363 = PCURVE('',#5819,#6364);
#6364 = DEFINITIONAL_REPRESENTATION('',(#6365),#6369);
#6365 = LINE('',#6366,#6367);
#6366 = CARTESIAN_POINT('',(0.,10.));
#6367 = VECTOR('',#6368,1.);
#6368 = DIRECTION('',(1.,0.));
#6369 = ( GEOMETRIC_REPRESENTATION_CONTEXT(2) 
PARAMETRIC_REPRESENTATION_CONTEXT() REPRESENTATION_CONTEXT('2D SPACE',''
  ) );
#6370 = ORIENTED_EDGE('',*,*,#6371,.T.);
#6371 = EDGE_CURVE('',#6349,#2038,#6372,.T.);
#6372 = SURFACE_CURVE('',#6373,(#6377,#6384),.PCURVE_S1.);
#6373 = LINE('',#6374,#6375);
#6374 = CARTESIAN_POINT('',(-40.,3.,3.));
#6375 = VECTOR('',#6376,1.);
#6376 = DIRECTION('',(0.,1.,0.));
#6377 = PCURVE('',#2053,#6378);
#6378 = DEFINITIONAL_REPRESENTATION('',(#6379),#6383);
#6379 = LINE('',#6380,#6381);
#6380 = CARTESIAN_POINT('',(0.,0.));
#6381 = VECTOR('',#6382,1.);
#6382 = DIRECTION('',(0.,-1.));
#6383 = ( GEOMETRIC_REPRESENTATION_CONTEXT(2) 
PARAMETRIC_REPRESENTATION_CONTEXT() REPRESENTATION_CONTEXT('2D SPACE',''
  ) );
#6384 = PCURVE('',#2081,#6385);
#6385 = DEFINITIONAL_REPRESENTATION('',(#6386),#6390);
#6386 = LINE('',#6387,#6388);
#6387 = CARTESIAN_POINT('',(10.,0.));
#6388 = VECTOR('',#6389,1.);
#6389 = DIRECTION('',(0.,1.));
#6390 = ( GEOMETRIC_REPRESENTATION_CONTEXT(2) 
PARAMETRIC_REPRESENTATION_CONTEXT() REPRESENTATION_CONTEXT('2D SPACE',''
  ) );
#6391 = ORIENTED_EDGE('',*,*,#2037,.T.);
#6392 = ORIENTED_EDGE('',*,*,#6274,.F.);
#6393 = ADVANCED_FACE('',(#6394),#2108,.F.);
#6394 = FACE_BOUND('',#6395,.F.);
#6395 = EDGE_LOOP('',(#6396,#6419,#6440,#6441));
#6396 = ORIENTED_EDGE('',*,*,#6397,.F.);
#6397 = EDGE_CURVE('',#6398,#6300,#6400,.T.);
#6398 = VERTEX_POINT('',#6399);
#6399 = CARTESIAN_POINT('',(40.,3.,3.));
#6400 = SURFACE_CURVE('',#6401,(#6405,#6412),.PCURVE_S1.);
#6401 = LINE('',#6402,#6403);
#6402 = CARTESIAN_POINT('',(40.,3.,3.));
#6403 = VECTOR('',#6404,1.);
#6404 = DIRECTION('',(0.,0.,1.));
#6405 = PCURVE('',#2108,#6406);
#6406 = DEFINITIONAL_REPRESENTATION('',(#6407),#6411);
#6407 = LINE('',#6408,#6409);
#6408 = CARTESIAN_POINT('',(0.,0.));
#6409 = VECTOR('',#6410,1.);
#6410 = DIRECTION('',(1.,0.));
#6411 = ( GEOMETRIC_REPRESENTATION_CONTEXT(2) 
PARAMETRIC_REPRESENTATION_CONTEXT() REPRESENTATION_CONTEXT('2D SPACE',''
  ) );
#6412 = PCURVE('',#5819,#6413);
#6413 = DEFINITIONAL_REPRESENTATION('',(#6414),#6418);
#6414 = LINE('',#6415,#6416);
#6415 = CARTESIAN_POINT('',(0.,90.));
#6416 = VECTOR('',#6417,1.);
#6417 = DIRECTION('',(1.,0.));
#6418 = ( GEOMETRIC_REPRESENTATION_CONTEXT(2) 
PARAMETRIC_REPRESENTATION_CONTEXT() REPRESENTATION_CONTEXT('2D SPACE',''
  ) );
#6419 = ORIENTED_EDGE('',*,*,#6420,.T.);
#6420 = EDGE_CURVE('',#6398,#2066,#6421,.T.);
#6421 = SURFACE_CURVE('',#6422,(#6426,#6433),.PCURVE_S1.);
#6422 = LINE('',#6423,#6424);
#6423 = CARTESIAN_POINT('',(40.,3.,3.));
#6424 = VECTOR('',#6425,1.);
#6425 = DIRECTION('',(0.,1.,0.));
#6426 = PCURVE('',#2108,#6427);
#6427 = DEFINITIONAL_REPRESENTATION('',(#6428),#6432);
#6428 = LINE('',#6429,#6430);
#6429 = CARTESIAN_POINT('',(0.,0.));
#6430 = VECTOR('',#6431,1.);
#6431 = DIRECTION('',(0.,-1.));
#6432 = ( GEOMETRIC_REPRESENTATION_CONTEXT(2) 
PARAMETRIC_REPRESENTATION_CONTEXT() REPRESENTATION_CONTEXT('2D SPACE',''
  ) );
#6433 = PCURVE('',#2081,#6434);
#6434 = DEFINITIONAL_REPRESENTATION('',(#6435),#6439);
#6435 = LINE('',#6436,#6437);
#6436 = CARTESIAN_POINT('',(90.,0.));
#6437 = VECTOR('',#6438,1.);
#6438 = DIRECTION('',(0.,1.));
#6439 = ( GEOMETRIC_REPRESENTATION_CONTEXT(2) 
PARAMETRIC_REPRESENTATION_CONTEXT() REPRESENTATION_CONTEXT('2D SPACE',''
  ) );
#6440 = ORIENTED_EDGE('',*,*,#2092,.T.);
#6441 = ORIENTED_EDGE('',*,*,#6299,.F.);
#6442 = ADVANCED_FACE('',(#6443,#6469,#6555,#6641,#6676,#6886,#6972,
    #7182,#7217),#2081,.T.);
#6443 = FACE_BOUND('',#6444,.T.);
#6444 = EDGE_LOOP('',(#6445,#6446,#6447,#6468));
#6445 = ORIENTED_EDGE('',*,*,#2065,.F.);
#6446 = ORIENTED_EDGE('',*,*,#6371,.F.);
#6447 = ORIENTED_EDGE('',*,*,#6448,.T.);
#6448 = EDGE_CURVE('',#6349,#6398,#6449,.T.);
#6449 = SURFACE_CURVE('',#6450,(#6454,#6461),.PCURVE_S1.);
#6450 = LINE('',#6451,#6452);
#6451 = CARTESIAN_POINT('',(-50.,3.,3.));
#6452 = VECTOR('',#6453,1.);
#6453 = DIRECTION('',(1.,0.,0.));
#6454 = PCURVE('',#2081,#6455);
#6455 = DEFINITIONAL_REPRESENTATION('',(#6456),#6460);
#6456 = LINE('',#6457,#6458);
#6457 = CARTESIAN_POINT('',(0.,0.));
#6458 = VECTOR('',#6459,1.);
#6459 = DIRECTION('',(1.,0.));
#6460 = ( GEOMETRIC_REPRESENTATION_CONTEXT(2) 
PARAMETRIC_REPRESENTATION_CONTEXT() REPRESENTATION_CONTEXT('2D SPACE',''
  ) );
#6461 = PCURVE('',#5819,#6462);
#6462 = DEFINITIONAL_REPRESENTATION('',(#6463),#6467);
#6463 = LINE('',#6464,#6465);
#6464 = CARTESIAN_POINT('',(0.,0.));
#6465 = VECTOR('',#6466,1.);
#6466 = DIRECTION('',(0.,1.));
#6467 = ( GEOMETRIC_REPRESENTATION_CONTEXT(2) 
PARAMETRIC_REPRESENTATION_CONTEXT() REPRESENTATION_CONTEXT('2D SPACE',''
  ) );
#6468 = ORIENTED_EDGE('',*,*,#6420,.T.);
#6469 = FACE_BOUND('',#6470,.T.);
#6470 = EDGE_LOOP('',(#6471,#6494,#6515,#6536));
#6471 = ORIENTED_EDGE('',*,*,#6472,.T.);
#6472 = EDGE_CURVE('',#6473,#6475,#6477,.T.);
#6473 = VERTEX_POINT('',#6474);
#6474 = CARTESIAN_POINT('',(-30.,6.5,3.));
#6475 = VERTEX_POINT('',#6476);
#6476 = CARTESIAN_POINT('',(-36.,6.5,3.));
#6477 = SURFACE_CURVE('',#6478,(#6482,#6488),.PCURVE_S1.);
#6478 = LINE('',#6479,#6480);
#6479 = CARTESIAN_POINT('',(-43.,6.5,3.));
#6480 = VECTOR('',#6481,1.);
#6481 = DIRECTION('',(-1.,0.,0.));
#6482 = PCURVE('',#2081,#6483);
#6483 = DEFINITIONAL_REPRESENTATION('',(#6484),#6487);
#6484 = B_SPLINE_CURVE_WITH_KNOTS('',1,(#6485,#6486),.UNSPECIFIED.,.F.,
  .F.,(2,2),(-13.,-7.),.PIECEWISE_BEZIER_KNOTS.);
#6485 = CARTESIAN_POINT('',(20.,3.5));
#6486 = CARTESIAN_POINT('',(14.,3.5));
#6487 = ( GEOMETRIC_REPRESENTATION_CONTEXT(2) 
PARAMETRIC_REPRESENTATION_CONTEXT() REPRESENTATION_CONTEXT('2D SPACE',''
  ) );
#6488 = PCURVE('',#2310,#6489);
#6489 = DEFINITIONAL_REPRESENTATION('',(#6490),#6493);
#6490 = B_SPLINE_CURVE_WITH_KNOTS('',1,(#6491,#6492),.UNSPECIFIED.,.F.,
  .F.,(2,2),(-13.,-7.),.PIECEWISE_BEZIER_KNOTS.);
#6491 = CARTESIAN_POINT('',(4.,6.));
#6492 = CARTESIAN_POINT('',(4.,0.));
#6493 = ( GEOMETRIC_REPRESENTATION_CONTEXT(2) 
PARAMETRIC_REPRESENTATION_CONTEXT() REPRESENTATION_CONTEXT('2D SPACE',''
  ) );
#6494 = ORIENTED_EDGE('',*,*,#6495,.T.);
#6495 = EDGE_CURVE('',#6475,#6496,#6498,.T.);
#6496 = VERTEX_POINT('',#6497);
#6497 = CARTESIAN_POINT('',(-36.,9.5,3.));
#6498 = SURFACE_CURVE('',#6499,(#6503,#6509),.PCURVE_S1.);
#6499 = LINE('',#6500,#6501);
#6500 = CARTESIAN_POINT('',(-36.,4.75,3.));
#6501 = VECTOR('',#6502,1.);
#6502 = DIRECTION('',(0.,1.,0.));
#6503 = PCURVE('',#2081,#6504);
#6504 = DEFINITIONAL_REPRESENTATION('',(#6505),#6508);
#6505 = B_SPLINE_CURVE_WITH_KNOTS('',1,(#6506,#6507),.UNSPECIFIED.,.F.,
  .F.,(2,2),(1.75,4.75),.PIECEWISE_BEZIER_KNOTS.);
#6506 = CARTESIAN_POINT('',(14.,3.5));
#6507 = CARTESIAN_POINT('',(14.,6.5));
#6508 = ( GEOMETRIC_REPRESENTATION_CONTEXT(2) 
PARAMETRIC_REPRESENTATION_CONTEXT() REPRESENTATION_CONTEXT('2D SPACE',''
  ) );
#6509 = PCURVE('',#2336,#6510);
#6510 = DEFINITIONAL_REPRESENTATION('',(#6511),#6514);
#6511 = B_SPLINE_CURVE_WITH_KNOTS('',1,(#6512,#6513),.UNSPECIFIED.,.F.,
  .F.,(2,2),(1.75,4.75),.PIECEWISE_BEZIER_KNOTS.);
#6512 = CARTESIAN_POINT('',(4.,0.));
#6513 = CARTESIAN_POINT('',(4.,-3.));
#6514 = ( GEOMETRIC_REPRESENTATION_CONTEXT(2) 
PARAMETRIC_REPRESENTATION_CONTEXT() REPRESENTATION_CONTEXT('2D SPACE',''
  ) );
#6515 = ORIENTED_EDGE('',*,*,#6516,.F.);
#6516 = EDGE_CURVE('',#6517,#6496,#6519,.T.);
#6517 = VERTEX_POINT('',#6518);
#6518 = CARTESIAN_POINT('',(-30.,9.5,3.));
#6519 = SURFACE_CURVE('',#6520,(#6524,#6530),.PCURVE_S1.);
#6520 = LINE('',#6521,#6522);
#6521 = CARTESIAN_POINT('',(-43.,9.5,3.));
#6522 = VECTOR('',#6523,1.);
#6523 = DIRECTION('',(-1.,0.,0.));
#6524 = PCURVE('',#2081,#6525);
#6525 = DEFINITIONAL_REPRESENTATION('',(#6526),#6529);
#6526 = B_SPLINE_CURVE_WITH_KNOTS('',1,(#6527,#6528),.UNSPECIFIED.,.F.,
  .F.,(2,2),(-13.,-7.),.PIECEWISE_BEZIER_KNOTS.);
#6527 = CARTESIAN_POINT('',(20.,6.5));
#6528 = CARTESIAN_POINT('',(14.,6.5));
#6529 = ( GEOMETRIC_REPRESENTATION_CONTEXT(2) 
PARAMETRIC_REPRESENTATION_CONTEXT() REPRESENTATION_CONTEXT('2D SPACE',''
  ) );
#6530 = PCURVE('',#2362,#6531);
#6531 = DEFINITIONAL_REPRESENTATION('',(#6532),#6535);
#6532 = B_SPLINE_CURVE_WITH_KNOTS('',1,(#6533,#6534),.UNSPECIFIED.,.F.,
  .F.,(2,2),(-13.,-7.),.PIECEWISE_BEZIER_KNOTS.);
#6533 = CARTESIAN_POINT('',(4.,6.));
#6534 = CARTESIAN_POINT('',(4.,0.));
#6535 = ( GEOMETRIC_REPRESENTATION_CONTEXT(2) 
PARAMETRIC_REPRESENTATION_CONTEXT() REPRESENTATION_CONTEXT('2D SPACE',''
  ) );
#6536 = ORIENTED_EDGE('',*,*,#6537,.F.);
#6537 = EDGE_CURVE('',#6473,#6517,#6538,.T.);
#6538 = SURFACE_CURVE('',#6539,(#6543,#6549),.PCURVE_S1.);
#6539 = LINE('',#6540,#6541);
#6540 = CARTESIAN_POINT('',(-30.,4.75,3.));
#6541 = VECTOR('',#6542,1.);
#6542 = DIRECTION('',(0.,1.,0.));
#6543 = PCURVE('',#2081,#6544);
#6544 = DEFINITIONAL_REPRESENTATION('',(#6545),#6548);
#6545 = B_SPLINE_CURVE_WITH_KNOTS('',1,(#6546,#6547),.UNSPECIFIED.,.F.,
  .F.,(2,2),(1.75,4.75),.PIECEWISE_BEZIER_KNOTS.);
#6546 = CARTESIAN_POINT('',(20.,3.5));
#6547 = CARTESIAN_POINT('',(20.,6.5));
#6548 = ( GEOMETRIC_REPRESENTATION_CONTEXT(2) 
PARAMETRIC_REPRESENTATION_CONTEXT() REPRESENTATION_CONTEXT('2D SPACE',''
  ) );
#6549 = PCURVE('',#2386,#6550);
#6550 = DEFINITIONAL_REPRESENTATION('',(#6551),#6554);
#6551 = B_SPLINE_CURVE_WITH_KNOTS('',1,(#6552,#6553),.UNSPECIFIED.,.F.,
  .F.,(2,2),(1.75,4.75),.PIECEWISE_BEZIER_KNOTS.);
#6552 = CARTESIAN_POINT('',(4.,0.));
#6553 = CARTESIAN_POINT('',(4.,-3.));
#6554 = ( GEOMETRIC_REPRESENTATION_CONTEXT(2) 
PARAMETRIC_REPRESENTATION_CONTEXT() REPRESENTATION_CONTEXT('2D SPACE',''
  ) );
#6555 = FACE_BOUND('',#6556,.T.);
#6556 = EDGE_LOOP('',(#6557,#6580,#6601,#6622));
#6557 = ORIENTED_EDGE('',*,*,#6558,.T.);
#6558 = EDGE_CURVE('',#6559,#6561,#6563,.T.);
#6559 = VERTEX_POINT('',#6560);
#6560 = CARTESIAN_POINT('',(36.,6.5,3.));
#6561 = VERTEX_POINT('',#6562);
#6562 = CARTESIAN_POINT('',(30.,6.5,3.));
#6563 = SURFACE_CURVE('',#6564,(#6568,#6574),.PCURVE_S1.);
#6564 = LINE('',#6565,#6566);
#6565 = CARTESIAN_POINT('',(-10.,6.5,3.));
#6566 = VECTOR('',#6567,1.);
#6567 = DIRECTION('',(-1.,0.,0.));
#6568 = PCURVE('',#2081,#6569);
#6569 = DEFINITIONAL_REPRESENTATION('',(#6570),#6573);
#6570 = B_SPLINE_CURVE_WITH_KNOTS('',1,(#6571,#6572),.UNSPECIFIED.,.F.,
  .F.,(2,2),(-46.,-40.),.PIECEWISE_BEZIER_KNOTS.);
#6571 = CARTESIAN_POINT('',(86.,3.5));
#6572 = CARTESIAN_POINT('',(80.,3.5));
#6573 = ( GEOMETRIC_REPRESENTATION_CONTEXT(2) 
PARAMETRIC_REPRESENTATION_CONTEXT() REPRESENTATION_CONTEXT('2D SPACE',''
  ) );
#6574 = PCURVE('',#2567,#6575);
#6575 = DEFINITIONAL_REPRESENTATION('',(#6576),#6579);
#6576 = B_SPLINE_CURVE_WITH_KNOTS('',1,(#6577,#6578),.UNSPECIFIED.,.F.,
  .F.,(2,2),(-46.,-40.),.PIECEWISE_BEZIER_KNOTS.);
#6577 = CARTESIAN_POINT('',(4.,6.));
#6578 = CARTESIAN_POINT('',(4.,0.));
#6579 = ( GEOMETRIC_REPRESENTATION_CONTEXT(2) 
PARAMETRIC_REPRESENTATION_CONTEXT() REPRESENTATION_CONTEXT('2D SPACE',''
  ) );
#6580 = ORIENTED_EDGE('',*,*,#6581,.T.);
#6581 = EDGE_CURVE('',#6561,#6582,#6584,.T.);
#6582 = VERTEX_POINT('',#6583);
#6583 = CARTESIAN_POINT('',(30.,9.5,3.));
#6584 = SURFACE_CURVE('',#6585,(#6589,#6595),.PCURVE_S1.);
#6585 = LINE('',#6586,#6587);
#6586 = CARTESIAN_POINT('',(30.,4.75,3.));
#6587 = VECTOR('',#6588,1.);
#6588 = DIRECTION('',(0.,1.,0.));
#6589 = PCURVE('',#2081,#6590);
#6590 = DEFINITIONAL_REPRESENTATION('',(#6591),#6594);
#6591 = B_SPLINE_CURVE_WITH_KNOTS('',1,(#6592,#6593),.UNSPECIFIED.,.F.,
  .F.,(2,2),(1.75,4.75),.PIECEWISE_BEZIER_KNOTS.);
#6592 = CARTESIAN_POINT('',(80.,3.5));
#6593 = CARTESIAN_POINT('',(80.,6.5));
#6594 = ( GEOMETRIC_REPRESENTATION_CONTEXT(2) 
PARAMETRIC_REPRESENTATION_CONTEXT() REPRESENTATION_CONTEXT('2D SPACE',''
  ) );
#6595 = PCURVE('',#2593,#6596);
#6596 = DEFINITIONAL_REPRESENTATION('',(#6597),#6600);
#6597 = B_SPLINE_CURVE_WITH_KNOTS('',1,(#6598,#6599),.UNSPECIFIED.,.F.,
  .F.,(2,2),(1.75,4.75),.PIECEWISE_BEZIER_KNOTS.);
#6598 = CARTESIAN_POINT('',(4.,0.));
#6599 = CARTESIAN_POINT('',(4.,-3.));
#6600 = ( GEOMETRIC_REPRESENTATION_CONTEXT(2) 
PARAMETRIC_REPRESENTATION_CONTEXT() REPRESENTATION_CONTEXT('2D SPACE',''
  ) );
#6601 = ORIENTED_EDGE('',*,*,#6602,.F.);
#6602 = EDGE_CURVE('',#6603,#6582,#6605,.T.);
#6603 = VERTEX_POINT('',#6604);
#6604 = CARTESIAN_POINT('',(36.,9.5,3.));
#6605 = SURFACE_CURVE('',#6606,(#6610,#6616),.PCURVE_S1.);
#6606 = LINE('',#6607,#6608);
#6607 = CARTESIAN_POINT('',(-10.,9.5,3.));
#6608 = VECTOR('',#6609,1.);
#6609 = DIRECTION('',(-1.,0.,0.));
#6610 = PCURVE('',#2081,#6611);
#6611 = DEFINITIONAL_REPRESENTATION('',(#6612),#6615);
#6612 = B_SPLINE_CURVE_WITH_KNOTS('',1,(#6613,#6614),.UNSPECIFIED.,.F.,
  .F.,(2,2),(-46.,-40.),.PIECEWISE_BEZIER_KNOTS.);
#6613 = CARTESIAN_POINT('',(86.,6.5));
#6614 = CARTESIAN_POINT('',(80.,6.5));
#6615 = ( GEOMETRIC_REPRESENTATION_CONTEXT(2) 
PARAMETRIC_REPRESENTATION_CONTEXT() REPRESENTATION_CONTEXT('2D SPACE',''
  ) );
#6616 = PCURVE('',#2619,#6617);
#6617 = DEFINITIONAL_REPRESENTATION('',(#6618),#6621);
#6618 = B_SPLINE_CURVE_WITH_KNOTS('',1,(#6619,#6620),.UNSPECIFIED.,.F.,
  .F.,(2,2),(-46.,-40.),.PIECEWISE_BEZIER_KNOTS.);
#6619 = CARTESIAN_POINT('',(4.,6.));
#6620 = CARTESIAN_POINT('',(4.,0.));
#6621 = ( GEOMETRIC_REPRESENTATION_CONTEXT(2) 
PARAMETRIC_REPRESENTATION_CONTEXT() REPRESENTATION_CONTEXT('2D SPACE',''
  ) );
#6622 = ORIENTED_EDGE('',*,*,#6623,.F.);
#6623 = EDGE_CURVE('',#6559,#6603,#6624,.T.);
#6624 = SURFACE_CURVE('',#6625,(#6629,#6635),.PCURVE_S1.);
#6625 = LINE('',#6626,#6627);
#6626 = CARTESIAN_POINT('',(36.,4.75,3.));
#6627 = VECTOR('',#6628,1.);
#6628 = DIRECTION('',(0.,1.,0.));
#6629 = PCURVE('',#2081,#6630);
#6630 = DEFINITIONAL_REPRESENTATION('',(#6631),#6634);
#6631 = B_SPLINE_CURVE_WITH_KNOTS('',1,(#6632,#6633),.UNSPECIFIED.,.F.,
  .F.,(2,2),(1.75,4.75),.PIECEWISE_BEZIER_KNOTS.);
#6632 = CARTESIAN_POINT('',(86.,3.5));
#6633 = CARTESIAN_POINT('',(86.,6.5));
#6634 = ( GEOMETRIC_REPRESENTATION_CONTEXT(2) 
PARAMETRIC_REPRESENTATION_CONTEXT() REPRESENTATION_CONTEXT('2D SPACE',''
  ) );
#6635 = PCURVE('',#2643,#6636);
#6636 = DEFINITIONAL_REPRESENTATION('',(#6637),#6640);
#6637 = B_SPLINE_CURVE_WITH_KNOTS('',1,(#6638,#6639),.UNSPECIFIED.,.F.,
  .F.,(2,2),(1.75,4.75),.PIECEWISE_BEZIER_KNOTS.);
#6638 = CARTESIAN_POINT('',(4.,0.));
#6639 = CARTESIAN_POINT('',(4.,-3.));
#6640 = ( GEOMETRIC_REPRESENTATION_CONTEXT(2) 
PARAMETRIC_REPRESENTATION_CONTEXT() REPRESENTATION_CONTEXT('2D SPACE',''
  ) );
#6641 = FACE_BOUND('',#6642,.T.);
#6642 = EDGE_LOOP('',(#6643));
#6643 = ORIENTED_EDGE('',*,*,#6644,.T.);
#6644 = EDGE_CURVE('',#6645,#6645,#6647,.T.);
#6645 = VERTEX_POINT('',#6646);
#6646 = CARTESIAN_POINT('',(-28.,16.,3.));
#6647 = SURFACE_CURVE('',#6648,(#6653,#6664),.PCURVE_S1.);
#6648 = CIRCLE('',#6649,5.);
#6649 = AXIS2_PLACEMENT_3D('',#6650,#6651,#6652);
#6650 = CARTESIAN_POINT('',(-33.,16.,3.));
#6651 = DIRECTION('',(0.,0.,-1.));
#6652 = DIRECTION('',(1.,0.,0.));
#6653 = PCURVE('',#2081,#6654);
#6654 = DEFINITIONAL_REPRESENTATION('',(#6655),#6663);
#6655 = ( BOUNDED_CURVE() B_SPLINE_CURVE(2,(#6656,#6657,#6658,#6659,
#6660,#6661,#6662),.UNSPECIFIED.,.T.,.F.) B_SPLINE_CURVE_WITH_KNOTS((1,2
    ,2,2,2,1),(-2.094395102393,0.,2.094395102393,4.188790204786,
6.28318530718,8.377580409573),.UNSPECIFIED.) CURVE() 
GEOMETRIC_REPRESENTATION_ITEM() RATIONAL_B_SPLINE_CURVE((1.,0.5,1.,0.5,
1.,0.5,1.)) REPRESENTATION_ITEM('') );
#6656 = CARTESIAN_POINT('',(22.,13.));
#6657 = CARTESIAN_POINT('',(22.,4.339745962156));
#6658 = CARTESIAN_POINT('',(14.5,8.669872981078));
#6659 = CARTESIAN_POINT('',(7.,13.));
#6660 = CARTESIAN_POINT('',(14.5,17.330127018922));
#6661 = CARTESIAN_POINT('',(22.,21.660254037844));
#6662 = CARTESIAN_POINT('',(22.,13.));
#6663 = ( GEOMETRIC_REPRESENTATION_CONTEXT(2) 
PARAMETRIC_REPRESENTATION_CONTEXT() REPRESENTATION_CONTEXT('2D SPACE',''
  ) );
#6664 = PCURVE('',#6665,#6670);
#6665 = CYLINDRICAL_SURFACE('',#6666,5.);
#6666 = AXIS2_PLACEMENT_3D('',#6667,#6668,#6669);
#6667 = CARTESIAN_POINT('',(-33.,16.,-1.));
#6668 = DIRECTION('',(-0.,-0.,-1.));
#6669 = DIRECTION('',(1.,0.,0.));
#6670 = DEFINITIONAL_REPRESENTATION('',(#6671),#6675);
#6671 = LINE('',#6672,#6673);
#6672 = CARTESIAN_POINT('',(-6.28318530718,-4.));
#6673 = VECTOR('',#6674,1.);
#6674 = DIRECTION('',(1.,-0.));
#6675 = ( GEOMETRIC_REPRESENTATION_CONTEXT(2) 
PARAMETRIC_REPRESENTATION_CONTEXT() REPRESENTATION_CONTEXT('2D SPACE',''
  ) );
#6676 = FACE_BOUND('',#6677,.T.);
#6677 = EDGE_LOOP('',(#6678,#6706,#6732,#6758,#6784,#6810,#6836,#6862));
#6678 = ORIENTED_EDGE('',*,*,#6679,.F.);
#6679 = EDGE_CURVE('',#6680,#6682,#6684,.T.);
#6680 = VERTEX_POINT('',#6681);
#6681 = CARTESIAN_POINT('',(-5.3,9.4,3.));
#6682 = VERTEX_POINT('',#6683);
#6683 = CARTESIAN_POINT('',(-5.3,26.,3.));
#6684 = SURFACE_CURVE('',#6685,(#6689,#6695),.PCURVE_S1.);
#6685 = LINE('',#6686,#6687);
#6686 = CARTESIAN_POINT('',(-5.3,4.6,3.));
#6687 = VECTOR('',#6688,1.);
#6688 = DIRECTION('',(0.,1.,0.));
#6689 = PCURVE('',#2081,#6690);
#6690 = DEFINITIONAL_REPRESENTATION('',(#6691),#6694);
#6691 = B_SPLINE_CURVE_WITH_KNOTS('',1,(#6692,#6693),.UNSPECIFIED.,.F.,
  .F.,(2,2),(1.6,21.4),.PIECEWISE_BEZIER_KNOTS.);
#6692 = CARTESIAN_POINT('',(44.7,3.2));
#6693 = CARTESIAN_POINT('',(44.7,23.));
#6694 = ( GEOMETRIC_REPRESENTATION_CONTEXT(2) 
PARAMETRIC_REPRESENTATION_CONTEXT() REPRESENTATION_CONTEXT('2D SPACE',''
  ) );
#6695 = PCURVE('',#6696,#6701);
#6696 = PLANE('',#6697);
#6697 = AXIS2_PLACEMENT_3D('',#6698,#6699,#6700);
#6698 = CARTESIAN_POINT('',(-5.3,6.2,-1.));
#6699 = DIRECTION('',(1.,0.,0.));
#6700 = DIRECTION('',(0.,0.,1.));
#6701 = DEFINITIONAL_REPRESENTATION('',(#6702),#6705);
#6702 = B_SPLINE_CURVE_WITH_KNOTS('',1,(#6703,#6704),.UNSPECIFIED.,.F.,
  .F.,(2,2),(1.6,21.4),.PIECEWISE_BEZIER_KNOTS.);
#6703 = CARTESIAN_POINT('',(4.,0.));
#6704 = CARTESIAN_POINT('',(4.,-19.8));
#6705 = ( GEOMETRIC_REPRESENTATION_CONTEXT(2) 
PARAMETRIC_REPRESENTATION_CONTEXT() REPRESENTATION_CONTEXT('2D SPACE',''
  ) );
#6706 = ORIENTED_EDGE('',*,*,#6707,.F.);
#6707 = EDGE_CURVE('',#6708,#6680,#6710,.T.);
#6708 = VERTEX_POINT('',#6709);
#6709 = CARTESIAN_POINT('',(-2.3,9.4,3.));
#6710 = SURFACE_CURVE('',#6711,(#6715,#6721),.PCURVE_S1.);
#6711 = LINE('',#6712,#6713);
#6712 = CARTESIAN_POINT('',(-39.15,9.4,3.));
#6713 = VECTOR('',#6714,1.);
#6714 = DIRECTION('',(-1.,0.,0.));
#6715 = PCURVE('',#2081,#6716);
#6716 = DEFINITIONAL_REPRESENTATION('',(#6717),#6720);
#6717 = B_SPLINE_CURVE_WITH_KNOTS('',1,(#6718,#6719),.UNSPECIFIED.,.F.,
  .F.,(2,2),(-36.85,-10.85),.PIECEWISE_BEZIER_KNOTS.);
#6718 = CARTESIAN_POINT('',(47.7,6.4));
#6719 = CARTESIAN_POINT('',(21.7,6.4));
#6720 = ( GEOMETRIC_REPRESENTATION_CONTEXT(2) 
PARAMETRIC_REPRESENTATION_CONTEXT() REPRESENTATION_CONTEXT('2D SPACE',''
  ) );
#6721 = PCURVE('',#6722,#6727);
#6722 = PLANE('',#6723);
#6723 = AXIS2_PLACEMENT_3D('',#6724,#6725,#6726);
#6724 = CARTESIAN_POINT('',(-28.3,9.4,0.5));
#6725 = DIRECTION('',(0.,1.,0.));
#6726 = DIRECTION('',(0.,0.,1.));
#6727 = DEFINITIONAL_REPRESENTATION('',(#6728),#6731);
#6728 = B_SPLINE_CURVE_WITH_KNOTS('',1,(#6729,#6730),.UNSPECIFIED.,.F.,
  .F.,(2,2),(-36.85,-10.85),.PIECEWISE_BEZIER_KNOTS.);
#6729 = CARTESIAN_POINT('',(2.5,26.));
#6730 = CARTESIAN_POINT('',(2.5,0.));
#6731 = ( GEOMETRIC_REPRESENTATION_CONTEXT(2) 
PARAMETRIC_REPRESENTATION_CONTEXT() REPRESENTATION_CONTEXT('2D SPACE',''
  ) );
#6732 = ORIENTED_EDGE('',*,*,#6733,.F.);
#6733 = EDGE_CURVE('',#6734,#6708,#6736,.T.);
#6734 = VERTEX_POINT('',#6735);
#6735 = CARTESIAN_POINT('',(-2.3,4.5,3.));
#6736 = SURFACE_CURVE('',#6737,(#6741,#6747),.PCURVE_S1.);
#6737 = LINE('',#6738,#6739);
#6738 = CARTESIAN_POINT('',(-2.3,3.75,3.));
#6739 = VECTOR('',#6740,1.);
#6740 = DIRECTION('',(0.,1.,0.));
#6741 = PCURVE('',#2081,#6742);
#6742 = DEFINITIONAL_REPRESENTATION('',(#6743),#6746);
#6743 = B_SPLINE_CURVE_WITH_KNOTS('',1,(#6744,#6745),.UNSPECIFIED.,.F.,
  .F.,(2,2),(0.75,5.65),.PIECEWISE_BEZIER_KNOTS.);
#6744 = CARTESIAN_POINT('',(47.7,1.5));
#6745 = CARTESIAN_POINT('',(47.7,6.4));
#6746 = ( GEOMETRIC_REPRESENTATION_CONTEXT(2) 
PARAMETRIC_REPRESENTATION_CONTEXT() REPRESENTATION_CONTEXT('2D SPACE',''
  ) );
#6747 = PCURVE('',#6748,#6753);
#6748 = PLANE('',#6749);
#6749 = AXIS2_PLACEMENT_3D('',#6750,#6751,#6752);
#6750 = CARTESIAN_POINT('',(-2.3,4.5,0.5));
#6751 = DIRECTION('',(1.,0.,0.));
#6752 = DIRECTION('',(0.,0.,1.));
#6753 = DEFINITIONAL_REPRESENTATION('',(#6754),#6757);
#6754 = B_SPLINE_CURVE_WITH_KNOTS('',1,(#6755,#6756),.UNSPECIFIED.,.F.,
  .F.,(2,2),(0.75,5.65),.PIECEWISE_BEZIER_KNOTS.);
#6755 = CARTESIAN_POINT('',(2.5,0.));
#6756 = CARTESIAN_POINT('',(2.5,-4.9));
#6757 = ( GEOMETRIC_REPRESENTATION_CONTEXT(2) 
PARAMETRIC_REPRESENTATION_CONTEXT() REPRESENTATION_CONTEXT('2D SPACE',''
  ) );
#6758 = ORIENTED_EDGE('',*,*,#6759,.T.);
#6759 = EDGE_CURVE('',#6734,#6760,#6762,.T.);
#6760 = VERTEX_POINT('',#6761);
#6761 = CARTESIAN_POINT('',(-28.3,4.5,3.));
#6762 = SURFACE_CURVE('',#6763,(#6767,#6773),.PCURVE_S1.);
#6763 = LINE('',#6764,#6765);
#6764 = CARTESIAN_POINT('',(-39.15,4.5,3.));
#6765 = VECTOR('',#6766,1.);
#6766 = DIRECTION('',(-1.,0.,0.));
#6767 = PCURVE('',#2081,#6768);
#6768 = DEFINITIONAL_REPRESENTATION('',(#6769),#6772);
#6769 = B_SPLINE_CURVE_WITH_KNOTS('',1,(#6770,#6771),.UNSPECIFIED.,.F.,
  .F.,(2,2),(-36.85,-10.85),.PIECEWISE_BEZIER_KNOTS.);
#6770 = CARTESIAN_POINT('',(47.7,1.5));
#6771 = CARTESIAN_POINT('',(21.7,1.5));
#6772 = ( GEOMETRIC_REPRESENTATION_CONTEXT(2) 
PARAMETRIC_REPRESENTATION_CONTEXT() REPRESENTATION_CONTEXT('2D SPACE',''
  ) );
#6773 = PCURVE('',#6774,#6779);
#6774 = PLANE('',#6775);
#6775 = AXIS2_PLACEMENT_3D('',#6776,#6777,#6778);
#6776 = CARTESIAN_POINT('',(-28.3,4.5,0.5));
#6777 = DIRECTION('',(0.,1.,0.));
#6778 = DIRECTION('',(0.,0.,1.));
#6779 = DEFINITIONAL_REPRESENTATION('',(#6780),#6783);
#6780 = B_SPLINE_CURVE_WITH_KNOTS('',1,(#6781,#6782),.UNSPECIFIED.,.F.,
  .F.,(2,2),(-36.85,-10.85),.PIECEWISE_BEZIER_KNOTS.);
#6781 = CARTESIAN_POINT('',(2.5,26.));
#6782 = CARTESIAN_POINT('',(2.5,0.));
#6783 = ( GEOMETRIC_REPRESENTATION_CONTEXT(2) 
PARAMETRIC_REPRESENTATION_CONTEXT() REPRESENTATION_CONTEXT('2D SPACE',''
  ) );
#6784 = ORIENTED_EDGE('',*,*,#6785,.T.);
#6785 = EDGE_CURVE('',#6760,#6786,#6788,.T.);
#6786 = VERTEX_POINT('',#6787);
#6787 = CARTESIAN_POINT('',(-28.3,9.4,3.));
#6788 = SURFACE_CURVE('',#6789,(#6793,#6799),.PCURVE_S1.);
#6789 = LINE('',#6790,#6791);
#6790 = CARTESIAN_POINT('',(-28.3,3.75,3.));
#6791 = VECTOR('',#6792,1.);
#6792 = DIRECTION('',(0.,1.,0.));
#6793 = PCURVE('',#2081,#6794);
#6794 = DEFINITIONAL_REPRESENTATION('',(#6795),#6798);
#6795 = B_SPLINE_CURVE_WITH_KNOTS('',1,(#6796,#6797),.UNSPECIFIED.,.F.,
  .F.,(2,2),(0.75,5.65),.PIECEWISE_BEZIER_KNOTS.);
#6796 = CARTESIAN_POINT('',(21.7,1.5));
#6797 = CARTESIAN_POINT('',(21.7,6.4));
#6798 = ( GEOMETRIC_REPRESENTATION_CONTEXT(2) 
PARAMETRIC_REPRESENTATION_CONTEXT() REPRESENTATION_CONTEXT('2D SPACE',''
  ) );
#6799 = PCURVE('',#6800,#6805);
#6800 = PLANE('',#6801);
#6801 = AXIS2_PLACEMENT_3D('',#6802,#6803,#6804);
#6802 = CARTESIAN_POINT('',(-28.3,4.5,0.5));
#6803 = DIRECTION('',(1.,0.,0.));
#6804 = DIRECTION('',(0.,0.,1.));
#6805 = DEFINITIONAL_REPRESENTATION('',(#6806),#6809);
#6806 = B_SPLINE_CURVE_WITH_KNOTS('',1,(#6807,#6808),.UNSPECIFIED.,.F.,
  .F.,(2,2),(0.75,5.65),.PIECEWISE_BEZIER_KNOTS.);
#6807 = CARTESIAN_POINT('',(2.5,0.));
#6808 = CARTESIAN_POINT('',(2.5,-4.9));
#6809 = ( GEOMETRIC_REPRESENTATION_CONTEXT(2) 
PARAMETRIC_REPRESENTATION_CONTEXT() REPRESENTATION_CONTEXT('2D SPACE',''
  ) );
#6810 = ORIENTED_EDGE('',*,*,#6811,.F.);
#6811 = EDGE_CURVE('',#6812,#6786,#6814,.T.);
#6812 = VERTEX_POINT('',#6813);
#6813 = CARTESIAN_POINT('',(-25.3,9.4,3.));
#6814 = SURFACE_CURVE('',#6815,(#6819,#6825),.PCURVE_S1.);
#6815 = LINE('',#6816,#6817);
#6816 = CARTESIAN_POINT('',(-39.15,9.4,3.));
#6817 = VECTOR('',#6818,1.);
#6818 = DIRECTION('',(-1.,0.,0.));
#6819 = PCURVE('',#2081,#6820);
#6820 = DEFINITIONAL_REPRESENTATION('',(#6821),#6824);
#6821 = B_SPLINE_CURVE_WITH_KNOTS('',1,(#6822,#6823),.UNSPECIFIED.,.F.,
  .F.,(2,2),(-36.85,-10.85),.PIECEWISE_BEZIER_KNOTS.);
#6822 = CARTESIAN_POINT('',(47.7,6.4));
#6823 = CARTESIAN_POINT('',(21.7,6.4));
#6824 = ( GEOMETRIC_REPRESENTATION_CONTEXT(2) 
PARAMETRIC_REPRESENTATION_CONTEXT() REPRESENTATION_CONTEXT('2D SPACE',''
  ) );
#6825 = PCURVE('',#6826,#6831);
#6826 = PLANE('',#6827);
#6827 = AXIS2_PLACEMENT_3D('',#6828,#6829,#6830);
#6828 = CARTESIAN_POINT('',(-28.3,9.4,0.5));
#6829 = DIRECTION('',(0.,1.,0.));
#6830 = DIRECTION('',(0.,0.,1.));
#6831 = DEFINITIONAL_REPRESENTATION('',(#6832),#6835);
#6832 = B_SPLINE_CURVE_WITH_KNOTS('',1,(#6833,#6834),.UNSPECIFIED.,.F.,
  .F.,(2,2),(-36.85,-10.85),.PIECEWISE_BEZIER_KNOTS.);
#6833 = CARTESIAN_POINT('',(2.5,26.));
#6834 = CARTESIAN_POINT('',(2.5,0.));
#6835 = ( GEOMETRIC_REPRESENTATION_CONTEXT(2) 
PARAMETRIC_REPRESENTATION_CONTEXT() REPRESENTATION_CONTEXT('2D SPACE',''
  ) );
#6836 = ORIENTED_EDGE('',*,*,#6837,.T.);
#6837 = EDGE_CURVE('',#6812,#6838,#6840,.T.);
#6838 = VERTEX_POINT('',#6839);
#6839 = CARTESIAN_POINT('',(-25.3,26.,3.));
#6840 = SURFACE_CURVE('',#6841,(#6845,#6851),.PCURVE_S1.);
#6841 = LINE('',#6842,#6843);
#6842 = CARTESIAN_POINT('',(-25.3,4.6,3.));
#6843 = VECTOR('',#6844,1.);
#6844 = DIRECTION('',(0.,1.,0.));
#6845 = PCURVE('',#2081,#6846);
#6846 = DEFINITIONAL_REPRESENTATION('',(#6847),#6850);
#6847 = B_SPLINE_CURVE_WITH_KNOTS('',1,(#6848,#6849),.UNSPECIFIED.,.F.,
  .F.,(2,2),(1.6,21.4),.PIECEWISE_BEZIER_KNOTS.);
#6848 = CARTESIAN_POINT('',(24.7,3.2));
#6849 = CARTESIAN_POINT('',(24.7,23.));
#6850 = ( GEOMETRIC_REPRESENTATION_CONTEXT(2) 
PARAMETRIC_REPRESENTATION_CONTEXT() REPRESENTATION_CONTEXT('2D SPACE',''
  ) );
#6851 = PCURVE('',#6852,#6857);
#6852 = PLANE('',#6853);
#6853 = AXIS2_PLACEMENT_3D('',#6854,#6855,#6856);
#6854 = CARTESIAN_POINT('',(-25.3,6.2,-1.));
#6855 = DIRECTION('',(1.,0.,0.));
#6856 = DIRECTION('',(0.,0.,1.));
#6857 = DEFINITIONAL_REPRESENTATION('',(#6858),#6861);
#6858 = B_SPLINE_CURVE_WITH_KNOTS('',1,(#6859,#6860),.UNSPECIFIED.,.F.,
  .F.,(2,2),(1.6,21.4),.PIECEWISE_BEZIER_KNOTS.);
#6859 = CARTESIAN_POINT('',(4.,0.));
#6860 = CARTESIAN_POINT('',(4.,-19.8));
#6861 = ( GEOMETRIC_REPRESENTATION_CONTEXT(2) 
PARAMETRIC_REPRESENTATION_CONTEXT() REPRESENTATION_CONTEXT('2D SPACE',''
  ) );
#6862 = ORIENTED_EDGE('',*,*,#6863,.F.);
#6863 = EDGE_CURVE('',#6682,#6838,#6864,.T.);
#6864 = SURFACE_CURVE('',#6865,(#6869,#6875),.PCURVE_S1.);
#6865 = LINE('',#6866,#6867);
#6866 = CARTESIAN_POINT('',(-37.65,26.,3.));
#6867 = VECTOR('',#6868,1.);
#6868 = DIRECTION('',(-1.,0.,0.));
#6869 = PCURVE('',#2081,#6870);
#6870 = DEFINITIONAL_REPRESENTATION('',(#6871),#6874);
#6871 = B_SPLINE_CURVE_WITH_KNOTS('',1,(#6872,#6873),.UNSPECIFIED.,.F.,
  .F.,(2,2),(-32.35,-12.35),.PIECEWISE_BEZIER_KNOTS.);
#6872 = CARTESIAN_POINT('',(44.7,23.));
#6873 = CARTESIAN_POINT('',(24.7,23.));
#6874 = ( GEOMETRIC_REPRESENTATION_CONTEXT(2) 
PARAMETRIC_REPRESENTATION_CONTEXT() REPRESENTATION_CONTEXT('2D SPACE',''
  ) );
#6875 = PCURVE('',#6876,#6881);
#6876 = PLANE('',#6877);
#6877 = AXIS2_PLACEMENT_3D('',#6878,#6879,#6880);
#6878 = CARTESIAN_POINT('',(-25.3,26.,-1.));
#6879 = DIRECTION('',(0.,1.,0.));
#6880 = DIRECTION('',(0.,0.,1.));
#6881 = DEFINITIONAL_REPRESENTATION('',(#6882),#6885);
#6882 = B_SPLINE_CURVE_WITH_KNOTS('',1,(#6883,#6884),.UNSPECIFIED.,.F.,
  .F.,(2,2),(-32.35,-12.35),.PIECEWISE_BEZIER_KNOTS.);
#6883 = CARTESIAN_POINT('',(4.,20.));
#6884 = CARTESIAN_POINT('',(4.,0.));
#6885 = ( GEOMETRIC_REPRESENTATION_CONTEXT(2) 
PARAMETRIC_REPRESENTATION_CONTEXT() REPRESENTATION_CONTEXT('2D SPACE',''
  ) );
#6886 = FACE_BOUND('',#6887,.T.);
#6887 = EDGE_LOOP('',(#6888,#6911,#6932,#6953));
#6888 = ORIENTED_EDGE('',*,*,#6889,.T.);
#6889 = EDGE_CURVE('',#6890,#6892,#6894,.T.);
#6890 = VERTEX_POINT('',#6891);
#6891 = CARTESIAN_POINT('',(-30.,22.5,3.));
#6892 = VERTEX_POINT('',#6893);
#6893 = CARTESIAN_POINT('',(-36.,22.5,3.));
#6894 = SURFACE_CURVE('',#6895,(#6899,#6905),.PCURVE_S1.);
#6895 = LINE('',#6896,#6897);
#6896 = CARTESIAN_POINT('',(-43.,22.5,3.));
#6897 = VECTOR('',#6898,1.);
#6898 = DIRECTION('',(-1.,0.,0.));
#6899 = PCURVE('',#2081,#6900);
#6900 = DEFINITIONAL_REPRESENTATION('',(#6901),#6904);
#6901 = B_SPLINE_CURVE_WITH_KNOTS('',1,(#6902,#6903),.UNSPECIFIED.,.F.,
  .F.,(2,2),(-13.,-7.),.PIECEWISE_BEZIER_KNOTS.);
#6902 = CARTESIAN_POINT('',(20.,19.5));
#6903 = CARTESIAN_POINT('',(14.,19.5));
#6904 = ( GEOMETRIC_REPRESENTATION_CONTEXT(2) 
PARAMETRIC_REPRESENTATION_CONTEXT() REPRESENTATION_CONTEXT('2D SPACE',''
  ) );
#6905 = PCURVE('',#2848,#6906);
#6906 = DEFINITIONAL_REPRESENTATION('',(#6907),#6910);
#6907 = B_SPLINE_CURVE_WITH_KNOTS('',1,(#6908,#6909),.UNSPECIFIED.,.F.,
  .F.,(2,2),(-13.,-7.),.PIECEWISE_BEZIER_KNOTS.);
#6908 = CARTESIAN_POINT('',(4.,6.));
#6909 = CARTESIAN_POINT('',(4.,0.));
#6910 = ( GEOMETRIC_REPRESENTATION_CONTEXT(2) 
PARAMETRIC_REPRESENTATION_CONTEXT() REPRESENTATION_CONTEXT('2D SPACE',''
  ) );
#6911 = ORIENTED_EDGE('',*,*,#6912,.T.);
#6912 = EDGE_CURVE('',#6892,#6913,#6915,.T.);
#6913 = VERTEX_POINT('',#6914);
#6914 = CARTESIAN_POINT('',(-36.,25.5,3.));
#6915 = SURFACE_CURVE('',#6916,(#6920,#6926),.PCURVE_S1.);
#6916 = LINE('',#6917,#6918);
#6917 = CARTESIAN_POINT('',(-36.,12.75,3.));
#6918 = VECTOR('',#6919,1.);
#6919 = DIRECTION('',(0.,1.,0.));
#6920 = PCURVE('',#2081,#6921);
#6921 = DEFINITIONAL_REPRESENTATION('',(#6922),#6925);
#6922 = B_SPLINE_CURVE_WITH_KNOTS('',1,(#6923,#6924),.UNSPECIFIED.,.F.,
  .F.,(2,2),(9.75,12.75),.PIECEWISE_BEZIER_KNOTS.);
#6923 = CARTESIAN_POINT('',(14.,19.5));
#6924 = CARTESIAN_POINT('',(14.,22.5));
#6925 = ( GEOMETRIC_REPRESENTATION_CONTEXT(2) 
PARAMETRIC_REPRESENTATION_CONTEXT() REPRESENTATION_CONTEXT('2D SPACE',''
  ) );
#6926 = PCURVE('',#2874,#6927);
#6927 = DEFINITIONAL_REPRESENTATION('',(#6928),#6931);
#6928 = B_SPLINE_CURVE_WITH_KNOTS('',1,(#6929,#6930),.UNSPECIFIED.,.F.,
  .F.,(2,2),(9.75,12.75),.PIECEWISE_BEZIER_KNOTS.);
#6929 = CARTESIAN_POINT('',(4.,0.));
#6930 = CARTESIAN_POINT('',(4.,-3.));
#6931 = ( GEOMETRIC_REPRESENTATION_CONTEXT(2) 
PARAMETRIC_REPRESENTATION_CONTEXT() REPRESENTATION_CONTEXT('2D SPACE',''
  ) );
#6932 = ORIENTED_EDGE('',*,*,#6933,.F.);
#6933 = EDGE_CURVE('',#6934,#6913,#6936,.T.);
#6934 = VERTEX_POINT('',#6935);
#6935 = CARTESIAN_POINT('',(-30.,25.5,3.));
#6936 = SURFACE_CURVE('',#6937,(#6941,#6947),.PCURVE_S1.);
#6937 = LINE('',#6938,#6939);
#6938 = CARTESIAN_POINT('',(-43.,25.5,3.));
#6939 = VECTOR('',#6940,1.);
#6940 = DIRECTION('',(-1.,0.,0.));
#6941 = PCURVE('',#2081,#6942);
#6942 = DEFINITIONAL_REPRESENTATION('',(#6943),#6946);
#6943 = B_SPLINE_CURVE_WITH_KNOTS('',1,(#6944,#6945),.UNSPECIFIED.,.F.,
  .F.,(2,2),(-13.,-7.),.PIECEWISE_BEZIER_KNOTS.);
#6944 = CARTESIAN_POINT('',(20.,22.5));
#6945 = CARTESIAN_POINT('',(14.,22.5));
#6946 = ( GEOMETRIC_REPRESENTATION_CONTEXT(2) 
PARAMETRIC_REPRESENTATION_CONTEXT() REPRESENTATION_CONTEXT('2D SPACE',''
  ) );
#6947 = PCURVE('',#2900,#6948);
#6948 = DEFINITIONAL_REPRESENTATION('',(#6949),#6952);
#6949 = B_SPLINE_CURVE_WITH_KNOTS('',1,(#6950,#6951),.UNSPECIFIED.,.F.,
  .F.,(2,2),(-13.,-7.),.PIECEWISE_BEZIER_KNOTS.);
#6950 = CARTESIAN_POINT('',(4.,6.));
#6951 = CARTESIAN_POINT('',(4.,0.));
#6952 = ( GEOMETRIC_REPRESENTATION_CONTEXT(2) 
PARAMETRIC_REPRESENTATION_CONTEXT() REPRESENTATION_CONTEXT('2D SPACE',''
  ) );
#6953 = ORIENTED_EDGE('',*,*,#6954,.F.);
#6954 = EDGE_CURVE('',#6890,#6934,#6955,.T.);
#6955 = SURFACE_CURVE('',#6956,(#6960,#6966),.PCURVE_S1.);
#6956 = LINE('',#6957,#6958);
#6957 = CARTESIAN_POINT('',(-30.,12.75,3.));
#6958 = VECTOR('',#6959,1.);
#6959 = DIRECTION('',(0.,1.,0.));
#6960 = PCURVE('',#2081,#6961);
#6961 = DEFINITIONAL_REPRESENTATION('',(#6962),#6965);
#6962 = B_SPLINE_CURVE_WITH_KNOTS('',1,(#6963,#6964),.UNSPECIFIED.,.F.,
  .F.,(2,2),(9.75,12.75),.PIECEWISE_BEZIER_KNOTS.);
#6963 = CARTESIAN_POINT('',(20.,19.5));
#6964 = CARTESIAN_POINT('',(20.,22.5));
#6965 = ( GEOMETRIC_REPRESENTATION_CONTEXT(2) 
PARAMETRIC_REPRESENTATION_CONTEXT() REPRESENTATION_CONTEXT('2D SPACE',''
  ) );
#6966 = PCURVE('',#2924,#6967);
#6967 = DEFINITIONAL_REPRESENTATION('',(#6968),#6971);
#6968 = B_SPLINE_CURVE_WITH_KNOTS('',1,(#6969,#6970),.UNSPECIFIED.,.F.,
  .F.,(2,2),(9.75,12.75),.PIECEWISE_BEZIER_KNOTS.);
#6969 = CARTESIAN_POINT('',(4.,0.));
#6970 = CARTESIAN_POINT('',(4.,-3.));
#6971 = ( GEOMETRIC_REPRESENTATION_CONTEXT(2) 
PARAMETRIC_REPRESENTATION_CONTEXT() REPRESENTATION_CONTEXT('2D SPACE',''
  ) );
#6972 = FACE_BOUND('',#6973,.T.);
#6973 = EDGE_LOOP('',(#6974,#7002,#7028,#7054,#7080,#7106,#7132,#7158));
#6974 = ORIENTED_EDGE('',*,*,#6975,.F.);
#6975 = EDGE_CURVE('',#6976,#6978,#6980,.T.);
#6976 = VERTEX_POINT('',#6977);
#6977 = CARTESIAN_POINT('',(25.3,9.4,3.));
#6978 = VERTEX_POINT('',#6979);
#6979 = CARTESIAN_POINT('',(25.3,26.,3.));
#6980 = SURFACE_CURVE('',#6981,(#6985,#6991),.PCURVE_S1.);
#6981 = LINE('',#6982,#6983);
#6982 = CARTESIAN_POINT('',(25.3,4.6,3.));
#6983 = VECTOR('',#6984,1.);
#6984 = DIRECTION('',(0.,1.,0.));
#6985 = PCURVE('',#2081,#6986);
#6986 = DEFINITIONAL_REPRESENTATION('',(#6987),#6990);
#6987 = B_SPLINE_CURVE_WITH_KNOTS('',1,(#6988,#6989),.UNSPECIFIED.,.F.,
  .F.,(2,2),(1.6,21.4),.PIECEWISE_BEZIER_KNOTS.);
#6988 = CARTESIAN_POINT('',(75.3,3.2));
#6989 = CARTESIAN_POINT('',(75.3,23.));
#6990 = ( GEOMETRIC_REPRESENTATION_CONTEXT(2) 
PARAMETRIC_REPRESENTATION_CONTEXT() REPRESENTATION_CONTEXT('2D SPACE',''
  ) );
#6991 = PCURVE('',#6992,#6997);
#6992 = PLANE('',#6993);
#6993 = AXIS2_PLACEMENT_3D('',#6994,#6995,#6996);
#6994 = CARTESIAN_POINT('',(25.3,6.2,-1.));
#6995 = DIRECTION('',(1.,0.,0.));
#6996 = DIRECTION('',(0.,0.,1.));
#6997 = DEFINITIONAL_REPRESENTATION('',(#6998),#7001);
#6998 = B_SPLINE_CURVE_WITH_KNOTS('',1,(#6999,#7000),.UNSPECIFIED.,.F.,
  .F.,(2,2),(1.6,21.4),.PIECEWISE_BEZIER_KNOTS.);
#6999 = CARTESIAN_POINT('',(4.,0.));
#7000 = CARTESIAN_POINT('',(4.,-19.8));
#7001 = ( GEOMETRIC_REPRESENTATION_CONTEXT(2) 
PARAMETRIC_REPRESENTATION_CONTEXT() REPRESENTATION_CONTEXT('2D SPACE',''
  ) );
#7002 = ORIENTED_EDGE('',*,*,#7003,.F.);
#7003 = EDGE_CURVE('',#7004,#6976,#7006,.T.);
#7004 = VERTEX_POINT('',#7005);
#7005 = CARTESIAN_POINT('',(28.3,9.4,3.));
#7006 = SURFACE_CURVE('',#7007,(#7011,#7017),.PCURVE_S1.);
#7007 = LINE('',#7008,#7009);
#7008 = CARTESIAN_POINT('',(-23.85,9.4,3.));
#7009 = VECTOR('',#7010,1.);
#7010 = DIRECTION('',(-1.,0.,0.));
#7011 = PCURVE('',#2081,#7012);
#7012 = DEFINITIONAL_REPRESENTATION('',(#7013),#7016);
#7013 = B_SPLINE_CURVE_WITH_KNOTS('',1,(#7014,#7015),.UNSPECIFIED.,.F.,
  .F.,(2,2),(-52.15,-26.15),.PIECEWISE_BEZIER_KNOTS.);
#7014 = CARTESIAN_POINT('',(78.3,6.4));
#7015 = CARTESIAN_POINT('',(52.3,6.4));
#7016 = ( GEOMETRIC_REPRESENTATION_CONTEXT(2) 
PARAMETRIC_REPRESENTATION_CONTEXT() REPRESENTATION_CONTEXT('2D SPACE',''
  ) );
#7017 = PCURVE('',#7018,#7023);
#7018 = PLANE('',#7019);
#7019 = AXIS2_PLACEMENT_3D('',#7020,#7021,#7022);
#7020 = CARTESIAN_POINT('',(2.3,9.4,0.5));
#7021 = DIRECTION('',(0.,1.,0.));
#7022 = DIRECTION('',(0.,0.,1.));
#7023 = DEFINITIONAL_REPRESENTATION('',(#7024),#7027);
#7024 = B_SPLINE_CURVE_WITH_KNOTS('',1,(#7025,#7026),.UNSPECIFIED.,.F.,
  .F.,(2,2),(-52.15,-26.15),.PIECEWISE_BEZIER_KNOTS.);
#7025 = CARTESIAN_POINT('',(2.5,26.));
#7026 = CARTESIAN_POINT('',(2.5,0.));
#7027 = ( GEOMETRIC_REPRESENTATION_CONTEXT(2) 
PARAMETRIC_REPRESENTATION_CONTEXT() REPRESENTATION_CONTEXT('2D SPACE',''
  ) );
#7028 = ORIENTED_EDGE('',*,*,#7029,.F.);
#7029 = EDGE_CURVE('',#7030,#7004,#7032,.T.);
#7030 = VERTEX_POINT('',#7031);
#7031 = CARTESIAN_POINT('',(28.3,4.5,3.));
#7032 = SURFACE_CURVE('',#7033,(#7037,#7043),.PCURVE_S1.);
#7033 = LINE('',#7034,#7035);
#7034 = CARTESIAN_POINT('',(28.3,3.75,3.));
#7035 = VECTOR('',#7036,1.);
#7036 = DIRECTION('',(0.,1.,0.));
#7037 = PCURVE('',#2081,#7038);
#7038 = DEFINITIONAL_REPRESENTATION('',(#7039),#7042);
#7039 = B_SPLINE_CURVE_WITH_KNOTS('',1,(#7040,#7041),.UNSPECIFIED.,.F.,
  .F.,(2,2),(0.75,5.65),.PIECEWISE_BEZIER_KNOTS.);
#7040 = CARTESIAN_POINT('',(78.3,1.5));
#7041 = CARTESIAN_POINT('',(78.3,6.4));
#7042 = ( GEOMETRIC_REPRESENTATION_CONTEXT(2) 
PARAMETRIC_REPRESENTATION_CONTEXT() REPRESENTATION_CONTEXT('2D SPACE',''
  ) );
#7043 = PCURVE('',#7044,#7049);
#7044 = PLANE('',#7045);
#7045 = AXIS2_PLACEMENT_3D('',#7046,#7047,#7048);
#7046 = CARTESIAN_POINT('',(28.3,4.5,0.5));
#7047 = DIRECTION('',(1.,0.,0.));
#7048 = DIRECTION('',(0.,0.,1.));
#7049 = DEFINITIONAL_REPRESENTATION('',(#7050),#7053);
#7050 = B_SPLINE_CURVE_WITH_KNOTS('',1,(#7051,#7052),.UNSPECIFIED.,.F.,
  .F.,(2,2),(0.75,5.65),.PIECEWISE_BEZIER_KNOTS.);
#7051 = CARTESIAN_POINT('',(2.5,0.));
#7052 = CARTESIAN_POINT('',(2.5,-4.9));
#7053 = ( GEOMETRIC_REPRESENTATION_CONTEXT(2) 
PARAMETRIC_REPRESENTATION_CONTEXT() REPRESENTATION_CONTEXT('2D SPACE',''
  ) );
#7054 = ORIENTED_EDGE('',*,*,#7055,.T.);
#7055 = EDGE_CURVE('',#7030,#7056,#7058,.T.);
#7056 = VERTEX_POINT('',#7057);
#7057 = CARTESIAN_POINT('',(2.3,4.5,3.));
#7058 = SURFACE_CURVE('',#7059,(#7063,#7069),.PCURVE_S1.);
#7059 = LINE('',#7060,#7061);
#7060 = CARTESIAN_POINT('',(-23.85,4.5,3.));
#7061 = VECTOR('',#7062,1.);
#7062 = DIRECTION('',(-1.,0.,0.));
#7063 = PCURVE('',#2081,#7064);
#7064 = DEFINITIONAL_REPRESENTATION('',(#7065),#7068);
#7065 = B_SPLINE_CURVE_WITH_KNOTS('',1,(#7066,#7067),.UNSPECIFIED.,.F.,
  .F.,(2,2),(-52.15,-26.15),.PIECEWISE_BEZIER_KNOTS.);
#7066 = CARTESIAN_POINT('',(78.3,1.5));
#7067 = CARTESIAN_POINT('',(52.3,1.5));
#7068 = ( GEOMETRIC_REPRESENTATION_CONTEXT(2) 
PARAMETRIC_REPRESENTATION_CONTEXT() REPRESENTATION_CONTEXT('2D SPACE',''
  ) );
#7069 = PCURVE('',#7070,#7075);
#7070 = PLANE('',#7071);
#7071 = AXIS2_PLACEMENT_3D('',#7072,#7073,#7074);
#7072 = CARTESIAN_POINT('',(2.3,4.5,0.5));
#7073 = DIRECTION('',(0.,1.,0.));
#7074 = DIRECTION('',(0.,0.,1.));
#7075 = DEFINITIONAL_REPRESENTATION('',(#7076),#7079);
#7076 = B_SPLINE_CURVE_WITH_KNOTS('',1,(#7077,#7078),.UNSPECIFIED.,.F.,
  .F.,(2,2),(-52.15,-26.15),.PIECEWISE_BEZIER_KNOTS.);
#7077 = CARTESIAN_POINT('',(2.5,26.));
#7078 = CARTESIAN_POINT('',(2.5,0.));
#7079 = ( GEOMETRIC_REPRESENTATION_CONTEXT(2) 
PARAMETRIC_REPRESENTATION_CONTEXT() REPRESENTATION_CONTEXT('2D SPACE',''
  ) );
#7080 = ORIENTED_EDGE('',*,*,#7081,.T.);
#7081 = EDGE_CURVE('',#7056,#7082,#7084,.T.);
#7082 = VERTEX_POINT('',#7083);
#7083 = CARTESIAN_POINT('',(2.3,9.4,3.));
#7084 = SURFACE_CURVE('',#7085,(#7089,#7095),.PCURVE_S1.);
#7085 = LINE('',#7086,#7087);
#7086 = CARTESIAN_POINT('',(2.3,3.75,3.));
#7087 = VECTOR('',#7088,1.);
#7088 = DIRECTION('',(0.,1.,0.));
#7089 = PCURVE('',#2081,#7090);
#7090 = DEFINITIONAL_REPRESENTATION('',(#7091),#7094);
#7091 = B_SPLINE_CURVE_WITH_KNOTS('',1,(#7092,#7093),.UNSPECIFIED.,.F.,
  .F.,(2,2),(0.75,5.65),.PIECEWISE_BEZIER_KNOTS.);
#7092 = CARTESIAN_POINT('',(52.3,1.5));
#7093 = CARTESIAN_POINT('',(52.3,6.4));
#7094 = ( GEOMETRIC_REPRESENTATION_CONTEXT(2) 
PARAMETRIC_REPRESENTATION_CONTEXT() REPRESENTATION_CONTEXT('2D SPACE',''
  ) );
#7095 = PCURVE('',#7096,#7101);
#7096 = PLANE('',#7097);
#7097 = AXIS2_PLACEMENT_3D('',#7098,#7099,#7100);
#7098 = CARTESIAN_POINT('',(2.3,4.5,0.5));
#7099 = DIRECTION('',(1.,0.,0.));
#7100 = DIRECTION('',(0.,0.,1.));
#7101 = DEFINITIONAL_REPRESENTATION('',(#7102),#7105);
#7102 = B_SPLINE_CURVE_WITH_KNOTS('',1,(#7103,#7104),.UNSPECIFIED.,.F.,
  .F.,(2,2),(0.75,5.65),.PIECEWISE_BEZIER_KNOTS.);
#7103 = CARTESIAN_POINT('',(2.5,0.));
#7104 = CARTESIAN_POINT('',(2.5,-4.9));
#7105 = ( GEOMETRIC_REPRESENTATION_CONTEXT(2) 
PARAMETRIC_REPRESENTATION_CONTEXT() REPRESENTATION_CONTEXT('2D SPACE',''
  ) );
#7106 = ORIENTED_EDGE('',*,*,#7107,.F.);
#7107 = EDGE_CURVE('',#7108,#7082,#7110,.T.);
#7108 = VERTEX_POINT('',#7109);
#7109 = CARTESIAN_POINT('',(5.3,9.4,3.));
#7110 = SURFACE_CURVE('',#7111,(#7115,#7121),.PCURVE_S1.);
#7111 = LINE('',#7112,#7113);
#7112 = CARTESIAN_POINT('',(-23.85,9.4,3.));
#7113 = VECTOR('',#7114,1.);
#7114 = DIRECTION('',(-1.,0.,0.));
#7115 = PCURVE('',#2081,#7116);
#7116 = DEFINITIONAL_REPRESENTATION('',(#7117),#7120);
#7117 = B_SPLINE_CURVE_WITH_KNOTS('',1,(#7118,#7119),.UNSPECIFIED.,.F.,
  .F.,(2,2),(-52.15,-26.15),.PIECEWISE_BEZIER_KNOTS.);
#7118 = CARTESIAN_POINT('',(78.3,6.4));
#7119 = CARTESIAN_POINT('',(52.3,6.4));
#7120 = ( GEOMETRIC_REPRESENTATION_CONTEXT(2) 
PARAMETRIC_REPRESENTATION_CONTEXT() REPRESENTATION_CONTEXT('2D SPACE',''
  ) );
#7121 = PCURVE('',#7122,#7127);
#7122 = PLANE('',#7123);
#7123 = AXIS2_PLACEMENT_3D('',#7124,#7125,#7126);
#7124 = CARTESIAN_POINT('',(2.3,9.4,0.5));
#7125 = DIRECTION('',(0.,1.,0.));
#7126 = DIRECTION('',(0.,0.,1.));
#7127 = DEFINITIONAL_REPRESENTATION('',(#7128),#7131);
#7128 = B_SPLINE_CURVE_WITH_KNOTS('',1,(#7129,#7130),.UNSPECIFIED.,.F.,
  .F.,(2,2),(-52.15,-26.15),.PIECEWISE_BEZIER_KNOTS.);
#7129 = CARTESIAN_POINT('',(2.5,26.));
#7130 = CARTESIAN_POINT('',(2.5,0.));
#7131 = ( GEOMETRIC_REPRESENTATION_CONTEXT(2) 
PARAMETRIC_REPRESENTATION_CONTEXT() REPRESENTATION_CONTEXT('2D SPACE',''
  ) );
#7132 = ORIENTED_EDGE('',*,*,#7133,.T.);
#7133 = EDGE_CURVE('',#7108,#7134,#7136,.T.);
#7134 = VERTEX_POINT('',#7135);
#7135 = CARTESIAN_POINT('',(5.3,26.,3.));
#7136 = SURFACE_CURVE('',#7137,(#7141,#7147),.PCURVE_S1.);
#7137 = LINE('',#7138,#7139);
#7138 = CARTESIAN_POINT('',(5.3,4.6,3.));
#7139 = VECTOR('',#7140,1.);
#7140 = DIRECTION('',(0.,1.,0.));
#7141 = PCURVE('',#2081,#7142);
#7142 = DEFINITIONAL_REPRESENTATION('',(#7143),#7146);
#7143 = B_SPLINE_CURVE_WITH_KNOTS('',1,(#7144,#7145),.UNSPECIFIED.,.F.,
  .F.,(2,2),(1.6,21.4),.PIECEWISE_BEZIER_KNOTS.);
#7144 = CARTESIAN_POINT('',(55.3,3.2));
#7145 = CARTESIAN_POINT('',(55.3,23.));
#7146 = ( GEOMETRIC_REPRESENTATION_CONTEXT(2) 
PARAMETRIC_REPRESENTATION_CONTEXT() REPRESENTATION_CONTEXT('2D SPACE',''
  ) );
#7147 = PCURVE('',#7148,#7153);
#7148 = PLANE('',#7149);
#7149 = AXIS2_PLACEMENT_3D('',#7150,#7151,#7152);
#7150 = CARTESIAN_POINT('',(5.3,6.2,-1.));
#7151 = DIRECTION('',(1.,0.,0.));
#7152 = DIRECTION('',(0.,0.,1.));
#7153 = DEFINITIONAL_REPRESENTATION('',(#7154),#7157);
#7154 = B_SPLINE_CURVE_WITH_KNOTS('',1,(#7155,#7156),.UNSPECIFIED.,.F.,
  .F.,(2,2),(1.6,21.4),.PIECEWISE_BEZIER_KNOTS.);
#7155 = CARTESIAN_POINT('',(4.,0.));
#7156 = CARTESIAN_POINT('',(4.,-19.8));
#7157 = ( GEOMETRIC_REPRESENTATION_CONTEXT(2) 
PARAMETRIC_REPRESENTATION_CONTEXT() REPRESENTATION_CONTEXT('2D SPACE',''
  ) );
#7158 = ORIENTED_EDGE('',*,*,#7159,.F.);
#7159 = EDGE_CURVE('',#6978,#7134,#7160,.T.);
#7160 = SURFACE_CURVE('',#7161,(#7165,#7171),.PCURVE_S1.);
#7161 = LINE('',#7162,#7163);
#7162 = CARTESIAN_POINT('',(-22.35,26.,3.));
#7163 = VECTOR('',#7164,1.);
#7164 = DIRECTION('',(-1.,0.,0.));
#7165 = PCURVE('',#2081,#7166);
#7166 = DEFINITIONAL_REPRESENTATION('',(#7167),#7170);
#7167 = B_SPLINE_CURVE_WITH_KNOTS('',1,(#7168,#7169),.UNSPECIFIED.,.F.,
  .F.,(2,2),(-47.65,-27.65),.PIECEWISE_BEZIER_KNOTS.);
#7168 = CARTESIAN_POINT('',(75.3,23.));
#7169 = CARTESIAN_POINT('',(55.3,23.));
#7170 = ( GEOMETRIC_REPRESENTATION_CONTEXT(2) 
PARAMETRIC_REPRESENTATION_CONTEXT() REPRESENTATION_CONTEXT('2D SPACE',''
  ) );
#7171 = PCURVE('',#7172,#7177);
#7172 = PLANE('',#7173);
#7173 = AXIS2_PLACEMENT_3D('',#7174,#7175,#7176);
#7174 = CARTESIAN_POINT('',(5.3,26.,-1.));
#7175 = DIRECTION('',(0.,1.,0.));
#7176 = DIRECTION('',(0.,0.,1.));
#7177 = DEFINITIONAL_REPRESENTATION('',(#7178),#7181);
#7178 = B_SPLINE_CURVE_WITH_KNOTS('',1,(#7179,#7180),.UNSPECIFIED.,.F.,
  .F.,(2,2),(-47.65,-27.65),.PIECEWISE_BEZIER_KNOTS.);
#7179 = CARTESIAN_POINT('',(4.,20.));
#7180 = CARTESIAN_POINT('',(4.,0.));
#7181 = ( GEOMETRIC_REPRESENTATION_CONTEXT(2) 
PARAMETRIC_REPRESENTATION_CONTEXT() REPRESENTATION_CONTEXT('2D SPACE',''
  ) );
#7182 = FACE_BOUND('',#7183,.T.);
#7183 = EDGE_LOOP('',(#7184));
#7184 = ORIENTED_EDGE('',*,*,#7185,.T.);
#7185 = EDGE_CURVE('',#7186,#7186,#7188,.T.);
#7186 = VERTEX_POINT('',#7187);
#7187 = CARTESIAN_POINT('',(38.,16.,3.));
#7188 = SURFACE_CURVE('',#7189,(#7194,#7205),.PCURVE_S1.);
#7189 = CIRCLE('',#7190,5.);
#7190 = AXIS2_PLACEMENT_3D('',#7191,#7192,#7193);
#7191 = CARTESIAN_POINT('',(33.,16.,3.));
#7192 = DIRECTION('',(0.,0.,-1.));
#7193 = DIRECTION('',(1.,0.,0.));
#7194 = PCURVE('',#2081,#7195);
#7195 = DEFINITIONAL_REPRESENTATION('',(#7196),#7204);
#7196 = ( BOUNDED_CURVE() B_SPLINE_CURVE(2,(#7197,#7198,#7199,#7200,
#7201,#7202,#7203),.UNSPECIFIED.,.T.,.F.) B_SPLINE_CURVE_WITH_KNOTS((1,2
    ,2,2,2,1),(-2.094395102393,0.,2.094395102393,4.188790204786,
6.28318530718,8.377580409573),.UNSPECIFIED.) CURVE() 
GEOMETRIC_REPRESENTATION_ITEM() RATIONAL_B_SPLINE_CURVE((1.,0.5,1.,0.5,
1.,0.5,1.)) REPRESENTATION_ITEM('') );
#7197 = CARTESIAN_POINT('',(88.,13.));
#7198 = CARTESIAN_POINT('',(88.,4.339745962156));
#7199 = CARTESIAN_POINT('',(80.5,8.669872981078));
#7200 = CARTESIAN_POINT('',(73.,13.));
#7201 = CARTESIAN_POINT('',(80.5,17.330127018922));
#7202 = CARTESIAN_POINT('',(88.,21.660254037844));
#7203 = CARTESIAN_POINT('',(88.,13.));
#7204 = ( GEOMETRIC_REPRESENTATION_CONTEXT(2) 
PARAMETRIC_REPRESENTATION_CONTEXT() REPRESENTATION_CONTEXT('2D SPACE',''
  ) );
#7205 = PCURVE('',#7206,#7211);
#7206 = CYLINDRICAL_SURFACE('',#7207,5.);
#7207 = AXIS2_PLACEMENT_3D('',#7208,#7209,#7210);
#7208 = CARTESIAN_POINT('',(33.,16.,-1.));
#7209 = DIRECTION('',(-0.,-0.,-1.));
#7210 = DIRECTION('',(1.,0.,0.));
#7211 = DEFINITIONAL_REPRESENTATION('',(#7212),#7216);
#7212 = LINE('',#7213,#7214);
#7213 = CARTESIAN_POINT('',(-6.28318530718,-4.));
#7214 = VECTOR('',#7215,1.);
#7215 = DIRECTION('',(1.,-0.));
#7216 = ( GEOMETRIC_REPRESENTATION_CONTEXT(2) 
PARAMETRIC_REPRESENTATION_CONTEXT() REPRESENTATION_CONTEXT('2D SPACE',''
  ) );
#7217 = FACE_BOUND('',#7218,.T.);
#7218 = EDGE_LOOP('',(#7219,#7242,#7263,#7284));
#7219 = ORIENTED_EDGE('',*,*,#7220,.T.);
#7220 = EDGE_CURVE('',#7221,#7223,#7225,.T.);
#7221 = VERTEX_POINT('',#7222);
#7222 = CARTESIAN_POINT('',(36.,22.5,3.));
#7223 = VERTEX_POINT('',#7224);
#7224 = CARTESIAN_POINT('',(30.,22.5,3.));
#7225 = SURFACE_CURVE('',#7226,(#7230,#7236),.PCURVE_S1.);
#7226 = LINE('',#7227,#7228);
#7227 = CARTESIAN_POINT('',(-10.,22.5,3.));
#7228 = VECTOR('',#7229,1.);
#7229 = DIRECTION('',(-1.,0.,0.));
#7230 = PCURVE('',#2081,#7231);
#7231 = DEFINITIONAL_REPRESENTATION('',(#7232),#7235);
#7232 = B_SPLINE_CURVE_WITH_KNOTS('',1,(#7233,#7234),.UNSPECIFIED.,.F.,
  .F.,(2,2),(-46.,-40.),.PIECEWISE_BEZIER_KNOTS.);
#7233 = CARTESIAN_POINT('',(86.,19.5));
#7234 = CARTESIAN_POINT('',(80.,19.5));
#7235 = ( GEOMETRIC_REPRESENTATION_CONTEXT(2) 
PARAMETRIC_REPRESENTATION_CONTEXT() REPRESENTATION_CONTEXT('2D SPACE',''
  ) );
#7236 = PCURVE('',#2954,#7237);
#7237 = DEFINITIONAL_REPRESENTATION('',(#7238),#7241);
#7238 = B_SPLINE_CURVE_WITH_KNOTS('',1,(#7239,#7240),.UNSPECIFIED.,.F.,
  .F.,(2,2),(-46.,-40.),.PIECEWISE_BEZIER_KNOTS.);
#7239 = CARTESIAN_POINT('',(4.,6.));
#7240 = CARTESIAN_POINT('',(4.,0.));
#7241 = ( GEOMETRIC_REPRESENTATION_CONTEXT(2) 
PARAMETRIC_REPRESENTATION_CONTEXT() REPRESENTATION_CONTEXT('2D SPACE',''
  ) );
#7242 = ORIENTED_EDGE('',*,*,#7243,.T.);
#7243 = EDGE_CURVE('',#7223,#7244,#7246,.T.);
#7244 = VERTEX_POINT('',#7245);
#7245 = CARTESIAN_POINT('',(30.,25.5,3.));
#7246 = SURFACE_CURVE('',#7247,(#7251,#7257),.PCURVE_S1.);
#7247 = LINE('',#7248,#7249);
#7248 = CARTESIAN_POINT('',(30.,12.75,3.));
#7249 = VECTOR('',#7250,1.);
#7250 = DIRECTION('',(0.,1.,0.));
#7251 = PCURVE('',#2081,#7252);
#7252 = DEFINITIONAL_REPRESENTATION('',(#7253),#7256);
#7253 = B_SPLINE_CURVE_WITH_KNOTS('',1,(#7254,#7255),.UNSPECIFIED.,.F.,
  .F.,(2,2),(9.75,12.75),.PIECEWISE_BEZIER_KNOTS.);
#7254 = CARTESIAN_POINT('',(80.,19.5));
#7255 = CARTESIAN_POINT('',(80.,22.5));
#7256 = ( GEOMETRIC_REPRESENTATION_CONTEXT(2) 
PARAMETRIC_REPRESENTATION_CONTEXT() REPRESENTATION_CONTEXT('2D SPACE',''
  ) );
#7257 = PCURVE('',#2980,#7258);
#7258 = DEFINITIONAL_REPRESENTATION('',(#7259),#7262);
#7259 = B_SPLINE_CURVE_WITH_KNOTS('',1,(#7260,#7261),.UNSPECIFIED.,.F.,
  .F.,(2,2),(9.75,12.75),.PIECEWISE_BEZIER_KNOTS.);
#7260 = CARTESIAN_POINT('',(4.,0.));
#7261 = CARTESIAN_POINT('',(4.,-3.));
#7262 = ( GEOMETRIC_REPRESENTATION_CONTEXT(2) 
PARAMETRIC_REPRESENTATION_CONTEXT() REPRESENTATION_CONTEXT('2D SPACE',''
  ) );
#7263 = ORIENTED_EDGE('',*,*,#7264,.F.);
#7264 = EDGE_CURVE('',#7265,#7244,#7267,.T.);
#7265 = VERTEX_POINT('',#7266);
#7266 = CARTESIAN_POINT('',(36.,25.5,3.));
#7267 = SURFACE_CURVE('',#7268,(#7272,#7278),.PCURVE_S1.);
#7268 = LINE('',#7269,#7270);
#7269 = CARTESIAN_POINT('',(-10.,25.5,3.));
#7270 = VECTOR('',#7271,1.);
#7271 = DIRECTION('',(-1.,0.,0.));
#7272 = PCURVE('',#2081,#7273);
#7273 = DEFINITIONAL_REPRESENTATION('',(#7274),#7277);
#7274 = B_SPLINE_CURVE_WITH_KNOTS('',1,(#7275,#7276),.UNSPECIFIED.,.F.,
  .F.,(2,2),(-46.,-40.),.PIECEWISE_BEZIER_KNOTS.);
#7275 = CARTESIAN_POINT('',(86.,22.5));
#7276 = CARTESIAN_POINT('',(80.,22.5));
#7277 = ( GEOMETRIC_REPRESENTATION_CONTEXT(2) 
PARAMETRIC_REPRESENTATION_CONTEXT() REPRESENTATION_CONTEXT('2D SPACE',''
  ) );
#7278 = PCURVE('',#3006,#7279);
#7279 = DEFINITIONAL_REPRESENTATION('',(#7280),#7283);
#7280 = B_SPLINE_CURVE_WITH_KNOTS('',1,(#7281,#7282),.UNSPECIFIED.,.F.,
  .F.,(2,2),(-46.,-40.),.PIECEWISE_BEZIER_KNOTS.);
#7281 = CARTESIAN_POINT('',(4.,6.));
#7282 = CARTESIAN_POINT('',(4.,0.));
#7283 = ( GEOMETRIC_REPRESENTATION_CONTEXT(2) 
PARAMETRIC_REPRESENTATION_CONTEXT() REPRESENTATION_CONTEXT('2D SPACE',''
  ) );
#7284 = ORIENTED_EDGE('',*,*,#7285,.F.);
#7285 = EDGE_CURVE('',#7221,#7265,#7286,.T.);
#7286 = SURFACE_CURVE('',#7287,(#7291,#7297),.PCURVE_S1.);
#7287 = LINE('',#7288,#7289);
#7288 = CARTESIAN_POINT('',(36.,12.75,3.));
#7289 = VECTOR('',#7290,1.);
#7290 = DIRECTION('',(0.,1.,0.));
#7291 = PCURVE('',#2081,#7292);
#7292 = DEFINITIONAL_REPRESENTATION('',(#7293),#7296);
#7293 = B_SPLINE_CURVE_WITH_KNOTS('',1,(#7294,#7295),.UNSPECIFIED.,.F.,
  .F.,(2,2),(9.75,12.75),.PIECEWISE_BEZIER_KNOTS.);
#7294 = CARTESIAN_POINT('',(86.,19.5));
#7295 = CARTESIAN_POINT('',(86.,22.5));
#7296 = ( GEOMETRIC_REPRESENTATION_CONTEXT(2) 
PARAMETRIC_REPRESENTATION_CONTEXT() REPRESENTATION_CONTEXT('2D SPACE',''
  ) );
#7297 = PCURVE('',#3030,#7298);
#7298 = DEFINITIONAL_REPRESENTATION('',(#7299),#7302);
#7299 = B_SPLINE_CURVE_WITH_KNOTS('',1,(#7300,#7301),.UNSPECIFIED.,.F.,
  .F.,(2,2),(9.75,12.75),.PIECEWISE_BEZIER_KNOTS.);
#7300 = CARTESIAN_POINT('',(4.,0.));
#7301 = CARTESIAN_POINT('',(4.,-3.));
#7302 = ( GEOMETRIC_REPRESENTATION_CONTEXT(2) 
PARAMETRIC_REPRESENTATION_CONTEXT() REPRESENTATION_CONTEXT('2D SPACE',''
  ) );
#7303 = ADVANCED_FACE('',(#7304),#2252,.F.);
#7304 = FACE_BOUND('',#7305,.F.);
#7305 = EDGE_LOOP('',(#7306,#7330,#7351,#7352));
#7306 = ORIENTED_EDGE('',*,*,#7307,.F.);
#7307 = EDGE_CURVE('',#7308,#7308,#7310,.T.);
#7308 = VERTEX_POINT('',#7309);
#7309 = CARTESIAN_POINT('',(47.25,3.39,58.));
#7310 = SURFACE_CURVE('',#7311,(#7316,#7323),.PCURVE_S1.);
#7311 = CIRCLE('',#7312,2.25);
#7312 = AXIS2_PLACEMENT_3D('',#7313,#7314,#7315);
#7313 = CARTESIAN_POINT('',(45.,3.39,58.));
#7314 = DIRECTION('',(0.,-1.,0.));
#7315 = DIRECTION('',(1.,0.,0.));
#7316 = PCURVE('',#2252,#7317);
#7317 = DEFINITIONAL_REPRESENTATION('',(#7318),#7322);
#7318 = LINE('',#7319,#7320);
#7319 = CARTESIAN_POINT('',(0.,-4.39));
#7320 = VECTOR('',#7321,1.);
#7321 = DIRECTION('',(1.,0.));
#7322 = ( GEOMETRIC_REPRESENTATION_CONTEXT(2) 
PARAMETRIC_REPRESENTATION_CONTEXT() REPRESENTATION_CONTEXT('2D SPACE',''
  ) );
#7323 = PCURVE('',#5360,#7324);
#7324 = DEFINITIONAL_REPRESENTATION('',(#7325),#7329);
#7325 = CIRCLE('',#7326,2.25);
#7326 = AXIS2_PLACEMENT_2D('',#7327,#7328);
#7327 = CARTESIAN_POINT('',(-7.105427357601E-15,-7.105427357601E-15));
#7328 = DIRECTION('',(0.,1.));
#7329 = ( GEOMETRIC_REPRESENTATION_CONTEXT(2) 
PARAMETRIC_REPRESENTATION_CONTEXT() REPRESENTATION_CONTEXT('2D SPACE',''
  ) );
#7330 = ORIENTED_EDGE('',*,*,#7331,.T.);
#7331 = EDGE_CURVE('',#7308,#2232,#7332,.T.);
#7332 = SEAM_CURVE('',#7333,(#7337,#7344),.PCURVE_S1.);
#7333 = LINE('',#7334,#7335);
#7334 = CARTESIAN_POINT('',(47.25,-1.,58.));
#7335 = VECTOR('',#7336,1.);
#7336 = DIRECTION('',(-0.,1.,-0.));
#7337 = PCURVE('',#2252,#7338);
#7338 = DEFINITIONAL_REPRESENTATION('',(#7339),#7343);
#7339 = LINE('',#7340,#7341);
#7340 = CARTESIAN_POINT('',(6.28318530718,0.));
#7341 = VECTOR('',#7342,1.);
#7342 = DIRECTION('',(0.,-1.));
#7343 = ( GEOMETRIC_REPRESENTATION_CONTEXT(2) 
PARAMETRIC_REPRESENTATION_CONTEXT() REPRESENTATION_CONTEXT('2D SPACE',''
  ) );
#7344 = PCURVE('',#2252,#7345);
#7345 = DEFINITIONAL_REPRESENTATION('',(#7346),#7350);
#7346 = LINE('',#7347,#7348);
#7347 = CARTESIAN_POINT('',(0.,0.));
#7348 = VECTOR('',#7349,1.);
#7349 = DIRECTION('',(0.,-1.));
#7350 = ( GEOMETRIC_REPRESENTATION_CONTEXT(2) 
PARAMETRIC_REPRESENTATION_CONTEXT() REPRESENTATION_CONTEXT('2D SPACE',''
  ) );
#7351 = ORIENTED_EDGE('',*,*,#2231,.T.);
#7352 = ORIENTED_EDGE('',*,*,#7331,.F.);
#7353 = ADVANCED_FACE('',(#7354),#2310,.T.);
#7354 = FACE_BOUND('',#7355,.T.);
#7355 = EDGE_LOOP('',(#7356,#7377,#7378,#7399));
#7356 = ORIENTED_EDGE('',*,*,#7357,.F.);
#7357 = EDGE_CURVE('',#2294,#6473,#7358,.T.);
#7358 = SURFACE_CURVE('',#7359,(#7363,#7370),.PCURVE_S1.);
#7359 = LINE('',#7360,#7361);
#7360 = CARTESIAN_POINT('',(-30.,6.5,-1.));
#7361 = VECTOR('',#7362,1.);
#7362 = DIRECTION('',(0.,0.,1.));
#7363 = PCURVE('',#2310,#7364);
#7364 = DEFINITIONAL_REPRESENTATION('',(#7365),#7369);
#7365 = LINE('',#7366,#7367);
#7366 = CARTESIAN_POINT('',(0.,6.));
#7367 = VECTOR('',#7368,1.);
#7368 = DIRECTION('',(1.,0.));
#7369 = ( GEOMETRIC_REPRESENTATION_CONTEXT(2) 
PARAMETRIC_REPRESENTATION_CONTEXT() REPRESENTATION_CONTEXT('2D SPACE',''
  ) );
#7370 = PCURVE('',#2386,#7371);
#7371 = DEFINITIONAL_REPRESENTATION('',(#7372),#7376);
#7372 = LINE('',#7373,#7374);
#7373 = CARTESIAN_POINT('',(0.,0.));
#7374 = VECTOR('',#7375,1.);
#7375 = DIRECTION('',(1.,0.));
#7376 = ( GEOMETRIC_REPRESENTATION_CONTEXT(2) 
PARAMETRIC_REPRESENTATION_CONTEXT() REPRESENTATION_CONTEXT('2D SPACE',''
  ) );
#7377 = ORIENTED_EDGE('',*,*,#2293,.T.);
#7378 = ORIENTED_EDGE('',*,*,#7379,.T.);
#7379 = EDGE_CURVE('',#2296,#6475,#7380,.T.);
#7380 = SURFACE_CURVE('',#7381,(#7385,#7392),.PCURVE_S1.);
#7381 = LINE('',#7382,#7383);
#7382 = CARTESIAN_POINT('',(-36.,6.5,-1.));
#7383 = VECTOR('',#7384,1.);
#7384 = DIRECTION('',(0.,0.,1.));
#7385 = PCURVE('',#2310,#7386);
#7386 = DEFINITIONAL_REPRESENTATION('',(#7387),#7391);
#7387 = LINE('',#7388,#7389);
#7388 = CARTESIAN_POINT('',(0.,0.));
#7389 = VECTOR('',#7390,1.);
#7390 = DIRECTION('',(1.,0.));
#7391 = ( GEOMETRIC_REPRESENTATION_CONTEXT(2) 
PARAMETRIC_REPRESENTATION_CONTEXT() REPRESENTATION_CONTEXT('2D SPACE',''
  ) );
#7392 = PCURVE('',#2336,#7393);
#7393 = DEFINITIONAL_REPRESENTATION('',(#7394),#7398);
#7394 = LINE('',#7395,#7396);
#7395 = CARTESIAN_POINT('',(0.,0.));
#7396 = VECTOR('',#7397,1.);
#7397 = DIRECTION('',(1.,0.));
#7398 = ( GEOMETRIC_REPRESENTATION_CONTEXT(2) 
PARAMETRIC_REPRESENTATION_CONTEXT() REPRESENTATION_CONTEXT('2D SPACE',''
  ) );
#7399 = ORIENTED_EDGE('',*,*,#6472,.F.);
#7400 = ADVANCED_FACE('',(#7401),#2386,.F.);
#7401 = FACE_BOUND('',#7402,.F.);
#7402 = EDGE_LOOP('',(#7403,#7404,#7405,#7426));
#7403 = ORIENTED_EDGE('',*,*,#7357,.F.);
#7404 = ORIENTED_EDGE('',*,*,#2373,.T.);
#7405 = ORIENTED_EDGE('',*,*,#7406,.T.);
#7406 = EDGE_CURVE('',#2348,#6517,#7407,.T.);
#7407 = SURFACE_CURVE('',#7408,(#7412,#7419),.PCURVE_S1.);
#7408 = LINE('',#7409,#7410);
#7409 = CARTESIAN_POINT('',(-30.,9.5,-1.));
#7410 = VECTOR('',#7411,1.);
#7411 = DIRECTION('',(0.,0.,1.));
#7412 = PCURVE('',#2386,#7413);
#7413 = DEFINITIONAL_REPRESENTATION('',(#7414),#7418);
#7414 = LINE('',#7415,#7416);
#7415 = CARTESIAN_POINT('',(0.,-3.));
#7416 = VECTOR('',#7417,1.);
#7417 = DIRECTION('',(1.,0.));
#7418 = ( GEOMETRIC_REPRESENTATION_CONTEXT(2) 
PARAMETRIC_REPRESENTATION_CONTEXT() REPRESENTATION_CONTEXT('2D SPACE',''
  ) );
#7419 = PCURVE('',#2362,#7420);
#7420 = DEFINITIONAL_REPRESENTATION('',(#7421),#7425);
#7421 = LINE('',#7422,#7423);
#7422 = CARTESIAN_POINT('',(0.,6.));
#7423 = VECTOR('',#7424,1.);
#7424 = DIRECTION('',(1.,0.));
#7425 = ( GEOMETRIC_REPRESENTATION_CONTEXT(2) 
PARAMETRIC_REPRESENTATION_CONTEXT() REPRESENTATION_CONTEXT('2D SPACE',''
  ) );
#7426 = ORIENTED_EDGE('',*,*,#6537,.F.);
#7427 = ADVANCED_FACE('',(#7428),#2336,.T.);
#7428 = FACE_BOUND('',#7429,.T.);
#7429 = EDGE_LOOP('',(#7430,#7431,#7432,#7453));
#7430 = ORIENTED_EDGE('',*,*,#7379,.F.);
#7431 = ORIENTED_EDGE('',*,*,#2321,.T.);
#7432 = ORIENTED_EDGE('',*,*,#7433,.T.);
#7433 = EDGE_CURVE('',#2322,#6496,#7434,.T.);
#7434 = SURFACE_CURVE('',#7435,(#7439,#7446),.PCURVE_S1.);
#7435 = LINE('',#7436,#7437);
#7436 = CARTESIAN_POINT('',(-36.,9.5,-1.));
#7437 = VECTOR('',#7438,1.);
#7438 = DIRECTION('',(0.,0.,1.));
#7439 = PCURVE('',#2336,#7440);
#7440 = DEFINITIONAL_REPRESENTATION('',(#7441),#7445);
#7441 = LINE('',#7442,#7443);
#7442 = CARTESIAN_POINT('',(0.,-3.));
#7443 = VECTOR('',#7444,1.);
#7444 = DIRECTION('',(1.,0.));
#7445 = ( GEOMETRIC_REPRESENTATION_CONTEXT(2) 
PARAMETRIC_REPRESENTATION_CONTEXT() REPRESENTATION_CONTEXT('2D SPACE',''
  ) );
#7446 = PCURVE('',#2362,#7447);
#7447 = DEFINITIONAL_REPRESENTATION('',(#7448),#7452);
#7448 = LINE('',#7449,#7450);
#7449 = CARTESIAN_POINT('',(0.,0.));
#7450 = VECTOR('',#7451,1.);
#7451 = DIRECTION('',(1.,0.));
#7452 = ( GEOMETRIC_REPRESENTATION_CONTEXT(2) 
PARAMETRIC_REPRESENTATION_CONTEXT() REPRESENTATION_CONTEXT('2D SPACE',''
  ) );
#7453 = ORIENTED_EDGE('',*,*,#6495,.F.);
#7454 = ADVANCED_FACE('',(#7455),#2362,.F.);
#7455 = FACE_BOUND('',#7456,.F.);
#7456 = EDGE_LOOP('',(#7457,#7458,#7459,#7460));
#7457 = ORIENTED_EDGE('',*,*,#7406,.F.);
#7458 = ORIENTED_EDGE('',*,*,#2347,.T.);
#7459 = ORIENTED_EDGE('',*,*,#7433,.T.);
#7460 = ORIENTED_EDGE('',*,*,#6516,.F.);
#7461 = ADVANCED_FACE('',(#7462),#2415,.F.);
#7462 = FACE_BOUND('',#7463,.F.);
#7463 = EDGE_LOOP('',(#7464,#7486,#7487,#7509));
#7464 = ORIENTED_EDGE('',*,*,#7465,.F.);
#7465 = EDGE_CURVE('',#2402,#7466,#7468,.T.);
#7466 = VERTEX_POINT('',#7467);
#7467 = CARTESIAN_POINT('',(-5.3,26.,1.39));
#7468 = SURFACE_CURVE('',#7469,(#7472,#7479),.PCURVE_S1.);
#7469 = B_SPLINE_CURVE_WITH_KNOTS('',1,(#7470,#7471),.UNSPECIFIED.,.F.,
  .F.,(2,2),(0.,1.),.PIECEWISE_BEZIER_KNOTS.);
#7470 = CARTESIAN_POINT('',(-3.9,27.4,-1.E-02));
#7471 = CARTESIAN_POINT('',(-5.3,26.,1.39));
#7472 = PCURVE('',#2415,#7473);
#7473 = DEFINITIONAL_REPRESENTATION('',(#7474),#7478);
#7474 = LINE('',#7475,#7476);
#7475 = CARTESIAN_POINT('',(0.,0.));
#7476 = VECTOR('',#7477,1.);
#7477 = DIRECTION('',(0.,1.));
#7478 = ( GEOMETRIC_REPRESENTATION_CONTEXT(2) 
PARAMETRIC_REPRESENTATION_CONTEXT() REPRESENTATION_CONTEXT('2D SPACE',''
  ) );
#7479 = PCURVE('',#2440,#7480);
#7480 = DEFINITIONAL_REPRESENTATION('',(#7481),#7485);
#7481 = LINE('',#7482,#7483);
#7482 = CARTESIAN_POINT('',(22.6,0.));
#7483 = VECTOR('',#7484,1.);
#7484 = DIRECTION('',(0.,1.));
#7485 = ( GEOMETRIC_REPRESENTATION_CONTEXT(2) 
PARAMETRIC_REPRESENTATION_CONTEXT() REPRESENTATION_CONTEXT('2D SPACE',''
  ) );
#7486 = ORIENTED_EDGE('',*,*,#2399,.F.);
#7487 = ORIENTED_EDGE('',*,*,#7488,.T.);
#7488 = EDGE_CURVE('',#2400,#7489,#7491,.T.);
#7489 = VERTEX_POINT('',#7490);
#7490 = CARTESIAN_POINT('',(-25.3,26.,1.39));
#7491 = SURFACE_CURVE('',#7492,(#7495,#7502),.PCURVE_S1.);
#7492 = B_SPLINE_CURVE_WITH_KNOTS('',1,(#7493,#7494),.UNSPECIFIED.,.F.,
  .F.,(2,2),(0.,1.),.PIECEWISE_BEZIER_KNOTS.);
#7493 = CARTESIAN_POINT('',(-26.7,27.4,-1.E-02));
#7494 = CARTESIAN_POINT('',(-25.3,26.,1.39));
#7495 = PCURVE('',#2415,#7496);
#7496 = DEFINITIONAL_REPRESENTATION('',(#7497),#7501);
#7497 = LINE('',#7498,#7499);
#7498 = CARTESIAN_POINT('',(22.8,0.));
#7499 = VECTOR('',#7500,1.);
#7500 = DIRECTION('',(0.,1.));
#7501 = ( GEOMETRIC_REPRESENTATION_CONTEXT(2) 
PARAMETRIC_REPRESENTATION_CONTEXT() REPRESENTATION_CONTEXT('2D SPACE',''
  ) );
#7502 = PCURVE('',#2490,#7503);
#7503 = DEFINITIONAL_REPRESENTATION('',(#7504),#7508);
#7504 = LINE('',#7505,#7506);
#7505 = CARTESIAN_POINT('',(0.,0.));
#7506 = VECTOR('',#7507,1.);
#7507 = DIRECTION('',(0.,1.));
#7508 = ( GEOMETRIC_REPRESENTATION_CONTEXT(2) 
PARAMETRIC_REPRESENTATION_CONTEXT() REPRESENTATION_CONTEXT('2D SPACE',''
  ) );
#7509 = ORIENTED_EDGE('',*,*,#7510,.F.);
#7510 = EDGE_CURVE('',#7466,#7489,#7511,.T.);
#7511 = SURFACE_CURVE('',#7512,(#7516,#7522),.PCURVE_S1.);
#7512 = LINE('',#7513,#7514);
#7513 = CARTESIAN_POINT('',(-5.3,26.,1.39));
#7514 = VECTOR('',#7515,1.);
#7515 = DIRECTION('',(-1.,0.,0.));
#7516 = PCURVE('',#2415,#7517);
#7517 = DEFINITIONAL_REPRESENTATION('',(#7518),#7521);
#7518 = B_SPLINE_CURVE_WITH_KNOTS('',1,(#7519,#7520),.UNSPECIFIED.,.F.,
  .F.,(2,2),(0.,20.),.PIECEWISE_BEZIER_KNOTS.);
#7519 = CARTESIAN_POINT('',(0.,1.));
#7520 = CARTESIAN_POINT('',(22.8,1.));
#7521 = ( GEOMETRIC_REPRESENTATION_CONTEXT(2) 
PARAMETRIC_REPRESENTATION_CONTEXT() REPRESENTATION_CONTEXT('2D SPACE',''
  ) );
#7522 = PCURVE('',#6876,#7523);
#7523 = DEFINITIONAL_REPRESENTATION('',(#7524),#7528);
#7524 = LINE('',#7525,#7526);
#7525 = CARTESIAN_POINT('',(2.39,20.));
#7526 = VECTOR('',#7527,1.);
#7527 = DIRECTION('',(0.,-1.));
#7528 = ( GEOMETRIC_REPRESENTATION_CONTEXT(2) 
PARAMETRIC_REPRESENTATION_CONTEXT() REPRESENTATION_CONTEXT('2D SPACE',''
  ) );
#7529 = ADVANCED_FACE('',(#7530),#2490,.F.);
#7530 = FACE_BOUND('',#7531,.F.);
#7531 = EDGE_LOOP('',(#7532,#7533,#7534,#7566,#7596,#7597,#7619,#7644,
    #7682));
#7532 = ORIENTED_EDGE('',*,*,#7488,.F.);
#7533 = ORIENTED_EDGE('',*,*,#2530,.F.);
#7534 = ORIENTED_EDGE('',*,*,#7535,.T.);
#7535 = EDGE_CURVE('',#2502,#7536,#7538,.T.);
#7536 = VERTEX_POINT('',#7537);
#7537 = CARTESIAN_POINT('',(-26.64666666666,16.,4.333333333333E-02));
#7538 = SURFACE_CURVE('',#7539,(#7546,#7556),.PCURVE_S1.);
#7539 = B_SPLINE_CURVE_WITH_KNOTS('',5,(#7540,#7541,#7542,#7543,#7544,
    #7545),.UNSPECIFIED.,.F.,.F.,(6,6),(0.,1.),
  .PIECEWISE_BEZIER_KNOTS.);
#7540 = CARTESIAN_POINT('',(-26.69000084,17.015872314042,
    -8.40000000002E-07));
#7541 = CARTESIAN_POINT('',(-26.6726852958,16.812996861166,
    1.731470419146E-02));
#7542 = CARTESIAN_POINT('',(-26.65968090966,16.609901645946,
    3.031909033739E-02));
#7543 = CARTESIAN_POINT('',(-26.65100534211,16.406661736762,
    3.899465788658E-02));
#7544 = CARTESIAN_POINT('',(-26.64666666666,16.203340564965,
    4.333333333333E-02));
#7545 = CARTESIAN_POINT('',(-26.64666666666,16.,4.333333333333E-02));
#7546 = PCURVE('',#2490,#7547);
#7547 = DEFINITIONAL_REPRESENTATION('',(#7548),#7555);
#7548 = B_SPLINE_CURVE_WITH_KNOTS('',5,(#7549,#7550,#7551,#7552,#7553,
    #7554),.UNSPECIFIED.,.F.,.F.,(6,6),(0.,1.),
  .PIECEWISE_BEZIER_KNOTS.);
#7549 = CARTESIAN_POINT('',(10.383316529791,7.142257142857E-03));
#7550 = CARTESIAN_POINT('',(10.584965739267,1.95105029939E-02));
#7551 = CARTESIAN_POINT('',(10.787958125668,2.879935024099E-02));
#7552 = CARTESIAN_POINT('',(10.991845271681,3.49961842047E-02));
#7553 = CARTESIAN_POINT('',(11.196169379007,3.809523809524E-02));
#7554 = CARTESIAN_POINT('',(11.400474214582,3.809523809524E-02));
#7555 = ( GEOMETRIC_REPRESENTATION_CONTEXT(2) 
PARAMETRIC_REPRESENTATION_CONTEXT() REPRESENTATION_CONTEXT('2D SPACE',''
  ) );
#7556 = PCURVE('',#2518,#7557);
#7557 = DEFINITIONAL_REPRESENTATION('',(#7558),#7565);
#7558 = B_SPLINE_CURVE_WITH_KNOTS('',5,(#7559,#7560,#7561,#7562,#7563,
    #7564),.UNSPECIFIED.,.F.,.F.,(6,6),(0.,1.),
  .PIECEWISE_BEZIER_KNOTS.);
#7559 = CARTESIAN_POINT('',(-0.159624348157,-9.999159999999E-03));
#7560 = CARTESIAN_POINT('',(-0.127854577585,-2.731470419146E-02));
#7561 = CARTESIAN_POINT('',(-9.596979143589E-02,-4.03190903374E-02));
#7562 = CARTESIAN_POINT('',(-6.400761838717E-02,-4.899465788658E-02));
#7563 = CARTESIAN_POINT('',(-3.20053355139E-02,-5.333333333333E-02));
#7564 = CARTESIAN_POINT('',(0.,-5.333333333333E-02));
#7565 = ( GEOMETRIC_REPRESENTATION_CONTEXT(2) 
PARAMETRIC_REPRESENTATION_CONTEXT() REPRESENTATION_CONTEXT('2D SPACE',''
  ) );
#7566 = ORIENTED_EDGE('',*,*,#7567,.T.);
#7567 = EDGE_CURVE('',#7536,#2477,#7568,.T.);
#7568 = SURFACE_CURVE('',#7569,(#7576,#7586),.PCURVE_S1.);
#7569 = B_SPLINE_CURVE_WITH_KNOTS('',5,(#7570,#7571,#7572,#7573,#7574,
    #7575),.UNSPECIFIED.,.F.,.F.,(6,6),(0.,1.),
  .PIECEWISE_BEZIER_KNOTS.);
#7570 = CARTESIAN_POINT('',(-26.64666666666,16.,4.333333333333E-02));
#7571 = CARTESIAN_POINT('',(-26.64666666666,15.796735135053,
    4.333333333333E-02));
#7572 = CARTESIAN_POINT('',(-26.65100211245,15.593451348323,
    3.89978875475E-02));
#7573 = CARTESIAN_POINT('',(-26.65967448916,15.390210506207,
    3.032551083885E-02));
#7574 = CARTESIAN_POINT('',(-26.67267899544,15.187076956284,
    1.732100455601E-02));
#7575 = CARTESIAN_POINT('',(-26.69000084,14.984127685958,
    -8.40000000002E-07));
#7576 = PCURVE('',#2490,#7577);
#7577 = DEFINITIONAL_REPRESENTATION('',(#7578),#7585);
#7578 = B_SPLINE_CURVE_WITH_KNOTS('',5,(#7579,#7580,#7581,#7582,#7583,
    #7584),.UNSPECIFIED.,.F.,.F.,(6,6),(0.,1.),
  .PIECEWISE_BEZIER_KNOTS.);
#7579 = CARTESIAN_POINT('',(11.400474214582,3.809523809524E-02));
#7580 = CARTESIAN_POINT('',(11.604702991159,3.809523809524E-02));
#7581 = CARTESIAN_POINT('',(11.808912042686,3.499849110536E-02));
#7582 = CARTESIAN_POINT('',(12.012645591713,2.880393631346E-02));
#7583 = CARTESIAN_POINT('',(12.215445147101,1.95150032543E-02));
#7584 = CARTESIAN_POINT('',(12.416860603234,7.142257142857E-03));
#7585 = ( GEOMETRIC_REPRESENTATION_CONTEXT(2) 
PARAMETRIC_REPRESENTATION_CONTEXT() REPRESENTATION_CONTEXT('2D SPACE',''
  ) );
#7586 = PCURVE('',#2518,#7587);
#7587 = DEFINITIONAL_REPRESENTATION('',(#7588),#7595);
#7588 = B_SPLINE_CURVE_WITH_KNOTS('',5,(#7589,#7590,#7591,#7592,#7593,
    #7594),.UNSPECIFIED.,.F.,.F.,(6,6),(0.,1.),
  .PIECEWISE_BEZIER_KNOTS.);
#7589 = CARTESIAN_POINT('',(-6.28318530718,-5.333333333333E-02));
#7590 = CARTESIAN_POINT('',(-6.251191886674,-5.333333333333E-02));
#7591 = CARTESIAN_POINT('',(-6.219195488258,-4.89978875475E-02));
#7592 = CARTESIAN_POINT('',(-6.187233137277,-4.032551083885E-02));
#7593 = CARTESIAN_POINT('',(-6.155342289216,-2.732100455601E-02));
#7594 = CARTESIAN_POINT('',(-6.123560959022,-9.99916E-03));
#7595 = ( GEOMETRIC_REPRESENTATION_CONTEXT(2) 
PARAMETRIC_REPRESENTATION_CONTEXT() REPRESENTATION_CONTEXT('2D SPACE',''
  ) );
#7596 = ORIENTED_EDGE('',*,*,#2476,.F.);
#7597 = ORIENTED_EDGE('',*,*,#7598,.T.);
#7598 = EDGE_CURVE('',#2452,#7599,#7601,.T.);
#7599 = VERTEX_POINT('',#7600);
#7600 = CARTESIAN_POINT('',(-26.19,5.31,0.5));
#7601 = SURFACE_CURVE('',#7602,(#7605,#7612),.PCURVE_S1.);
#7602 = B_SPLINE_CURVE_WITH_KNOTS('',1,(#7603,#7604),.UNSPECIFIED.,.F.,
  .F.,(2,2),(0.,1.),.PIECEWISE_BEZIER_KNOTS.);
#7603 = CARTESIAN_POINT('',(-26.7,4.8,-1.E-02));
#7604 = CARTESIAN_POINT('',(-25.3,6.2,1.39));
#7605 = PCURVE('',#2490,#7606);
#7606 = DEFINITIONAL_REPRESENTATION('',(#7607),#7611);
#7607 = LINE('',#7608,#7609);
#7608 = CARTESIAN_POINT('',(22.6,0.));
#7609 = VECTOR('',#7610,1.);
#7610 = DIRECTION('',(0.,1.));
#7611 = ( GEOMETRIC_REPRESENTATION_CONTEXT(2) 
PARAMETRIC_REPRESENTATION_CONTEXT() REPRESENTATION_CONTEXT('2D SPACE',''
  ) );
#7612 = PCURVE('',#2465,#7613);
#7613 = DEFINITIONAL_REPRESENTATION('',(#7614),#7618);
#7614 = LINE('',#7615,#7616);
#7615 = CARTESIAN_POINT('',(0.,0.));
#7616 = VECTOR('',#7617,1.);
#7617 = DIRECTION('',(0.,1.));
#7618 = ( GEOMETRIC_REPRESENTATION_CONTEXT(2) 
PARAMETRIC_REPRESENTATION_CONTEXT() REPRESENTATION_CONTEXT('2D SPACE',''
  ) );
#7619 = ORIENTED_EDGE('',*,*,#7620,.T.);
#7620 = EDGE_CURVE('',#7599,#7621,#7623,.T.);
#7621 = VERTEX_POINT('',#7622);
#7622 = CARTESIAN_POINT('',(-26.19,9.4,0.5));
#7623 = SURFACE_CURVE('',#7624,(#7627,#7633),.PCURVE_S1.);
#7624 = B_SPLINE_CURVE_WITH_KNOTS('',1,(#7625,#7626),.UNSPECIFIED.,.F.,
  .F.,(2,2),(0.,1.),.PIECEWISE_BEZIER_KNOTS.);
#7625 = CARTESIAN_POINT('',(-26.19,5.31,0.5));
#7626 = CARTESIAN_POINT('',(-26.19,9.4,0.5));
#7627 = PCURVE('',#2490,#7628);
#7628 = DEFINITIONAL_REPRESENTATION('',(#7629),#7632);
#7629 = B_SPLINE_CURVE_WITH_KNOTS('',1,(#7630,#7631),.UNSPECIFIED.,.F.,
  .F.,(2,2),(0.,1.),.PIECEWISE_BEZIER_KNOTS.);
#7630 = CARTESIAN_POINT('',(22.6,0.364285714286));
#7631 = CARTESIAN_POINT('',(18.316682113068,0.364285714286));
#7632 = ( GEOMETRIC_REPRESENTATION_CONTEXT(2) 
PARAMETRIC_REPRESENTATION_CONTEXT() REPRESENTATION_CONTEXT('2D SPACE',''
  ) );
#7633 = PCURVE('',#7634,#7639);
#7634 = PLANE('',#7635);
#7635 = AXIS2_PLACEMENT_3D('',#7636,#7637,#7638);
#7636 = CARTESIAN_POINT('',(-28.3,4.5,0.5));
#7637 = DIRECTION('',(0.,0.,1.));
#7638 = DIRECTION('',(1.,0.,0.));
#7639 = DEFINITIONAL_REPRESENTATION('',(#7640),#7643);
#7640 = B_SPLINE_CURVE_WITH_KNOTS('',1,(#7641,#7642),.UNSPECIFIED.,.F.,
  .F.,(2,2),(0.,1.),.PIECEWISE_BEZIER_KNOTS.);
#7641 = CARTESIAN_POINT('',(2.11,0.81));
#7642 = CARTESIAN_POINT('',(2.11,4.9));
#7643 = ( GEOMETRIC_REPRESENTATION_CONTEXT(2) 
PARAMETRIC_REPRESENTATION_CONTEXT() REPRESENTATION_CONTEXT('2D SPACE',''
  ) );
#7644 = ORIENTED_EDGE('',*,*,#7645,.T.);
#7645 = EDGE_CURVE('',#7621,#7646,#7648,.T.);
#7646 = VERTEX_POINT('',#7647);
#7647 = CARTESIAN_POINT('',(-25.3,9.4,1.39));
#7648 = SURFACE_CURVE('',#7649,(#7658,#7670),.PCURVE_S1.);
#7649 = B_SPLINE_CURVE_WITH_KNOTS('',4,(#7650,#7651,#7652,#7653,#7654,
    #7655,#7656,#7657),.UNSPECIFIED.,.F.,.F.,(5,3,5),(0.,0.496575009687,
    1.),.UNSPECIFIED.);
#7650 = CARTESIAN_POINT('',(-26.19,9.4,0.5));
#7651 = CARTESIAN_POINT('',(-26.07800639905,9.4,0.611993600947));
#7652 = CARTESIAN_POINT('',(-25.96645971877,9.4,0.723540281227));
#7653 = CARTESIAN_POINT('',(-25.85539563451,9.4,0.834604365486));
#7654 = CARTESIAN_POINT('',(-25.63278985922,9.4,1.057210140773));
#7655 = CARTESIAN_POINT('',(-25.52126273006,9.4,1.168737269931));
#7656 = CARTESIAN_POINT('',(-25.41031657819,9.4,1.279683421806));
#7657 = CARTESIAN_POINT('',(-25.3,9.4,1.39));
#7658 = PCURVE('',#2490,#7659);
#7659 = DEFINITIONAL_REPRESENTATION('',(#7660),#7669);
#7660 = B_SPLINE_CURVE_WITH_KNOTS('',4,(#7661,#7662,#7663,#7664,#7665,
    #7666,#7667,#7668),.UNSPECIFIED.,.F.,.F.,(5,3,5),(0.,0.496575009687,
    1.),.UNSPECIFIED.);
#7661 = CARTESIAN_POINT('',(18.3166821359,0.364285714286));
#7662 = CARTESIAN_POINT('',(18.38951100514,0.444281143533));
#7663 = CARTESIAN_POINT('',(18.464064946256,0.523957343733));
#7664 = CARTESIAN_POINT('',(18.540410406712,0.60328883249));
#7665 = CARTESIAN_POINT('',(18.697896004774,0.762292957695));
#7666 = CARTESIAN_POINT('',(18.779087691553,0.841955192808));
#7667 = CARTESIAN_POINT('',(18.862258257983,0.921202444147));
#7668 = CARTESIAN_POINT('',(18.947474747475,1.));
#7669 = ( GEOMETRIC_REPRESENTATION_CONTEXT(2) 
PARAMETRIC_REPRESENTATION_CONTEXT() REPRESENTATION_CONTEXT('2D SPACE',''
  ) );
#7670 = PCURVE('',#6826,#7671);
#7671 = DEFINITIONAL_REPRESENTATION('',(#7672),#7681);
#7672 = B_SPLINE_CURVE_WITH_KNOTS('',4,(#7673,#7674,#7675,#7676,#7677,
    #7678,#7679,#7680),.UNSPECIFIED.,.F.,.F.,(5,3,5),(0.,0.496575009687,
    1.),.UNSPECIFIED.);
#7673 = CARTESIAN_POINT('',(0.,2.11));
#7674 = CARTESIAN_POINT('',(0.111993600947,2.221993600947));
#7675 = CARTESIAN_POINT('',(0.223540281227,2.333540281227));
#7676 = CARTESIAN_POINT('',(0.334604365486,2.444604365486));
#7677 = CARTESIAN_POINT('',(0.557210140773,2.667210140773));
#7678 = CARTESIAN_POINT('',(0.668737269931,2.778737269931));
#7679 = CARTESIAN_POINT('',(0.779683421806,2.889683421806));
#7680 = CARTESIAN_POINT('',(0.89,3.));
#7681 = ( GEOMETRIC_REPRESENTATION_CONTEXT(2) 
PARAMETRIC_REPRESENTATION_CONTEXT() REPRESENTATION_CONTEXT('2D SPACE',''
  ) );
#7682 = ORIENTED_EDGE('',*,*,#7683,.F.);
#7683 = EDGE_CURVE('',#7489,#7646,#7684,.T.);
#7684 = SURFACE_CURVE('',#7685,(#7689,#7695),.PCURVE_S1.);
#7685 = LINE('',#7686,#7687);
#7686 = CARTESIAN_POINT('',(-25.3,26.,1.39));
#7687 = VECTOR('',#7688,1.);
#7688 = DIRECTION('',(0.,-1.,0.));
#7689 = PCURVE('',#2490,#7690);
#7690 = DEFINITIONAL_REPRESENTATION('',(#7691),#7694);
#7691 = B_SPLINE_CURVE_WITH_KNOTS('',1,(#7692,#7693),.UNSPECIFIED.,.F.,
  .F.,(2,2),(0.,19.8),.PIECEWISE_BEZIER_KNOTS.);
#7692 = CARTESIAN_POINT('',(0.,1.));
#7693 = CARTESIAN_POINT('',(22.6,1.));
#7694 = ( GEOMETRIC_REPRESENTATION_CONTEXT(2) 
PARAMETRIC_REPRESENTATION_CONTEXT() REPRESENTATION_CONTEXT('2D SPACE',''
  ) );
#7695 = PCURVE('',#6852,#7696);
#7696 = DEFINITIONAL_REPRESENTATION('',(#7697),#7701);
#7697 = LINE('',#7698,#7699);
#7698 = CARTESIAN_POINT('',(2.39,-19.8));
#7699 = VECTOR('',#7700,1.);
#7700 = DIRECTION('',(0.,1.));
#7701 = ( GEOMETRIC_REPRESENTATION_CONTEXT(2) 
PARAMETRIC_REPRESENTATION_CONTEXT() REPRESENTATION_CONTEXT('2D SPACE',''
  ) );
#7702 = ADVANCED_FACE('',(#7703),#2440,.F.);
#7703 = FACE_BOUND('',#7704,.F.);
#7704 = EDGE_LOOP('',(#7705,#7727,#7728,#7729,#7751,#7789));
#7705 = ORIENTED_EDGE('',*,*,#7706,.F.);
#7706 = EDGE_CURVE('',#2427,#7707,#7709,.T.);
#7707 = VERTEX_POINT('',#7708);
#7708 = CARTESIAN_POINT('',(-4.41,5.31,0.5));
#7709 = SURFACE_CURVE('',#7710,(#7713,#7720),.PCURVE_S1.);
#7710 = B_SPLINE_CURVE_WITH_KNOTS('',1,(#7711,#7712),.UNSPECIFIED.,.F.,
  .F.,(2,2),(0.,1.),.PIECEWISE_BEZIER_KNOTS.);
#7711 = CARTESIAN_POINT('',(-3.9,4.8,-1.E-02));
#7712 = CARTESIAN_POINT('',(-5.3,6.2,1.39));
#7713 = PCURVE('',#2440,#7714);
#7714 = DEFINITIONAL_REPRESENTATION('',(#7715),#7719);
#7715 = LINE('',#7716,#7717);
#7716 = CARTESIAN_POINT('',(0.,0.));
#7717 = VECTOR('',#7718,1.);
#7718 = DIRECTION('',(0.,1.));
#7719 = ( GEOMETRIC_REPRESENTATION_CONTEXT(2) 
PARAMETRIC_REPRESENTATION_CONTEXT() REPRESENTATION_CONTEXT('2D SPACE',''
  ) );
#7720 = PCURVE('',#2465,#7721);
#7721 = DEFINITIONAL_REPRESENTATION('',(#7722),#7726);
#7722 = LINE('',#7723,#7724);
#7723 = CARTESIAN_POINT('',(22.8,0.));
#7724 = VECTOR('',#7725,1.);
#7725 = DIRECTION('',(0.,1.));
#7726 = ( GEOMETRIC_REPRESENTATION_CONTEXT(2) 
PARAMETRIC_REPRESENTATION_CONTEXT() REPRESENTATION_CONTEXT('2D SPACE',''
  ) );
#7727 = ORIENTED_EDGE('',*,*,#2426,.F.);
#7728 = ORIENTED_EDGE('',*,*,#7465,.T.);
#7729 = ORIENTED_EDGE('',*,*,#7730,.F.);
#7730 = EDGE_CURVE('',#7731,#7466,#7733,.T.);
#7731 = VERTEX_POINT('',#7732);
#7732 = CARTESIAN_POINT('',(-5.3,9.4,1.39));
#7733 = SURFACE_CURVE('',#7734,(#7738,#7744),.PCURVE_S1.);
#7734 = LINE('',#7735,#7736);
#7735 = CARTESIAN_POINT('',(-5.3,6.2,1.39));
#7736 = VECTOR('',#7737,1.);
#7737 = DIRECTION('',(0.,1.,0.));
#7738 = PCURVE('',#2440,#7739);
#7739 = DEFINITIONAL_REPRESENTATION('',(#7740),#7743);
#7740 = B_SPLINE_CURVE_WITH_KNOTS('',1,(#7741,#7742),.UNSPECIFIED.,.F.,
  .F.,(2,2),(0.,19.8),.PIECEWISE_BEZIER_KNOTS.);
#7741 = CARTESIAN_POINT('',(0.,1.));
#7742 = CARTESIAN_POINT('',(22.6,1.));
#7743 = ( GEOMETRIC_REPRESENTATION_CONTEXT(2) 
PARAMETRIC_REPRESENTATION_CONTEXT() REPRESENTATION_CONTEXT('2D SPACE',''
  ) );
#7744 = PCURVE('',#6696,#7745);
#7745 = DEFINITIONAL_REPRESENTATION('',(#7746),#7750);
#7746 = LINE('',#7747,#7748);
#7747 = CARTESIAN_POINT('',(2.39,-8.881784197001E-16));
#7748 = VECTOR('',#7749,1.);
#7749 = DIRECTION('',(0.,-1.));
#7750 = ( GEOMETRIC_REPRESENTATION_CONTEXT(2) 
PARAMETRIC_REPRESENTATION_CONTEXT() REPRESENTATION_CONTEXT('2D SPACE',''
  ) );
#7751 = ORIENTED_EDGE('',*,*,#7752,.F.);
#7752 = EDGE_CURVE('',#7753,#7731,#7755,.T.);
#7753 = VERTEX_POINT('',#7754);
#7754 = CARTESIAN_POINT('',(-4.41,9.4,0.5));
#7755 = SURFACE_CURVE('',#7756,(#7765,#7777),.PCURVE_S1.);
#7756 = B_SPLINE_CURVE_WITH_KNOTS('',4,(#7757,#7758,#7759,#7760,#7761,
    #7762,#7763,#7764),.UNSPECIFIED.,.F.,.F.,(5,3,5),(0.,0.496575009687,
    1.),.UNSPECIFIED.);
#7757 = CARTESIAN_POINT('',(-4.41,9.4,0.5));
#7758 = CARTESIAN_POINT('',(-4.521993600947,9.4,0.611993600947));
#7759 = CARTESIAN_POINT('',(-4.633540281227,9.4,0.723540281227));
#7760 = CARTESIAN_POINT('',(-4.744604365486,9.4,0.834604365486));
#7761 = CARTESIAN_POINT('',(-4.967210140773,9.4,1.057210140773));
#7762 = CARTESIAN_POINT('',(-5.078737269931,9.4,1.168737269931));
#7763 = CARTESIAN_POINT('',(-5.189683421806,9.4,1.279683421806));
#7764 = CARTESIAN_POINT('',(-5.3,9.4,1.39));
#7765 = PCURVE('',#2440,#7766);
#7766 = DEFINITIONAL_REPRESENTATION('',(#7767),#7776);
#7767 = B_SPLINE_CURVE_WITH_KNOTS('',4,(#7768,#7769,#7770,#7771,#7772,
    #7773,#7774,#7775),.UNSPECIFIED.,.F.,.F.,(5,3,5),(0.,0.496575009687,
    1.),.UNSPECIFIED.);
#7768 = CARTESIAN_POINT('',(4.2833178641,0.364285714286));
#7769 = CARTESIAN_POINT('',(4.21048899486,0.444281143533));
#7770 = CARTESIAN_POINT('',(4.135935053744,0.523957343733));
#7771 = CARTESIAN_POINT('',(4.059589593288,0.60328883249));
#7772 = CARTESIAN_POINT('',(3.902103995226,0.762292957695));
#7773 = CARTESIAN_POINT('',(3.820912308447,0.841955192808));
#7774 = CARTESIAN_POINT('',(3.737741742017,0.921202444147));
#7775 = CARTESIAN_POINT('',(3.652525252525,1.));
#7776 = ( GEOMETRIC_REPRESENTATION_CONTEXT(2) 
PARAMETRIC_REPRESENTATION_CONTEXT() REPRESENTATION_CONTEXT('2D SPACE',''
  ) );
#7777 = PCURVE('',#6722,#7778);
#7778 = DEFINITIONAL_REPRESENTATION('',(#7779),#7788);
#7779 = B_SPLINE_CURVE_WITH_KNOTS('',4,(#7780,#7781,#7782,#7783,#7784,
    #7785,#7786,#7787),.UNSPECIFIED.,.F.,.F.,(5,3,5),(0.,0.496575009687,
    1.),.UNSPECIFIED.);
#7780 = CARTESIAN_POINT('',(0.,23.89));
#7781 = CARTESIAN_POINT('',(0.111993600947,23.778006399053));
#7782 = CARTESIAN_POINT('',(0.223540281227,23.666459718773));
#7783 = CARTESIAN_POINT('',(0.334604365486,23.555395634514));
#7784 = CARTESIAN_POINT('',(0.557210140773,23.332789859227));
#7785 = CARTESIAN_POINT('',(0.668737269931,23.221262730069));
#7786 = CARTESIAN_POINT('',(0.779683421806,23.110316578194));
#7787 = CARTESIAN_POINT('',(0.89,23.));
#7788 = ( GEOMETRIC_REPRESENTATION_CONTEXT(2) 
PARAMETRIC_REPRESENTATION_CONTEXT() REPRESENTATION_CONTEXT('2D SPACE',''
  ) );
#7789 = ORIENTED_EDGE('',*,*,#7790,.T.);
#7790 = EDGE_CURVE('',#7753,#7707,#7791,.T.);
#7791 = SURFACE_CURVE('',#7792,(#7795,#7801),.PCURVE_S1.);
#7792 = B_SPLINE_CURVE_WITH_KNOTS('',1,(#7793,#7794),.UNSPECIFIED.,.F.,
  .F.,(2,2),(0.,1.),.PIECEWISE_BEZIER_KNOTS.);
#7793 = CARTESIAN_POINT('',(-4.41,9.4,0.5));
#7794 = CARTESIAN_POINT('',(-4.41,5.31,0.5));
#7795 = PCURVE('',#2440,#7796);
#7796 = DEFINITIONAL_REPRESENTATION('',(#7797),#7800);
#7797 = B_SPLINE_CURVE_WITH_KNOTS('',1,(#7798,#7799),.UNSPECIFIED.,.F.,
  .F.,(2,2),(0.,1.),.PIECEWISE_BEZIER_KNOTS.);
#7798 = CARTESIAN_POINT('',(4.283317886932,0.364285714286));
#7799 = CARTESIAN_POINT('',(0.,0.364285714286));
#7800 = ( GEOMETRIC_REPRESENTATION_CONTEXT(2) 
PARAMETRIC_REPRESENTATION_CONTEXT() REPRESENTATION_CONTEXT('2D SPACE',''
  ) );
#7801 = PCURVE('',#7634,#7802);
#7802 = DEFINITIONAL_REPRESENTATION('',(#7803),#7806);
#7803 = B_SPLINE_CURVE_WITH_KNOTS('',1,(#7804,#7805),.UNSPECIFIED.,.F.,
  .F.,(2,2),(0.,1.),.PIECEWISE_BEZIER_KNOTS.);
#7804 = CARTESIAN_POINT('',(23.89,4.9));
#7805 = CARTESIAN_POINT('',(23.89,0.81));
#7806 = ( GEOMETRIC_REPRESENTATION_CONTEXT(2) 
PARAMETRIC_REPRESENTATION_CONTEXT() REPRESENTATION_CONTEXT('2D SPACE',''
  ) );
#7807 = ADVANCED_FACE('',(#7808),#2518,.F.);
#7808 = FACE_BOUND('',#7809,.F.);
#7809 = EDGE_LOOP('',(#7810,#7833,#7855,#7856,#7857,#7858));
#7810 = ORIENTED_EDGE('',*,*,#7811,.T.);
#7811 = EDGE_CURVE('',#7536,#7812,#7814,.T.);
#7812 = VERTEX_POINT('',#7813);
#7813 = CARTESIAN_POINT('',(-28.,16.,1.59));
#7814 = SEAM_CURVE('',#7815,(#7819,#7826),.PCURVE_S1.);
#7815 = LINE('',#7816,#7817);
#7816 = CARTESIAN_POINT('',(-26.6,16.,-1.E-02));
#7817 = VECTOR('',#7818,1.);
#7818 = DIRECTION('',(-0.658504607869,1.6128711205E-16,0.752576694707));
#7819 = PCURVE('',#2518,#7820);
#7820 = DEFINITIONAL_REPRESENTATION('',(#7821),#7825);
#7821 = LINE('',#7822,#7823);
#7822 = CARTESIAN_POINT('',(-6.28318530718,0.));
#7823 = VECTOR('',#7824,1.);
#7824 = DIRECTION('',(-0.,-1.));
#7825 = ( GEOMETRIC_REPRESENTATION_CONTEXT(2) 
PARAMETRIC_REPRESENTATION_CONTEXT() REPRESENTATION_CONTEXT('2D SPACE',''
  ) );
#7826 = PCURVE('',#2518,#7827);
#7827 = DEFINITIONAL_REPRESENTATION('',(#7828),#7832);
#7828 = LINE('',#7829,#7830);
#7829 = CARTESIAN_POINT('',(0.,-0.));
#7830 = VECTOR('',#7831,1.);
#7831 = DIRECTION('',(-0.,-1.));
#7832 = ( GEOMETRIC_REPRESENTATION_CONTEXT(2) 
PARAMETRIC_REPRESENTATION_CONTEXT() REPRESENTATION_CONTEXT('2D SPACE',''
  ) );
#7833 = ORIENTED_EDGE('',*,*,#7834,.F.);
#7834 = EDGE_CURVE('',#7812,#7812,#7835,.T.);
#7835 = SURFACE_CURVE('',#7836,(#7841,#7848),.PCURVE_S1.);
#7836 = CIRCLE('',#7837,5.);
#7837 = AXIS2_PLACEMENT_3D('',#7838,#7839,#7840);
#7838 = CARTESIAN_POINT('',(-33.,16.,1.59));
#7839 = DIRECTION('',(0.,0.,1.));
#7840 = DIRECTION('',(1.,0.,-0.));
#7841 = PCURVE('',#2518,#7842);
#7842 = DEFINITIONAL_REPRESENTATION('',(#7843),#7847);
#7843 = LINE('',#7844,#7845);
#7844 = CARTESIAN_POINT('',(-0.,-1.6));
#7845 = VECTOR('',#7846,1.);
#7846 = DIRECTION('',(-1.,-0.));
#7847 = ( GEOMETRIC_REPRESENTATION_CONTEXT(2) 
PARAMETRIC_REPRESENTATION_CONTEXT() REPRESENTATION_CONTEXT('2D SPACE',''
  ) );
#7848 = PCURVE('',#6665,#7849);
#7849 = DEFINITIONAL_REPRESENTATION('',(#7850),#7854);
#7850 = LINE('',#7851,#7852);
#7851 = CARTESIAN_POINT('',(-0.,-2.59));
#7852 = VECTOR('',#7853,1.);
#7853 = DIRECTION('',(-1.,0.));
#7854 = ( GEOMETRIC_REPRESENTATION_CONTEXT(2) 
PARAMETRIC_REPRESENTATION_CONTEXT() REPRESENTATION_CONTEXT('2D SPACE',''
  ) );
#7855 = ORIENTED_EDGE('',*,*,#7811,.F.);
#7856 = ORIENTED_EDGE('',*,*,#7535,.F.);
#7857 = ORIENTED_EDGE('',*,*,#2501,.T.);
#7858 = ORIENTED_EDGE('',*,*,#7567,.F.);
#7859 = ADVANCED_FACE('',(#7860),#2465,.F.);
#7860 = FACE_BOUND('',#7861,.F.);
#7861 = EDGE_LOOP('',(#7862,#7863,#7864,#7865));
#7862 = ORIENTED_EDGE('',*,*,#7598,.F.);
#7863 = ORIENTED_EDGE('',*,*,#2451,.F.);
#7864 = ORIENTED_EDGE('',*,*,#7706,.T.);
#7865 = ORIENTED_EDGE('',*,*,#7866,.T.);
#7866 = EDGE_CURVE('',#7707,#7599,#7867,.T.);
#7867 = SURFACE_CURVE('',#7868,(#7871,#7877),.PCURVE_S1.);
#7868 = B_SPLINE_CURVE_WITH_KNOTS('',1,(#7869,#7870),.UNSPECIFIED.,.F.,
  .F.,(2,2),(0.,1.),.PIECEWISE_BEZIER_KNOTS.);
#7869 = CARTESIAN_POINT('',(-4.41,5.31,0.5));
#7870 = CARTESIAN_POINT('',(-26.19,5.31,0.5));
#7871 = PCURVE('',#2465,#7872);
#7872 = DEFINITIONAL_REPRESENTATION('',(#7873),#7876);
#7873 = B_SPLINE_CURVE_WITH_KNOTS('',1,(#7874,#7875),.UNSPECIFIED.,.F.,
  .F.,(2,2),(0.,1.),.PIECEWISE_BEZIER_KNOTS.);
#7874 = CARTESIAN_POINT('',(22.8,0.364285714286));
#7875 = CARTESIAN_POINT('',(0.,0.364285714286));
#7876 = ( GEOMETRIC_REPRESENTATION_CONTEXT(2) 
PARAMETRIC_REPRESENTATION_CONTEXT() REPRESENTATION_CONTEXT('2D SPACE',''
  ) );
#7877 = PCURVE('',#7634,#7878);
#7878 = DEFINITIONAL_REPRESENTATION('',(#7879),#7882);
#7879 = B_SPLINE_CURVE_WITH_KNOTS('',1,(#7880,#7881),.UNSPECIFIED.,.F.,
  .F.,(2,2),(0.,1.),.PIECEWISE_BEZIER_KNOTS.);
#7880 = CARTESIAN_POINT('',(23.89,0.81));
#7881 = CARTESIAN_POINT('',(2.11,0.81));
#7882 = ( GEOMETRIC_REPRESENTATION_CONTEXT(2) 
PARAMETRIC_REPRESENTATION_CONTEXT() REPRESENTATION_CONTEXT('2D SPACE',''
  ) );
#7883 = ADVANCED_FACE('',(#7884),#2567,.T.);
#7884 = FACE_BOUND('',#7885,.T.);
#7885 = EDGE_LOOP('',(#7886,#7907,#7908,#7929));
#7886 = ORIENTED_EDGE('',*,*,#7887,.F.);
#7887 = EDGE_CURVE('',#2551,#6559,#7888,.T.);
#7888 = SURFACE_CURVE('',#7889,(#7893,#7900),.PCURVE_S1.);
#7889 = LINE('',#7890,#7891);
#7890 = CARTESIAN_POINT('',(36.,6.5,-1.));
#7891 = VECTOR('',#7892,1.);
#7892 = DIRECTION('',(0.,0.,1.));
#7893 = PCURVE('',#2567,#7894);
#7894 = DEFINITIONAL_REPRESENTATION('',(#7895),#7899);
#7895 = LINE('',#7896,#7897);
#7896 = CARTESIAN_POINT('',(0.,6.));
#7897 = VECTOR('',#7898,1.);
#7898 = DIRECTION('',(1.,0.));
#7899 = ( GEOMETRIC_REPRESENTATION_CONTEXT(2) 
PARAMETRIC_REPRESENTATION_CONTEXT() REPRESENTATION_CONTEXT('2D SPACE',''
  ) );
#7900 = PCURVE('',#2643,#7901);
#7901 = DEFINITIONAL_REPRESENTATION('',(#7902),#7906);
#7902 = LINE('',#7903,#7904);
#7903 = CARTESIAN_POINT('',(0.,0.));
#7904 = VECTOR('',#7905,1.);
#7905 = DIRECTION('',(1.,0.));
#7906 = ( GEOMETRIC_REPRESENTATION_CONTEXT(2) 
PARAMETRIC_REPRESENTATION_CONTEXT() REPRESENTATION_CONTEXT('2D SPACE',''
  ) );
#7907 = ORIENTED_EDGE('',*,*,#2550,.T.);
#7908 = ORIENTED_EDGE('',*,*,#7909,.T.);
#7909 = EDGE_CURVE('',#2553,#6561,#7910,.T.);
#7910 = SURFACE_CURVE('',#7911,(#7915,#7922),.PCURVE_S1.);
#7911 = LINE('',#7912,#7913);
#7912 = CARTESIAN_POINT('',(30.,6.5,-1.));
#7913 = VECTOR('',#7914,1.);
#7914 = DIRECTION('',(0.,0.,1.));
#7915 = PCURVE('',#2567,#7916);
#7916 = DEFINITIONAL_REPRESENTATION('',(#7917),#7921);
#7917 = LINE('',#7918,#7919);
#7918 = CARTESIAN_POINT('',(0.,0.));
#7919 = VECTOR('',#7920,1.);
#7920 = DIRECTION('',(1.,0.));
#7921 = ( GEOMETRIC_REPRESENTATION_CONTEXT(2) 
PARAMETRIC_REPRESENTATION_CONTEXT() REPRESENTATION_CONTEXT('2D SPACE',''
  ) );
#7922 = PCURVE('',#2593,#7923);
#7923 = DEFINITIONAL_REPRESENTATION('',(#7924),#7928);
#7924 = LINE('',#7925,#7926);
#7925 = CARTESIAN_POINT('',(0.,0.));
#7926 = VECTOR('',#7927,1.);
#7927 = DIRECTION('',(1.,0.));
#7928 = ( GEOMETRIC_REPRESENTATION_CONTEXT(2) 
PARAMETRIC_REPRESENTATION_CONTEXT() REPRESENTATION_CONTEXT('2D SPACE',''
  ) );
#7929 = ORIENTED_EDGE('',*,*,#6558,.F.);
#7930 = ADVANCED_FACE('',(#7931),#2643,.F.);
#7931 = FACE_BOUND('',#7932,.F.);
#7932 = EDGE_LOOP('',(#7933,#7934,#7935,#7956));
#7933 = ORIENTED_EDGE('',*,*,#7887,.F.);
#7934 = ORIENTED_EDGE('',*,*,#2630,.T.);
#7935 = ORIENTED_EDGE('',*,*,#7936,.T.);
#7936 = EDGE_CURVE('',#2605,#6603,#7937,.T.);
#7937 = SURFACE_CURVE('',#7938,(#7942,#7949),.PCURVE_S1.);
#7938 = LINE('',#7939,#7940);
#7939 = CARTESIAN_POINT('',(36.,9.5,-1.));
#7940 = VECTOR('',#7941,1.);
#7941 = DIRECTION('',(0.,0.,1.));
#7942 = PCURVE('',#2643,#7943);
#7943 = DEFINITIONAL_REPRESENTATION('',(#7944),#7948);
#7944 = LINE('',#7945,#7946);
#7945 = CARTESIAN_POINT('',(0.,-3.));
#7946 = VECTOR('',#7947,1.);
#7947 = DIRECTION('',(1.,0.));
#7948 = ( GEOMETRIC_REPRESENTATION_CONTEXT(2) 
PARAMETRIC_REPRESENTATION_CONTEXT() REPRESENTATION_CONTEXT('2D SPACE',''
  ) );
#7949 = PCURVE('',#2619,#7950);
#7950 = DEFINITIONAL_REPRESENTATION('',(#7951),#7955);
#7951 = LINE('',#7952,#7953);
#7952 = CARTESIAN_POINT('',(0.,6.));
#7953 = VECTOR('',#7954,1.);
#7954 = DIRECTION('',(1.,0.));
#7955 = ( GEOMETRIC_REPRESENTATION_CONTEXT(2) 
PARAMETRIC_REPRESENTATION_CONTEXT() REPRESENTATION_CONTEXT('2D SPACE',''
  ) );
#7956 = ORIENTED_EDGE('',*,*,#6623,.F.);
#7957 = ADVANCED_FACE('',(#7958),#2593,.T.);
#7958 = FACE_BOUND('',#7959,.T.);
#7959 = EDGE_LOOP('',(#7960,#7961,#7962,#7983));
#7960 = ORIENTED_EDGE('',*,*,#7909,.F.);
#7961 = ORIENTED_EDGE('',*,*,#2578,.T.);
#7962 = ORIENTED_EDGE('',*,*,#7963,.T.);
#7963 = EDGE_CURVE('',#2579,#6582,#7964,.T.);
#7964 = SURFACE_CURVE('',#7965,(#7969,#7976),.PCURVE_S1.);
#7965 = LINE('',#7966,#7967);
#7966 = CARTESIAN_POINT('',(30.,9.5,-1.));
#7967 = VECTOR('',#7968,1.);
#7968 = DIRECTION('',(0.,0.,1.));
#7969 = PCURVE('',#2593,#7970);
#7970 = DEFINITIONAL_REPRESENTATION('',(#7971),#7975);
#7971 = LINE('',#7972,#7973);
#7972 = CARTESIAN_POINT('',(0.,-3.));
#7973 = VECTOR('',#7974,1.);
#7974 = DIRECTION('',(1.,0.));
#7975 = ( GEOMETRIC_REPRESENTATION_CONTEXT(2) 
PARAMETRIC_REPRESENTATION_CONTEXT() REPRESENTATION_CONTEXT('2D SPACE',''
  ) );
#7976 = PCURVE('',#2619,#7977);
#7977 = DEFINITIONAL_REPRESENTATION('',(#7978),#7982);
#7978 = LINE('',#7979,#7980);
#7979 = CARTESIAN_POINT('',(0.,0.));
#7980 = VECTOR('',#7981,1.);
#7981 = DIRECTION('',(1.,0.));
#7982 = ( GEOMETRIC_REPRESENTATION_CONTEXT(2) 
PARAMETRIC_REPRESENTATION_CONTEXT() REPRESENTATION_CONTEXT('2D SPACE',''
  ) );
#7983 = ORIENTED_EDGE('',*,*,#6581,.F.);
#7984 = ADVANCED_FACE('',(#7985),#2619,.F.);
#7985 = FACE_BOUND('',#7986,.F.);
#7986 = EDGE_LOOP('',(#7987,#7988,#7989,#7990));
#7987 = ORIENTED_EDGE('',*,*,#7936,.F.);
#7988 = ORIENTED_EDGE('',*,*,#2604,.T.);
#7989 = ORIENTED_EDGE('',*,*,#7963,.T.);
#7990 = ORIENTED_EDGE('',*,*,#6602,.F.);
#7991 = ADVANCED_FACE('',(#7992),#2672,.F.);
#7992 = FACE_BOUND('',#7993,.F.);
#7993 = EDGE_LOOP('',(#7994,#8016,#8017,#8039));
#7994 = ORIENTED_EDGE('',*,*,#7995,.F.);
#7995 = EDGE_CURVE('',#2659,#7996,#7998,.T.);
#7996 = VERTEX_POINT('',#7997);
#7997 = CARTESIAN_POINT('',(25.3,26.,1.39));
#7998 = SURFACE_CURVE('',#7999,(#8002,#8009),.PCURVE_S1.);
#7999 = B_SPLINE_CURVE_WITH_KNOTS('',1,(#8000,#8001),.UNSPECIFIED.,.F.,
  .F.,(2,2),(0.,1.),.PIECEWISE_BEZIER_KNOTS.);
#8000 = CARTESIAN_POINT('',(26.7,27.4,-1.E-02));
#8001 = CARTESIAN_POINT('',(25.3,26.,1.39));
#8002 = PCURVE('',#2672,#8003);
#8003 = DEFINITIONAL_REPRESENTATION('',(#8004),#8008);
#8004 = LINE('',#8005,#8006);
#8005 = CARTESIAN_POINT('',(0.,0.));
#8006 = VECTOR('',#8007,1.);
#8007 = DIRECTION('',(0.,1.));
#8008 = ( GEOMETRIC_REPRESENTATION_CONTEXT(2) 
PARAMETRIC_REPRESENTATION_CONTEXT() REPRESENTATION_CONTEXT('2D SPACE',''
  ) );
#8009 = PCURVE('',#2697,#8010);
#8010 = DEFINITIONAL_REPRESENTATION('',(#8011),#8015);
#8011 = LINE('',#8012,#8013);
#8012 = CARTESIAN_POINT('',(22.6,0.));
#8013 = VECTOR('',#8014,1.);
#8014 = DIRECTION('',(0.,1.));
#8015 = ( GEOMETRIC_REPRESENTATION_CONTEXT(2) 
PARAMETRIC_REPRESENTATION_CONTEXT() REPRESENTATION_CONTEXT('2D SPACE',''
  ) );
#8016 = ORIENTED_EDGE('',*,*,#2656,.F.);
#8017 = ORIENTED_EDGE('',*,*,#8018,.T.);
#8018 = EDGE_CURVE('',#2657,#8019,#8021,.T.);
#8019 = VERTEX_POINT('',#8020);
#8020 = CARTESIAN_POINT('',(5.3,26.,1.39));
#8021 = SURFACE_CURVE('',#8022,(#8025,#8032),.PCURVE_S1.);
#8022 = B_SPLINE_CURVE_WITH_KNOTS('',1,(#8023,#8024),.UNSPECIFIED.,.F.,
  .F.,(2,2),(0.,1.),.PIECEWISE_BEZIER_KNOTS.);
#8023 = CARTESIAN_POINT('',(3.9,27.4,-1.E-02));
#8024 = CARTESIAN_POINT('',(5.3,26.,1.39));
#8025 = PCURVE('',#2672,#8026);
#8026 = DEFINITIONAL_REPRESENTATION('',(#8027),#8031);
#8027 = LINE('',#8028,#8029);
#8028 = CARTESIAN_POINT('',(22.8,0.));
#8029 = VECTOR('',#8030,1.);
#8030 = DIRECTION('',(0.,1.));
#8031 = ( GEOMETRIC_REPRESENTATION_CONTEXT(2) 
PARAMETRIC_REPRESENTATION_CONTEXT() REPRESENTATION_CONTEXT('2D SPACE',''
  ) );
#8032 = PCURVE('',#2818,#8033);
#8033 = DEFINITIONAL_REPRESENTATION('',(#8034),#8038);
#8034 = LINE('',#8035,#8036);
#8035 = CARTESIAN_POINT('',(0.,0.));
#8036 = VECTOR('',#8037,1.);
#8037 = DIRECTION('',(0.,1.));
#8038 = ( GEOMETRIC_REPRESENTATION_CONTEXT(2) 
PARAMETRIC_REPRESENTATION_CONTEXT() REPRESENTATION_CONTEXT('2D SPACE',''
  ) );
#8039 = ORIENTED_EDGE('',*,*,#8040,.F.);
#8040 = EDGE_CURVE('',#7996,#8019,#8041,.T.);
#8041 = SURFACE_CURVE('',#8042,(#8046,#8052),.PCURVE_S1.);
#8042 = LINE('',#8043,#8044);
#8043 = CARTESIAN_POINT('',(25.3,26.,1.39));
#8044 = VECTOR('',#8045,1.);
#8045 = DIRECTION('',(-1.,0.,0.));
#8046 = PCURVE('',#2672,#8047);
#8047 = DEFINITIONAL_REPRESENTATION('',(#8048),#8051);
#8048 = B_SPLINE_CURVE_WITH_KNOTS('',1,(#8049,#8050),.UNSPECIFIED.,.F.,
  .F.,(2,2),(0.,20.),.PIECEWISE_BEZIER_KNOTS.);
#8049 = CARTESIAN_POINT('',(0.,1.));
#8050 = CARTESIAN_POINT('',(22.8,1.));
#8051 = ( GEOMETRIC_REPRESENTATION_CONTEXT(2) 
PARAMETRIC_REPRESENTATION_CONTEXT() REPRESENTATION_CONTEXT('2D SPACE',''
  ) );
#8052 = PCURVE('',#7172,#8053);
#8053 = DEFINITIONAL_REPRESENTATION('',(#8054),#8058);
#8054 = LINE('',#8055,#8056);
#8055 = CARTESIAN_POINT('',(2.39,20.));
#8056 = VECTOR('',#8057,1.);
#8057 = DIRECTION('',(0.,-1.));
#8058 = ( GEOMETRIC_REPRESENTATION_CONTEXT(2) 
PARAMETRIC_REPRESENTATION_CONTEXT() REPRESENTATION_CONTEXT('2D SPACE',''
  ) );
#8059 = ADVANCED_FACE('',(#8060),#2818,.F.);
#8060 = FACE_BOUND('',#8061,.F.);
#8061 = EDGE_LOOP('',(#8062,#8063,#8064,#8086,#8111,#8149));
#8062 = ORIENTED_EDGE('',*,*,#8018,.F.);
#8063 = ORIENTED_EDGE('',*,*,#2806,.F.);
#8064 = ORIENTED_EDGE('',*,*,#8065,.T.);
#8065 = EDGE_CURVE('',#2782,#8066,#8068,.T.);
#8066 = VERTEX_POINT('',#8067);
#8067 = CARTESIAN_POINT('',(4.41,5.31,0.5));
#8068 = SURFACE_CURVE('',#8069,(#8072,#8079),.PCURVE_S1.);
#8069 = B_SPLINE_CURVE_WITH_KNOTS('',1,(#8070,#8071),.UNSPECIFIED.,.F.,
  .F.,(2,2),(0.,1.),.PIECEWISE_BEZIER_KNOTS.);
#8070 = CARTESIAN_POINT('',(3.9,4.8,-1.E-02));
#8071 = CARTESIAN_POINT('',(5.3,6.2,1.39));
#8072 = PCURVE('',#2818,#8073);
#8073 = DEFINITIONAL_REPRESENTATION('',(#8074),#8078);
#8074 = LINE('',#8075,#8076);
#8075 = CARTESIAN_POINT('',(22.6,0.));
#8076 = VECTOR('',#8077,1.);
#8077 = DIRECTION('',(0.,1.));
#8078 = ( GEOMETRIC_REPRESENTATION_CONTEXT(2) 
PARAMETRIC_REPRESENTATION_CONTEXT() REPRESENTATION_CONTEXT('2D SPACE',''
  ) );
#8079 = PCURVE('',#2795,#8080);
#8080 = DEFINITIONAL_REPRESENTATION('',(#8081),#8085);
#8081 = LINE('',#8082,#8083);
#8082 = CARTESIAN_POINT('',(0.,0.));
#8083 = VECTOR('',#8084,1.);
#8084 = DIRECTION('',(0.,1.));
#8085 = ( GEOMETRIC_REPRESENTATION_CONTEXT(2) 
PARAMETRIC_REPRESENTATION_CONTEXT() REPRESENTATION_CONTEXT('2D SPACE',''
  ) );
#8086 = ORIENTED_EDGE('',*,*,#8087,.T.);
#8087 = EDGE_CURVE('',#8066,#8088,#8090,.T.);
#8088 = VERTEX_POINT('',#8089);
#8089 = CARTESIAN_POINT('',(4.41,9.4,0.5));
#8090 = SURFACE_CURVE('',#8091,(#8094,#8100),.PCURVE_S1.);
#8091 = B_SPLINE_CURVE_WITH_KNOTS('',1,(#8092,#8093),.UNSPECIFIED.,.F.,
  .F.,(2,2),(0.,1.),.PIECEWISE_BEZIER_KNOTS.);
#8092 = CARTESIAN_POINT('',(4.41,5.31,0.5));
#8093 = CARTESIAN_POINT('',(4.41,9.4,0.5));
#8094 = PCURVE('',#2818,#8095);
#8095 = DEFINITIONAL_REPRESENTATION('',(#8096),#8099);
#8096 = B_SPLINE_CURVE_WITH_KNOTS('',1,(#8097,#8098),.UNSPECIFIED.,.F.,
  .F.,(2,2),(0.,1.),.PIECEWISE_BEZIER_KNOTS.);
#8097 = CARTESIAN_POINT('',(22.6,0.364285714286));
#8098 = CARTESIAN_POINT('',(18.316682113068,0.364285714286));
#8099 = ( GEOMETRIC_REPRESENTATION_CONTEXT(2) 
PARAMETRIC_REPRESENTATION_CONTEXT() REPRESENTATION_CONTEXT('2D SPACE',''
  ) );
#8100 = PCURVE('',#8101,#8106);
#8101 = PLANE('',#8102);
#8102 = AXIS2_PLACEMENT_3D('',#8103,#8104,#8105);
#8103 = CARTESIAN_POINT('',(2.3,4.5,0.5));
#8104 = DIRECTION('',(0.,0.,1.));
#8105 = DIRECTION('',(1.,0.,0.));
#8106 = DEFINITIONAL_REPRESENTATION('',(#8107),#8110);
#8107 = B_SPLINE_CURVE_WITH_KNOTS('',1,(#8108,#8109),.UNSPECIFIED.,.F.,
  .F.,(2,2),(0.,1.),.PIECEWISE_BEZIER_KNOTS.);
#8108 = CARTESIAN_POINT('',(2.11,0.81));
#8109 = CARTESIAN_POINT('',(2.11,4.9));
#8110 = ( GEOMETRIC_REPRESENTATION_CONTEXT(2) 
PARAMETRIC_REPRESENTATION_CONTEXT() REPRESENTATION_CONTEXT('2D SPACE',''
  ) );
#8111 = ORIENTED_EDGE('',*,*,#8112,.T.);
#8112 = EDGE_CURVE('',#8088,#8113,#8115,.T.);
#8113 = VERTEX_POINT('',#8114);
#8114 = CARTESIAN_POINT('',(5.3,9.4,1.39));
#8115 = SURFACE_CURVE('',#8116,(#8125,#8137),.PCURVE_S1.);
#8116 = B_SPLINE_CURVE_WITH_KNOTS('',4,(#8117,#8118,#8119,#8120,#8121,
    #8122,#8123,#8124),.UNSPECIFIED.,.F.,.F.,(5,3,5),(0.,0.496575009687,
    1.),.UNSPECIFIED.);
#8117 = CARTESIAN_POINT('',(4.41,9.4,0.5));
#8118 = CARTESIAN_POINT('',(4.521993600947,9.4,0.611993600947));
#8119 = CARTESIAN_POINT('',(4.633540281227,9.4,0.723540281227));
#8120 = CARTESIAN_POINT('',(4.744604365486,9.4,0.834604365486));
#8121 = CARTESIAN_POINT('',(4.967210140773,9.4,1.057210140773));
#8122 = CARTESIAN_POINT('',(5.078737269931,9.4,1.168737269931));
#8123 = CARTESIAN_POINT('',(5.189683421806,9.4,1.279683421806));
#8124 = CARTESIAN_POINT('',(5.3,9.4,1.39));
#8125 = PCURVE('',#2818,#8126);
#8126 = DEFINITIONAL_REPRESENTATION('',(#8127),#8136);
#8127 = B_SPLINE_CURVE_WITH_KNOTS('',4,(#8128,#8129,#8130,#8131,#8132,
    #8133,#8134,#8135),.UNSPECIFIED.,.F.,.F.,(5,3,5),(0.,0.496575009687,
    1.),.UNSPECIFIED.);
#8128 = CARTESIAN_POINT('',(18.3166821359,0.364285714286));
#8129 = CARTESIAN_POINT('',(18.38951100514,0.444281143533));
#8130 = CARTESIAN_POINT('',(18.464064946256,0.523957343733));
#8131 = CARTESIAN_POINT('',(18.540410406712,0.60328883249));
#8132 = CARTESIAN_POINT('',(18.697896004774,0.762292957695));
#8133 = CARTESIAN_POINT('',(18.779087691553,0.841955192808));
#8134 = CARTESIAN_POINT('',(18.862258257983,0.921202444147));
#8135 = CARTESIAN_POINT('',(18.947474747475,1.));
#8136 = ( GEOMETRIC_REPRESENTATION_CONTEXT(2) 
PARAMETRIC_REPRESENTATION_CONTEXT() REPRESENTATION_CONTEXT('2D SPACE',''
  ) );
#8137 = PCURVE('',#7122,#8138);
#8138 = DEFINITIONAL_REPRESENTATION('',(#8139),#8148);
#8139 = B_SPLINE_CURVE_WITH_KNOTS('',4,(#8140,#8141,#8142,#8143,#8144,
    #8145,#8146,#8147),.UNSPECIFIED.,.F.,.F.,(5,3,5),(0.,0.496575009687,
    1.),.UNSPECIFIED.);
#8140 = CARTESIAN_POINT('',(0.,2.11));
#8141 = CARTESIAN_POINT('',(0.111993600947,2.221993600947));
#8142 = CARTESIAN_POINT('',(0.223540281227,2.333540281227));
#8143 = CARTESIAN_POINT('',(0.334604365486,2.444604365486));
#8144 = CARTESIAN_POINT('',(0.557210140773,2.667210140773));
#8145 = CARTESIAN_POINT('',(0.668737269931,2.778737269931));
#8146 = CARTESIAN_POINT('',(0.779683421806,2.889683421806));
#8147 = CARTESIAN_POINT('',(0.89,3.));
#8148 = ( GEOMETRIC_REPRESENTATION_CONTEXT(2) 
PARAMETRIC_REPRESENTATION_CONTEXT() REPRESENTATION_CONTEXT('2D SPACE',''
  ) );
#8149 = ORIENTED_EDGE('',*,*,#8150,.F.);
#8150 = EDGE_CURVE('',#8019,#8113,#8151,.T.);
#8151 = SURFACE_CURVE('',#8152,(#8156,#8162),.PCURVE_S1.);
#8152 = LINE('',#8153,#8154);
#8153 = CARTESIAN_POINT('',(5.3,26.,1.39));
#8154 = VECTOR('',#8155,1.);
#8155 = DIRECTION('',(0.,-1.,0.));
#8156 = PCURVE('',#2818,#8157);
#8157 = DEFINITIONAL_REPRESENTATION('',(#8158),#8161);
#8158 = B_SPLINE_CURVE_WITH_KNOTS('',1,(#8159,#8160),.UNSPECIFIED.,.F.,
  .F.,(2,2),(0.,19.8),.PIECEWISE_BEZIER_KNOTS.);
#8159 = CARTESIAN_POINT('',(0.,1.));
#8160 = CARTESIAN_POINT('',(22.6,1.));
#8161 = ( GEOMETRIC_REPRESENTATION_CONTEXT(2) 
PARAMETRIC_REPRESENTATION_CONTEXT() REPRESENTATION_CONTEXT('2D SPACE',''
  ) );
#8162 = PCURVE('',#7148,#8163);
#8163 = DEFINITIONAL_REPRESENTATION('',(#8164),#8168);
#8164 = LINE('',#8165,#8166);
#8165 = CARTESIAN_POINT('',(2.39,-19.8));
#8166 = VECTOR('',#8167,1.);
#8167 = DIRECTION('',(0.,1.));
#8168 = ( GEOMETRIC_REPRESENTATION_CONTEXT(2) 
PARAMETRIC_REPRESENTATION_CONTEXT() REPRESENTATION_CONTEXT('2D SPACE',''
  ) );
#8169 = ADVANCED_FACE('',(#8170),#2697,.F.);
#8170 = FACE_BOUND('',#8171,.F.);
#8171 = EDGE_LOOP('',(#8172,#8194,#8195,#8237,#8238,#8239,#8261,#8299));
#8172 = ORIENTED_EDGE('',*,*,#8173,.F.);
#8173 = EDGE_CURVE('',#2762,#8174,#8176,.T.);
#8174 = VERTEX_POINT('',#8175);
#8175 = CARTESIAN_POINT('',(26.19,5.31,0.5));
#8176 = SURFACE_CURVE('',#8177,(#8180,#8187),.PCURVE_S1.);
#8177 = B_SPLINE_CURVE_WITH_KNOTS('',1,(#8178,#8179),.UNSPECIFIED.,.F.,
  .F.,(2,2),(0.,1.),.PIECEWISE_BEZIER_KNOTS.);
#8178 = CARTESIAN_POINT('',(26.7,4.8,-1.E-02));
#8179 = CARTESIAN_POINT('',(25.3,6.2,1.39));
#8180 = PCURVE('',#2697,#8181);
#8181 = DEFINITIONAL_REPRESENTATION('',(#8182),#8186);
#8182 = LINE('',#8183,#8184);
#8183 = CARTESIAN_POINT('',(0.,0.));
#8184 = VECTOR('',#8185,1.);
#8185 = DIRECTION('',(0.,1.));
#8186 = ( GEOMETRIC_REPRESENTATION_CONTEXT(2) 
PARAMETRIC_REPRESENTATION_CONTEXT() REPRESENTATION_CONTEXT('2D SPACE',''
  ) );
#8187 = PCURVE('',#2795,#8188);
#8188 = DEFINITIONAL_REPRESENTATION('',(#8189),#8193);
#8189 = LINE('',#8190,#8191);
#8190 = CARTESIAN_POINT('',(22.8,0.));
#8191 = VECTOR('',#8192,1.);
#8192 = DIRECTION('',(0.,1.));
#8193 = ( GEOMETRIC_REPRESENTATION_CONTEXT(2) 
PARAMETRIC_REPRESENTATION_CONTEXT() REPRESENTATION_CONTEXT('2D SPACE',''
  ) );
#8194 = ORIENTED_EDGE('',*,*,#2761,.F.);
#8195 = ORIENTED_EDGE('',*,*,#8196,.T.);
#8196 = EDGE_CURVE('',#2738,#2684,#8197,.T.);
#8197 = SURFACE_CURVE('',#8198,(#8209,#8223),.PCURVE_S1.);
#8198 = B_SPLINE_CURVE_WITH_KNOTS('',5,(#8199,#8200,#8201,#8202,#8203,
    #8204,#8205,#8206,#8207,#8208),.UNSPECIFIED.,.F.,.F.,(6,4,6),(0.,
    0.554791243881,1.),.UNSPECIFIED.);
#8199 = CARTESIAN_POINT('',(26.69000084,14.984127685958,
    -8.40000000002E-07));
#8200 = CARTESIAN_POINT('',(26.670777244743,15.209358585465,
    1.922275525706E-02));
#8201 = CARTESIAN_POINT('',(26.65687104631,15.434816306071,
    3.312895368961E-02));
#8202 = CARTESIAN_POINT('',(26.648302361068,15.660395887816,
    4.169763893174E-02));
#8203 = CARTESIAN_POINT('',(26.645076429828,15.886011241995,
    4.492357017164E-02));
#8204 = CARTESIAN_POINT('',(26.648884682902,16.292590817753,
    4.111531709821E-02));
#8205 = CARTESIAN_POINT('',(26.654018024017,16.473571685101,
    3.598197598315E-02));
#8206 = CARTESIAN_POINT('',(26.66258734266,16.654477883511,
    2.74126573396E-02));
#8207 = CARTESIAN_POINT('',(26.674585645131,16.835262071269,
    1.541435486871E-02));
#8208 = CARTESIAN_POINT('',(26.69000084,17.015872314042,
    -8.40000000002E-07));
#8209 = PCURVE('',#2697,#8210);
#8210 = DEFINITIONAL_REPRESENTATION('',(#8211),#8222);
#8211 = B_SPLINE_CURVE_WITH_KNOTS('',5,(#8212,#8213,#8214,#8215,#8216,
    #8217,#8218,#8219,#8220,#8221),.UNSPECIFIED.,.F.,.F.,(6,4,6),(0.,
    0.554791243881,1.),.UNSPECIFIED.);
#8212 = CARTESIAN_POINT('',(10.183139396766,7.142257142857E-03));
#8213 = CARTESIAN_POINT('',(10.406668085913,2.087339661219E-02));
#8214 = CARTESIAN_POINT('',(10.631901336238,3.080639549258E-02));
#8215 = CARTESIAN_POINT('',(10.858224171434,3.692688495124E-02));
#8216 = CARTESIAN_POINT('',(11.085008650391,3.923112155117E-02));
#8217 = CARTESIAN_POINT('',(11.493493367685,3.651094078444E-02));
#8218 = CARTESIAN_POINT('',(11.67525076935,3.284426855939E-02));
#8219 = CARTESIAN_POINT('',(11.8565814244,2.672332667114E-02));
#8220 = CARTESIAN_POINT('',(12.037164892865,1.815311062051E-02));
#8221 = CARTESIAN_POINT('',(12.216683470209,7.142257142857E-03));
#8222 = ( GEOMETRIC_REPRESENTATION_CONTEXT(2) 
PARAMETRIC_REPRESENTATION_CONTEXT() REPRESENTATION_CONTEXT('2D SPACE',''
  ) );
#8223 = PCURVE('',#2725,#8224);
#8224 = DEFINITIONAL_REPRESENTATION('',(#8225),#8236);
#8225 = B_SPLINE_CURVE_WITH_KNOTS('',5,(#8226,#8227,#8228,#8229,#8230,
    #8231,#8232,#8233,#8234,#8235),.UNSPECIFIED.,.F.,.F.,(6,4,6),(0.,
    0.554791243881,1.),.UNSPECIFIED.);
#8226 = CARTESIAN_POINT('',(-3.301217001747,-9.999159999998E-03));
#8227 = CARTESIAN_POINT('',(-3.265946426122,-2.922275525706E-02));
#8228 = CARTESIAN_POINT('',(-3.230540987095,-4.312895368962E-02));
#8229 = CARTESIAN_POINT('',(-3.195052604208,-5.169763893173E-02));
#8230 = CARTESIAN_POINT('',(-3.159532392134,-5.492357017164E-02));
#8231 = CARTESIAN_POINT('',(-3.095541652782,-5.111531709821E-02));
#8232 = CARTESIAN_POINT('',(-3.06706452524,-4.598197598315E-02));
#8233 = CARTESIAN_POINT('',(-3.03862565821,-3.74126573396E-02));
#8234 = CARTESIAN_POINT('',(-3.010251401759,-2.541435486871E-02));
#8235 = CARTESIAN_POINT('',(-2.981968305433,-9.999159999999E-03));
#8236 = ( GEOMETRIC_REPRESENTATION_CONTEXT(2) 
PARAMETRIC_REPRESENTATION_CONTEXT() REPRESENTATION_CONTEXT('2D SPACE',''
  ) );
#8237 = ORIENTED_EDGE('',*,*,#2683,.F.);
#8238 = ORIENTED_EDGE('',*,*,#7995,.T.);
#8239 = ORIENTED_EDGE('',*,*,#8240,.F.);
#8240 = EDGE_CURVE('',#8241,#7996,#8243,.T.);
#8241 = VERTEX_POINT('',#8242);
#8242 = CARTESIAN_POINT('',(25.3,9.4,1.39));
#8243 = SURFACE_CURVE('',#8244,(#8248,#8254),.PCURVE_S1.);
#8244 = LINE('',#8245,#8246);
#8245 = CARTESIAN_POINT('',(25.3,6.2,1.39));
#8246 = VECTOR('',#8247,1.);
#8247 = DIRECTION('',(0.,1.,0.));
#8248 = PCURVE('',#2697,#8249);
#8249 = DEFINITIONAL_REPRESENTATION('',(#8250),#8253);
#8250 = B_SPLINE_CURVE_WITH_KNOTS('',1,(#8251,#8252),.UNSPECIFIED.,.F.,
  .F.,(2,2),(0.,19.8),.PIECEWISE_BEZIER_KNOTS.);
#8251 = CARTESIAN_POINT('',(0.,1.));
#8252 = CARTESIAN_POINT('',(22.6,1.));
#8253 = ( GEOMETRIC_REPRESENTATION_CONTEXT(2) 
PARAMETRIC_REPRESENTATION_CONTEXT() REPRESENTATION_CONTEXT('2D SPACE',''
  ) );
#8254 = PCURVE('',#6992,#8255);
#8255 = DEFINITIONAL_REPRESENTATION('',(#8256),#8260);
#8256 = LINE('',#8257,#8258);
#8257 = CARTESIAN_POINT('',(2.39,-8.881784197001E-16));
#8258 = VECTOR('',#8259,1.);
#8259 = DIRECTION('',(0.,-1.));
#8260 = ( GEOMETRIC_REPRESENTATION_CONTEXT(2) 
PARAMETRIC_REPRESENTATION_CONTEXT() REPRESENTATION_CONTEXT('2D SPACE',''
  ) );
#8261 = ORIENTED_EDGE('',*,*,#8262,.F.);
#8262 = EDGE_CURVE('',#8263,#8241,#8265,.T.);
#8263 = VERTEX_POINT('',#8264);
#8264 = CARTESIAN_POINT('',(26.19,9.4,0.5));
#8265 = SURFACE_CURVE('',#8266,(#8275,#8287),.PCURVE_S1.);
#8266 = B_SPLINE_CURVE_WITH_KNOTS('',4,(#8267,#8268,#8269,#8270,#8271,
    #8272,#8273,#8274),.UNSPECIFIED.,.F.,.F.,(5,3,5),(0.,0.496575009687,
    1.),.UNSPECIFIED.);
#8267 = CARTESIAN_POINT('',(26.19,9.4,0.5));
#8268 = CARTESIAN_POINT('',(26.078006399053,9.4,0.611993600947));
#8269 = CARTESIAN_POINT('',(25.966459718773,9.4,0.723540281227));
#8270 = CARTESIAN_POINT('',(25.855395634514,9.4,0.834604365486));
#8271 = CARTESIAN_POINT('',(25.632789859227,9.4,1.057210140773));
#8272 = CARTESIAN_POINT('',(25.521262730069,9.4,1.168737269931));
#8273 = CARTESIAN_POINT('',(25.410316578194,9.4,1.279683421806));
#8274 = CARTESIAN_POINT('',(25.3,9.4,1.39));
#8275 = PCURVE('',#2697,#8276);
#8276 = DEFINITIONAL_REPRESENTATION('',(#8277),#8286);
#8277 = B_SPLINE_CURVE_WITH_KNOTS('',4,(#8278,#8279,#8280,#8281,#8282,
    #8283,#8284,#8285),.UNSPECIFIED.,.F.,.F.,(5,3,5),(0.,0.496575009687,
    1.),.UNSPECIFIED.);
#8278 = CARTESIAN_POINT('',(4.2833178641,0.364285714286));
#8279 = CARTESIAN_POINT('',(4.21048899486,0.444281143533));
#8280 = CARTESIAN_POINT('',(4.135935053744,0.523957343733));
#8281 = CARTESIAN_POINT('',(4.059589593288,0.60328883249));
#8282 = CARTESIAN_POINT('',(3.902103995226,0.762292957695));
#8283 = CARTESIAN_POINT('',(3.820912308447,0.841955192808));
#8284 = CARTESIAN_POINT('',(3.737741742017,0.921202444147));
#8285 = CARTESIAN_POINT('',(3.652525252525,1.));
#8286 = ( GEOMETRIC_REPRESENTATION_CONTEXT(2) 
PARAMETRIC_REPRESENTATION_CONTEXT() REPRESENTATION_CONTEXT('2D SPACE',''
  ) );
#8287 = PCURVE('',#7018,#8288);
#8288 = DEFINITIONAL_REPRESENTATION('',(#8289),#8298);
#8289 = B_SPLINE_CURVE_WITH_KNOTS('',4,(#8290,#8291,#8292,#8293,#8294,
    #8295,#8296,#8297),.UNSPECIFIED.,.F.,.F.,(5,3,5),(0.,0.496575009687,
    1.),.UNSPECIFIED.);
#8290 = CARTESIAN_POINT('',(0.,23.89));
#8291 = CARTESIAN_POINT('',(0.111993600947,23.778006399053));
#8292 = CARTESIAN_POINT('',(0.223540281227,23.666459718773));
#8293 = CARTESIAN_POINT('',(0.334604365486,23.555395634514));
#8294 = CARTESIAN_POINT('',(0.557210140773,23.332789859227));
#8295 = CARTESIAN_POINT('',(0.668737269931,23.221262730069));
#8296 = CARTESIAN_POINT('',(0.779683421806,23.110316578194));
#8297 = CARTESIAN_POINT('',(0.89,23.));
#8298 = ( GEOMETRIC_REPRESENTATION_CONTEXT(2) 
PARAMETRIC_REPRESENTATION_CONTEXT() REPRESENTATION_CONTEXT('2D SPACE',''
  ) );
#8299 = ORIENTED_EDGE('',*,*,#8300,.T.);
#8300 = EDGE_CURVE('',#8263,#8174,#8301,.T.);
#8301 = SURFACE_CURVE('',#8302,(#8305,#8311),.PCURVE_S1.);
#8302 = B_SPLINE_CURVE_WITH_KNOTS('',1,(#8303,#8304),.UNSPECIFIED.,.F.,
  .F.,(2,2),(0.,1.),.PIECEWISE_BEZIER_KNOTS.);
#8303 = CARTESIAN_POINT('',(26.19,9.4,0.5));
#8304 = CARTESIAN_POINT('',(26.19,5.31,0.5));
#8305 = PCURVE('',#2697,#8306);
#8306 = DEFINITIONAL_REPRESENTATION('',(#8307),#8310);
#8307 = B_SPLINE_CURVE_WITH_KNOTS('',1,(#8308,#8309),.UNSPECIFIED.,.F.,
  .F.,(2,2),(0.,1.),.PIECEWISE_BEZIER_KNOTS.);
#8308 = CARTESIAN_POINT('',(4.283317886932,0.364285714286));
#8309 = CARTESIAN_POINT('',(0.,0.364285714286));
#8310 = ( GEOMETRIC_REPRESENTATION_CONTEXT(2) 
PARAMETRIC_REPRESENTATION_CONTEXT() REPRESENTATION_CONTEXT('2D SPACE',''
  ) );
#8311 = PCURVE('',#8101,#8312);
#8312 = DEFINITIONAL_REPRESENTATION('',(#8313),#8316);
#8313 = B_SPLINE_CURVE_WITH_KNOTS('',1,(#8314,#8315),.UNSPECIFIED.,.F.,
  .F.,(2,2),(0.,1.),.PIECEWISE_BEZIER_KNOTS.);
#8314 = CARTESIAN_POINT('',(23.89,4.9));
#8315 = CARTESIAN_POINT('',(23.89,0.81));
#8316 = ( GEOMETRIC_REPRESENTATION_CONTEXT(2) 
PARAMETRIC_REPRESENTATION_CONTEXT() REPRESENTATION_CONTEXT('2D SPACE',''
  ) );
#8317 = ADVANCED_FACE('',(#8318),#2795,.F.);
#8318 = FACE_BOUND('',#8319,.F.);
#8319 = EDGE_LOOP('',(#8320,#8321,#8322,#8323));
#8320 = ORIENTED_EDGE('',*,*,#8065,.F.);
#8321 = ORIENTED_EDGE('',*,*,#2781,.F.);
#8322 = ORIENTED_EDGE('',*,*,#8173,.T.);
#8323 = ORIENTED_EDGE('',*,*,#8324,.T.);
#8324 = EDGE_CURVE('',#8174,#8066,#8325,.T.);
#8325 = SURFACE_CURVE('',#8326,(#8329,#8335),.PCURVE_S1.);
#8326 = B_SPLINE_CURVE_WITH_KNOTS('',1,(#8327,#8328),.UNSPECIFIED.,.F.,
  .F.,(2,2),(0.,1.),.PIECEWISE_BEZIER_KNOTS.);
#8327 = CARTESIAN_POINT('',(26.19,5.31,0.5));
#8328 = CARTESIAN_POINT('',(4.41,5.31,0.5));
#8329 = PCURVE('',#2795,#8330);
#8330 = DEFINITIONAL_REPRESENTATION('',(#8331),#8334);
#8331 = B_SPLINE_CURVE_WITH_KNOTS('',1,(#8332,#8333),.UNSPECIFIED.,.F.,
  .F.,(2,2),(0.,1.),.PIECEWISE_BEZIER_KNOTS.);
#8332 = CARTESIAN_POINT('',(22.8,0.364285714286));
#8333 = CARTESIAN_POINT('',(0.,0.364285714286));
#8334 = ( GEOMETRIC_REPRESENTATION_CONTEXT(2) 
PARAMETRIC_REPRESENTATION_CONTEXT() REPRESENTATION_CONTEXT('2D SPACE',''
  ) );
#8335 = PCURVE('',#8101,#8336);
#8336 = DEFINITIONAL_REPRESENTATION('',(#8337),#8340);
#8337 = B_SPLINE_CURVE_WITH_KNOTS('',1,(#8338,#8339),.UNSPECIFIED.,.F.,
  .F.,(2,2),(0.,1.),.PIECEWISE_BEZIER_KNOTS.);
#8338 = CARTESIAN_POINT('',(23.89,0.81));
#8339 = CARTESIAN_POINT('',(2.11,0.81));
#8340 = ( GEOMETRIC_REPRESENTATION_CONTEXT(2) 
PARAMETRIC_REPRESENTATION_CONTEXT() REPRESENTATION_CONTEXT('2D SPACE',''
  ) );
#8341 = ADVANCED_FACE('',(#8342),#2725,.F.);
#8342 = FACE_BOUND('',#8343,.F.);
#8343 = EDGE_LOOP('',(#8344,#8367,#8389,#8390,#8391,#8392));
#8344 = ORIENTED_EDGE('',*,*,#8345,.T.);
#8345 = EDGE_CURVE('',#2709,#8346,#8348,.T.);
#8346 = VERTEX_POINT('',#8347);
#8347 = CARTESIAN_POINT('',(38.,16.,1.59));
#8348 = SEAM_CURVE('',#8349,(#8353,#8360),.PCURVE_S1.);
#8349 = LINE('',#8350,#8351);
#8350 = CARTESIAN_POINT('',(39.4,16.,-1.E-02));
#8351 = VECTOR('',#8352,1.);
#8352 = DIRECTION('',(-0.658504607869,1.6128711205E-16,0.752576694707));
#8353 = PCURVE('',#2725,#8354);
#8354 = DEFINITIONAL_REPRESENTATION('',(#8355),#8359);
#8355 = LINE('',#8356,#8357);
#8356 = CARTESIAN_POINT('',(-6.28318530718,0.));
#8357 = VECTOR('',#8358,1.);
#8358 = DIRECTION('',(-0.,-1.));
#8359 = ( GEOMETRIC_REPRESENTATION_CONTEXT(2) 
PARAMETRIC_REPRESENTATION_CONTEXT() REPRESENTATION_CONTEXT('2D SPACE',''
  ) );
#8360 = PCURVE('',#2725,#8361);
#8361 = DEFINITIONAL_REPRESENTATION('',(#8362),#8366);
#8362 = LINE('',#8363,#8364);
#8363 = CARTESIAN_POINT('',(0.,-0.));
#8364 = VECTOR('',#8365,1.);
#8365 = DIRECTION('',(-0.,-1.));
#8366 = ( GEOMETRIC_REPRESENTATION_CONTEXT(2) 
PARAMETRIC_REPRESENTATION_CONTEXT() REPRESENTATION_CONTEXT('2D SPACE',''
  ) );
#8367 = ORIENTED_EDGE('',*,*,#8368,.F.);
#8368 = EDGE_CURVE('',#8346,#8346,#8369,.T.);
#8369 = SURFACE_CURVE('',#8370,(#8375,#8382),.PCURVE_S1.);
#8370 = CIRCLE('',#8371,5.);
#8371 = AXIS2_PLACEMENT_3D('',#8372,#8373,#8374);
#8372 = CARTESIAN_POINT('',(33.,16.,1.59));
#8373 = DIRECTION('',(0.,0.,1.));
#8374 = DIRECTION('',(1.,0.,-0.));
#8375 = PCURVE('',#2725,#8376);
#8376 = DEFINITIONAL_REPRESENTATION('',(#8377),#8381);
#8377 = LINE('',#8378,#8379);
#8378 = CARTESIAN_POINT('',(-0.,-1.6));
#8379 = VECTOR('',#8380,1.);
#8380 = DIRECTION('',(-1.,-0.));
#8381 = ( GEOMETRIC_REPRESENTATION_CONTEXT(2) 
PARAMETRIC_REPRESENTATION_CONTEXT() REPRESENTATION_CONTEXT('2D SPACE',''
  ) );
#8382 = PCURVE('',#7206,#8383);
#8383 = DEFINITIONAL_REPRESENTATION('',(#8384),#8388);
#8384 = LINE('',#8385,#8386);
#8385 = CARTESIAN_POINT('',(-0.,-2.59));
#8386 = VECTOR('',#8387,1.);
#8387 = DIRECTION('',(-1.,0.));
#8388 = ( GEOMETRIC_REPRESENTATION_CONTEXT(2) 
PARAMETRIC_REPRESENTATION_CONTEXT() REPRESENTATION_CONTEXT('2D SPACE',''
  ) );
#8389 = ORIENTED_EDGE('',*,*,#8345,.F.);
#8390 = ORIENTED_EDGE('',*,*,#2708,.T.);
#8391 = ORIENTED_EDGE('',*,*,#8196,.F.);
#8392 = ORIENTED_EDGE('',*,*,#2737,.T.);
#8393 = ADVANCED_FACE('',(#8394),#2848,.T.);
#8394 = FACE_BOUND('',#8395,.T.);
#8395 = EDGE_LOOP('',(#8396,#8417,#8418,#8439));
#8396 = ORIENTED_EDGE('',*,*,#8397,.F.);
#8397 = EDGE_CURVE('',#2832,#6890,#8398,.T.);
#8398 = SURFACE_CURVE('',#8399,(#8403,#8410),.PCURVE_S1.);
#8399 = LINE('',#8400,#8401);
#8400 = CARTESIAN_POINT('',(-30.,22.5,-1.));
#8401 = VECTOR('',#8402,1.);
#8402 = DIRECTION('',(0.,0.,1.));
#8403 = PCURVE('',#2848,#8404);
#8404 = DEFINITIONAL_REPRESENTATION('',(#8405),#8409);
#8405 = LINE('',#8406,#8407);
#8406 = CARTESIAN_POINT('',(0.,6.));
#8407 = VECTOR('',#8408,1.);
#8408 = DIRECTION('',(1.,0.));
#8409 = ( GEOMETRIC_REPRESENTATION_CONTEXT(2) 
PARAMETRIC_REPRESENTATION_CONTEXT() REPRESENTATION_CONTEXT('2D SPACE',''
  ) );
#8410 = PCURVE('',#2924,#8411);
#8411 = DEFINITIONAL_REPRESENTATION('',(#8412),#8416);
#8412 = LINE('',#8413,#8414);
#8413 = CARTESIAN_POINT('',(0.,0.));
#8414 = VECTOR('',#8415,1.);
#8415 = DIRECTION('',(1.,0.));
#8416 = ( GEOMETRIC_REPRESENTATION_CONTEXT(2) 
PARAMETRIC_REPRESENTATION_CONTEXT() REPRESENTATION_CONTEXT('2D SPACE',''
  ) );
#8417 = ORIENTED_EDGE('',*,*,#2831,.T.);
#8418 = ORIENTED_EDGE('',*,*,#8419,.T.);
#8419 = EDGE_CURVE('',#2834,#6892,#8420,.T.);
#8420 = SURFACE_CURVE('',#8421,(#8425,#8432),.PCURVE_S1.);
#8421 = LINE('',#8422,#8423);
#8422 = CARTESIAN_POINT('',(-36.,22.5,-1.));
#8423 = VECTOR('',#8424,1.);
#8424 = DIRECTION('',(0.,0.,1.));
#8425 = PCURVE('',#2848,#8426);
#8426 = DEFINITIONAL_REPRESENTATION('',(#8427),#8431);
#8427 = LINE('',#8428,#8429);
#8428 = CARTESIAN_POINT('',(0.,0.));
#8429 = VECTOR('',#8430,1.);
#8430 = DIRECTION('',(1.,0.));
#8431 = ( GEOMETRIC_REPRESENTATION_CONTEXT(2) 
PARAMETRIC_REPRESENTATION_CONTEXT() REPRESENTATION_CONTEXT('2D SPACE',''
  ) );
#8432 = PCURVE('',#2874,#8433);
#8433 = DEFINITIONAL_REPRESENTATION('',(#8434),#8438);
#8434 = LINE('',#8435,#8436);
#8435 = CARTESIAN_POINT('',(0.,0.));
#8436 = VECTOR('',#8437,1.);
#8437 = DIRECTION('',(1.,0.));
#8438 = ( GEOMETRIC_REPRESENTATION_CONTEXT(2) 
PARAMETRIC_REPRESENTATION_CONTEXT() REPRESENTATION_CONTEXT('2D SPACE',''
  ) );
#8439 = ORIENTED_EDGE('',*,*,#6889,.F.);
#8440 = ADVANCED_FACE('',(#8441),#2924,.F.);
#8441 = FACE_BOUND('',#8442,.F.);
#8442 = EDGE_LOOP('',(#8443,#8444,#8445,#8466));
#8443 = ORIENTED_EDGE('',*,*,#8397,.F.);
#8444 = ORIENTED_EDGE('',*,*,#2911,.T.);
#8445 = ORIENTED_EDGE('',*,*,#8446,.T.);
#8446 = EDGE_CURVE('',#2886,#6934,#8447,.T.);
#8447 = SURFACE_CURVE('',#8448,(#8452,#8459),.PCURVE_S1.);
#8448 = LINE('',#8449,#8450);
#8449 = CARTESIAN_POINT('',(-30.,25.5,-1.));
#8450 = VECTOR('',#8451,1.);
#8451 = DIRECTION('',(0.,0.,1.));
#8452 = PCURVE('',#2924,#8453);
#8453 = DEFINITIONAL_REPRESENTATION('',(#8454),#8458);
#8454 = LINE('',#8455,#8456);
#8455 = CARTESIAN_POINT('',(0.,-3.));
#8456 = VECTOR('',#8457,1.);
#8457 = DIRECTION('',(1.,0.));
#8458 = ( GEOMETRIC_REPRESENTATION_CONTEXT(2) 
PARAMETRIC_REPRESENTATION_CONTEXT() REPRESENTATION_CONTEXT('2D SPACE',''
  ) );
#8459 = PCURVE('',#2900,#8460);
#8460 = DEFINITIONAL_REPRESENTATION('',(#8461),#8465);
#8461 = LINE('',#8462,#8463);
#8462 = CARTESIAN_POINT('',(0.,6.));
#8463 = VECTOR('',#8464,1.);
#8464 = DIRECTION('',(1.,0.));
#8465 = ( GEOMETRIC_REPRESENTATION_CONTEXT(2) 
PARAMETRIC_REPRESENTATION_CONTEXT() REPRESENTATION_CONTEXT('2D SPACE',''
  ) );
#8466 = ORIENTED_EDGE('',*,*,#6954,.F.);
#8467 = ADVANCED_FACE('',(#8468),#2874,.T.);
#8468 = FACE_BOUND('',#8469,.T.);
#8469 = EDGE_LOOP('',(#8470,#8471,#8472,#8493));
#8470 = ORIENTED_EDGE('',*,*,#8419,.F.);
#8471 = ORIENTED_EDGE('',*,*,#2859,.T.);
#8472 = ORIENTED_EDGE('',*,*,#8473,.T.);
#8473 = EDGE_CURVE('',#2860,#6913,#8474,.T.);
#8474 = SURFACE_CURVE('',#8475,(#8479,#8486),.PCURVE_S1.);
#8475 = LINE('',#8476,#8477);
#8476 = CARTESIAN_POINT('',(-36.,25.5,-1.));
#8477 = VECTOR('',#8478,1.);
#8478 = DIRECTION('',(0.,0.,1.));
#8479 = PCURVE('',#2874,#8480);
#8480 = DEFINITIONAL_REPRESENTATION('',(#8481),#8485);
#8481 = LINE('',#8482,#8483);
#8482 = CARTESIAN_POINT('',(0.,-3.));
#8483 = VECTOR('',#8484,1.);
#8484 = DIRECTION('',(1.,0.));
#8485 = ( GEOMETRIC_REPRESENTATION_CONTEXT(2) 
PARAMETRIC_REPRESENTATION_CONTEXT() REPRESENTATION_CONTEXT('2D SPACE',''
  ) );
#8486 = PCURVE('',#2900,#8487);
#8487 = DEFINITIONAL_REPRESENTATION('',(#8488),#8492);
#8488 = LINE('',#8489,#8490);
#8489 = CARTESIAN_POINT('',(0.,0.));
#8490 = VECTOR('',#8491,1.);
#8491 = DIRECTION('',(1.,0.));
#8492 = ( GEOMETRIC_REPRESENTATION_CONTEXT(2) 
PARAMETRIC_REPRESENTATION_CONTEXT() REPRESENTATION_CONTEXT('2D SPACE',''
  ) );
#8493 = ORIENTED_EDGE('',*,*,#6912,.F.);
#8494 = ADVANCED_FACE('',(#8495),#2900,.F.);
#8495 = FACE_BOUND('',#8496,.F.);
#8496 = EDGE_LOOP('',(#8497,#8498,#8499,#8500));
#8497 = ORIENTED_EDGE('',*,*,#8446,.F.);
#8498 = ORIENTED_EDGE('',*,*,#2885,.T.);
#8499 = ORIENTED_EDGE('',*,*,#8473,.T.);
#8500 = ORIENTED_EDGE('',*,*,#6933,.F.);
#8501 = ADVANCED_FACE('',(#8502),#2954,.T.);
#8502 = FACE_BOUND('',#8503,.T.);
#8503 = EDGE_LOOP('',(#8504,#8525,#8526,#8547));
#8504 = ORIENTED_EDGE('',*,*,#8505,.F.);
#8505 = EDGE_CURVE('',#2938,#7221,#8506,.T.);
#8506 = SURFACE_CURVE('',#8507,(#8511,#8518),.PCURVE_S1.);
#8507 = LINE('',#8508,#8509);
#8508 = CARTESIAN_POINT('',(36.,22.5,-1.));
#8509 = VECTOR('',#8510,1.);
#8510 = DIRECTION('',(0.,0.,1.));
#8511 = PCURVE('',#2954,#8512);
#8512 = DEFINITIONAL_REPRESENTATION('',(#8513),#8517);
#8513 = LINE('',#8514,#8515);
#8514 = CARTESIAN_POINT('',(0.,6.));
#8515 = VECTOR('',#8516,1.);
#8516 = DIRECTION('',(1.,0.));
#8517 = ( GEOMETRIC_REPRESENTATION_CONTEXT(2) 
PARAMETRIC_REPRESENTATION_CONTEXT() REPRESENTATION_CONTEXT('2D SPACE',''
  ) );
#8518 = PCURVE('',#3030,#8519);
#8519 = DEFINITIONAL_REPRESENTATION('',(#8520),#8524);
#8520 = LINE('',#8521,#8522);
#8521 = CARTESIAN_POINT('',(0.,0.));
#8522 = VECTOR('',#8523,1.);
#8523 = DIRECTION('',(1.,0.));
#8524 = ( GEOMETRIC_REPRESENTATION_CONTEXT(2) 
PARAMETRIC_REPRESENTATION_CONTEXT() REPRESENTATION_CONTEXT('2D SPACE',''
  ) );
#8525 = ORIENTED_EDGE('',*,*,#2937,.T.);
#8526 = ORIENTED_EDGE('',*,*,#8527,.T.);
#8527 = EDGE_CURVE('',#2940,#7223,#8528,.T.);
#8528 = SURFACE_CURVE('',#8529,(#8533,#8540),.PCURVE_S1.);
#8529 = LINE('',#8530,#8531);
#8530 = CARTESIAN_POINT('',(30.,22.5,-1.));
#8531 = VECTOR('',#8532,1.);
#8532 = DIRECTION('',(0.,0.,1.));
#8533 = PCURVE('',#2954,#8534);
#8534 = DEFINITIONAL_REPRESENTATION('',(#8535),#8539);
#8535 = LINE('',#8536,#8537);
#8536 = CARTESIAN_POINT('',(0.,0.));
#8537 = VECTOR('',#8538,1.);
#8538 = DIRECTION('',(1.,0.));
#8539 = ( GEOMETRIC_REPRESENTATION_CONTEXT(2) 
PARAMETRIC_REPRESENTATION_CONTEXT() REPRESENTATION_CONTEXT('2D SPACE',''
  ) );
#8540 = PCURVE('',#2980,#8541);
#8541 = DEFINITIONAL_REPRESENTATION('',(#8542),#8546);
#8542 = LINE('',#8543,#8544);
#8543 = CARTESIAN_POINT('',(0.,0.));
#8544 = VECTOR('',#8545,1.);
#8545 = DIRECTION('',(1.,0.));
#8546 = ( GEOMETRIC_REPRESENTATION_CONTEXT(2) 
PARAMETRIC_REPRESENTATION_CONTEXT() REPRESENTATION_CONTEXT('2D SPACE',''
  ) );
#8547 = ORIENTED_EDGE('',*,*,#7220,.F.);
#8548 = ADVANCED_FACE('',(#8549),#3030,.F.);
#8549 = FACE_BOUND('',#8550,.F.);
#8550 = EDGE_LOOP('',(#8551,#8552,#8553,#8574));
#8551 = ORIENTED_EDGE('',*,*,#8505,.F.);
#8552 = ORIENTED_EDGE('',*,*,#3017,.T.);
#8553 = ORIENTED_EDGE('',*,*,#8554,.T.);
#8554 = EDGE_CURVE('',#2992,#7265,#8555,.T.);
#8555 = SURFACE_CURVE('',#8556,(#8560,#8567),.PCURVE_S1.);
#8556 = LINE('',#8557,#8558);
#8557 = CARTESIAN_POINT('',(36.,25.5,-1.));
#8558 = VECTOR('',#8559,1.);
#8559 = DIRECTION('',(0.,0.,1.));
#8560 = PCURVE('',#3030,#8561);
#8561 = DEFINITIONAL_REPRESENTATION('',(#8562),#8566);
#8562 = LINE('',#8563,#8564);
#8563 = CARTESIAN_POINT('',(0.,-3.));
#8564 = VECTOR('',#8565,1.);
#8565 = DIRECTION('',(1.,0.));
#8566 = ( GEOMETRIC_REPRESENTATION_CONTEXT(2) 
PARAMETRIC_REPRESENTATION_CONTEXT() REPRESENTATION_CONTEXT('2D SPACE',''
  ) );
#8567 = PCURVE('',#3006,#8568);
#8568 = DEFINITIONAL_REPRESENTATION('',(#8569),#8573);
#8569 = LINE('',#8570,#8571);
#8570 = CARTESIAN_POINT('',(0.,6.));
#8571 = VECTOR('',#8572,1.);
#8572 = DIRECTION('',(1.,0.));
#8573 = ( GEOMETRIC_REPRESENTATION_CONTEXT(2) 
PARAMETRIC_REPRESENTATION_CONTEXT() REPRESENTATION_CONTEXT('2D SPACE',''
  ) );
#8574 = ORIENTED_EDGE('',*,*,#7285,.F.);
#8575 = ADVANCED_FACE('',(#8576),#3006,.F.);
#8576 = FACE_BOUND('',#8577,.F.);
#8577 = EDGE_LOOP('',(#8578,#8579,#8580,#8601));
#8578 = ORIENTED_EDGE('',*,*,#8554,.F.);
#8579 = ORIENTED_EDGE('',*,*,#2991,.T.);
#8580 = ORIENTED_EDGE('',*,*,#8581,.T.);
#8581 = EDGE_CURVE('',#2966,#7244,#8582,.T.);
#8582 = SURFACE_CURVE('',#8583,(#8587,#8594),.PCURVE_S1.);
#8583 = LINE('',#8584,#8585);
#8584 = CARTESIAN_POINT('',(30.,25.5,-1.));
#8585 = VECTOR('',#8586,1.);
#8586 = DIRECTION('',(0.,0.,1.));
#8587 = PCURVE('',#3006,#8588);
#8588 = DEFINITIONAL_REPRESENTATION('',(#8589),#8593);
#8589 = LINE('',#8590,#8591);
#8590 = CARTESIAN_POINT('',(0.,0.));
#8591 = VECTOR('',#8592,1.);
#8592 = DIRECTION('',(1.,0.));
#8593 = ( GEOMETRIC_REPRESENTATION_CONTEXT(2) 
PARAMETRIC_REPRESENTATION_CONTEXT() REPRESENTATION_CONTEXT('2D SPACE',''
  ) );
#8594 = PCURVE('',#2980,#8595);
#8595 = DEFINITIONAL_REPRESENTATION('',(#8596),#8600);
#8596 = LINE('',#8597,#8598);
#8597 = CARTESIAN_POINT('',(0.,-3.));
#8598 = VECTOR('',#8599,1.);
#8599 = DIRECTION('',(1.,0.));
#8600 = ( GEOMETRIC_REPRESENTATION_CONTEXT(2) 
PARAMETRIC_REPRESENTATION_CONTEXT() REPRESENTATION_CONTEXT('2D SPACE',''
  ) );
#8601 = ORIENTED_EDGE('',*,*,#7264,.F.);
#8602 = ADVANCED_FACE('',(#8603),#2980,.T.);
#8603 = FACE_BOUND('',#8604,.T.);
#8604 = EDGE_LOOP('',(#8605,#8606,#8607,#8608));
#8605 = ORIENTED_EDGE('',*,*,#8527,.F.);
#8606 = ORIENTED_EDGE('',*,*,#2965,.T.);
#8607 = ORIENTED_EDGE('',*,*,#8581,.T.);
#8608 = ORIENTED_EDGE('',*,*,#7243,.F.);
#8609 = ADVANCED_FACE('',(#8610,#8618),#3217,.T.);
#8610 = FACE_BOUND('',#8611,.T.);
#8611 = EDGE_LOOP('',(#8612,#8613,#8614,#8615,#8616,#8617));
#8612 = ORIENTED_EDGE('',*,*,#3201,.T.);
#8613 = ORIENTED_EDGE('',*,*,#3255,.T.);
#8614 = ORIENTED_EDGE('',*,*,#3353,.T.);
#8615 = ORIENTED_EDGE('',*,*,#3451,.T.);
#8616 = ORIENTED_EDGE('',*,*,#3424,.T.);
#8617 = ORIENTED_EDGE('',*,*,#3326,.T.);
#8618 = FACE_BOUND('',#8619,.T.);
#8619 = EDGE_LOOP('',(#8620));
#8620 = ORIENTED_EDGE('',*,*,#5629,.F.);
#8621 = ADVANCED_FACE('',(#8622,#8630),#3516,.T.);
#8622 = FACE_BOUND('',#8623,.T.);
#8623 = EDGE_LOOP('',(#8624,#8625,#8626,#8627,#8628,#8629));
#8624 = ORIENTED_EDGE('',*,*,#3500,.T.);
#8625 = ORIENTED_EDGE('',*,*,#3554,.T.);
#8626 = ORIENTED_EDGE('',*,*,#3652,.T.);
#8627 = ORIENTED_EDGE('',*,*,#3750,.T.);
#8628 = ORIENTED_EDGE('',*,*,#3723,.T.);
#8629 = ORIENTED_EDGE('',*,*,#3625,.T.);
#8630 = FACE_BOUND('',#8631,.T.);
#8631 = EDGE_LOOP('',(#8632));
#8632 = ORIENTED_EDGE('',*,*,#8633,.F.);
#8633 = EDGE_CURVE('',#8634,#8634,#8636,.T.);
#8634 = VERTEX_POINT('',#8635);
#8635 = CARTESIAN_POINT('',(-23.85,1.79,13.7));
#8636 = SURFACE_CURVE('',#8637,(#8642,#8649),.PCURVE_S1.);
#8637 = CIRCLE('',#8638,1.2);
#8638 = AXIS2_PLACEMENT_3D('',#8639,#8640,#8641);
#8639 = CARTESIAN_POINT('',(-25.05,1.79,13.7));
#8640 = DIRECTION('',(0.,-1.,0.));
#8641 = DIRECTION('',(1.,0.,0.));
#8642 = PCURVE('',#3516,#8643);
#8643 = DEFINITIONAL_REPRESENTATION('',(#8644),#8648);
#8644 = CIRCLE('',#8645,1.2);
#8645 = AXIS2_PLACEMENT_2D('',#8646,#8647);
#8646 = CARTESIAN_POINT('',(-3.552713678801E-15,-3.552713678801E-15));
#8647 = DIRECTION('',(0.,1.));
#8648 = ( GEOMETRIC_REPRESENTATION_CONTEXT(2) 
PARAMETRIC_REPRESENTATION_CONTEXT() REPRESENTATION_CONTEXT('2D SPACE',''
  ) );
#8649 = PCURVE('',#8650,#8655);
#8650 = CYLINDRICAL_SURFACE('',#8651,1.2);
#8651 = AXIS2_PLACEMENT_3D('',#8652,#8653,#8654);
#8652 = CARTESIAN_POINT('',(-25.05,-1.,13.7));
#8653 = DIRECTION('',(0.,-1.,0.));
#8654 = DIRECTION('',(1.,0.,0.));
#8655 = DEFINITIONAL_REPRESENTATION('',(#8656),#8660);
#8656 = LINE('',#8657,#8658);
#8657 = CARTESIAN_POINT('',(0.,-2.79));
#8658 = VECTOR('',#8659,1.);
#8659 = DIRECTION('',(1.,0.));
#8660 = ( GEOMETRIC_REPRESENTATION_CONTEXT(2) 
PARAMETRIC_REPRESENTATION_CONTEXT() REPRESENTATION_CONTEXT('2D SPACE',''
  ) );
#8661 = ADVANCED_FACE('',(#8662,#8670),#3815,.T.);
#8662 = FACE_BOUND('',#8663,.T.);
#8663 = EDGE_LOOP('',(#8664,#8665,#8666,#8667,#8668,#8669));
#8664 = ORIENTED_EDGE('',*,*,#3799,.T.);
#8665 = ORIENTED_EDGE('',*,*,#3853,.T.);
#8666 = ORIENTED_EDGE('',*,*,#3951,.T.);
#8667 = ORIENTED_EDGE('',*,*,#4049,.T.);
#8668 = ORIENTED_EDGE('',*,*,#4022,.T.);
#8669 = ORIENTED_EDGE('',*,*,#3924,.T.);
#8670 = FACE_BOUND('',#8671,.T.);
#8671 = EDGE_LOOP('',(#8672));
#8672 = ORIENTED_EDGE('',*,*,#8673,.F.);
#8673 = EDGE_CURVE('',#8674,#8674,#8676,.T.);
#8674 = VERTEX_POINT('',#8675);
#8675 = CARTESIAN_POINT('',(-4.35,1.79,13.7));
#8676 = SURFACE_CURVE('',#8677,(#8682,#8689),.PCURVE_S1.);
#8677 = CIRCLE('',#8678,1.2);
#8678 = AXIS2_PLACEMENT_3D('',#8679,#8680,#8681);
#8679 = CARTESIAN_POINT('',(-5.55,1.79,13.7));
#8680 = DIRECTION('',(0.,-1.,0.));
#8681 = DIRECTION('',(1.,0.,0.));
#8682 = PCURVE('',#3815,#8683);
#8683 = DEFINITIONAL_REPRESENTATION('',(#8684),#8688);
#8684 = CIRCLE('',#8685,1.2);
#8685 = AXIS2_PLACEMENT_2D('',#8686,#8687);
#8686 = CARTESIAN_POINT('',(-1.7763568394E-15,0.));
#8687 = DIRECTION('',(0.,1.));
#8688 = ( GEOMETRIC_REPRESENTATION_CONTEXT(2) 
PARAMETRIC_REPRESENTATION_CONTEXT() REPRESENTATION_CONTEXT('2D SPACE',''
  ) );
#8689 = PCURVE('',#8690,#8695);
#8690 = CYLINDRICAL_SURFACE('',#8691,1.2);
#8691 = AXIS2_PLACEMENT_3D('',#8692,#8693,#8694);
#8692 = CARTESIAN_POINT('',(-5.55,-1.,13.7));
#8693 = DIRECTION('',(0.,-1.,0.));
#8694 = DIRECTION('',(1.,0.,0.));
#8695 = DEFINITIONAL_REPRESENTATION('',(#8696),#8700);
#8696 = LINE('',#8697,#8698);
#8697 = CARTESIAN_POINT('',(0.,-2.79));
#8698 = VECTOR('',#8699,1.);
#8699 = DIRECTION('',(1.,0.));
#8700 = ( GEOMETRIC_REPRESENTATION_CONTEXT(2) 
PARAMETRIC_REPRESENTATION_CONTEXT() REPRESENTATION_CONTEXT('2D SPACE',''
  ) );
#8701 = ADVANCED_FACE('',(#8702,#8710),#4114,.T.);
#8702 = FACE_BOUND('',#8703,.T.);
#8703 = EDGE_LOOP('',(#8704,#8705,#8706,#8707,#8708,#8709));
#8704 = ORIENTED_EDGE('',*,*,#4098,.T.);
#8705 = ORIENTED_EDGE('',*,*,#4152,.T.);
#8706 = ORIENTED_EDGE('',*,*,#4250,.T.);
#8707 = ORIENTED_EDGE('',*,*,#4348,.T.);
#8708 = ORIENTED_EDGE('',*,*,#4321,.T.);
#8709 = ORIENTED_EDGE('',*,*,#4223,.T.);
#8710 = FACE_BOUND('',#8711,.T.);
#8711 = EDGE_LOOP('',(#8712));
#8712 = ORIENTED_EDGE('',*,*,#5679,.F.);
#8713 = ADVANCED_FACE('',(#8714,#8722),#4413,.T.);
#8714 = FACE_BOUND('',#8715,.T.);
#8715 = EDGE_LOOP('',(#8716,#8717,#8718,#8719,#8720,#8721));
#8716 = ORIENTED_EDGE('',*,*,#4397,.T.);
#8717 = ORIENTED_EDGE('',*,*,#4451,.T.);
#8718 = ORIENTED_EDGE('',*,*,#4549,.T.);
#8719 = ORIENTED_EDGE('',*,*,#4647,.T.);
#8720 = ORIENTED_EDGE('',*,*,#4620,.T.);
#8721 = ORIENTED_EDGE('',*,*,#4522,.T.);
#8722 = FACE_BOUND('',#8723,.T.);
#8723 = EDGE_LOOP('',(#8724));
#8724 = ORIENTED_EDGE('',*,*,#8725,.F.);
#8725 = EDGE_CURVE('',#8726,#8726,#8728,.T.);
#8726 = VERTEX_POINT('',#8727);
#8727 = CARTESIAN_POINT('',(6.75,1.79,13.7));
#8728 = SURFACE_CURVE('',#8729,(#8734,#8741),.PCURVE_S1.);
#8729 = CIRCLE('',#8730,1.2);
#8730 = AXIS2_PLACEMENT_3D('',#8731,#8732,#8733);
#8731 = CARTESIAN_POINT('',(5.55,1.79,13.7));
#8732 = DIRECTION('',(0.,-1.,0.));
#8733 = DIRECTION('',(1.,0.,0.));
#8734 = PCURVE('',#4413,#8735);
#8735 = DEFINITIONAL_REPRESENTATION('',(#8736),#8740);
#8736 = CIRCLE('',#8737,1.2);
#8737 = AXIS2_PLACEMENT_2D('',#8738,#8739);
#8738 = CARTESIAN_POINT('',(-1.7763568394E-15,8.881784197001E-16));
#8739 = DIRECTION('',(0.,1.));
#8740 = ( GEOMETRIC_REPRESENTATION_CONTEXT(2) 
PARAMETRIC_REPRESENTATION_CONTEXT() REPRESENTATION_CONTEXT('2D SPACE',''
  ) );
#8741 = PCURVE('',#8742,#8747);
#8742 = CYLINDRICAL_SURFACE('',#8743,1.2);
#8743 = AXIS2_PLACEMENT_3D('',#8744,#8745,#8746);
#8744 = CARTESIAN_POINT('',(5.55,-1.,13.7));
#8745 = DIRECTION('',(0.,-1.,0.));
#8746 = DIRECTION('',(1.,0.,0.));
#8747 = DEFINITIONAL_REPRESENTATION('',(#8748),#8752);
#8748 = LINE('',#8749,#8750);
#8749 = CARTESIAN_POINT('',(0.,-2.79));
#8750 = VECTOR('',#8751,1.);
#8751 = DIRECTION('',(1.,0.));
#8752 = ( GEOMETRIC_REPRESENTATION_CONTEXT(2) 
PARAMETRIC_REPRESENTATION_CONTEXT() REPRESENTATION_CONTEXT('2D SPACE',''
  ) );
#8753 = ADVANCED_FACE('',(#8754,#8762),#4712,.T.);
#8754 = FACE_BOUND('',#8755,.T.);
#8755 = EDGE_LOOP('',(#8756,#8757,#8758,#8759,#8760,#8761));
#8756 = ORIENTED_EDGE('',*,*,#4696,.T.);
#8757 = ORIENTED_EDGE('',*,*,#4750,.T.);
#8758 = ORIENTED_EDGE('',*,*,#4848,.T.);
#8759 = ORIENTED_EDGE('',*,*,#4946,.T.);
#8760 = ORIENTED_EDGE('',*,*,#4919,.T.);
#8761 = ORIENTED_EDGE('',*,*,#4821,.T.);
#8762 = FACE_BOUND('',#8763,.T.);
#8763 = EDGE_LOOP('',(#8764));
#8764 = ORIENTED_EDGE('',*,*,#8765,.F.);
#8765 = EDGE_CURVE('',#8766,#8766,#8768,.T.);
#8766 = VERTEX_POINT('',#8767);
#8767 = CARTESIAN_POINT('',(26.25,1.79,13.7));
#8768 = SURFACE_CURVE('',#8769,(#8774,#8781),.PCURVE_S1.);
#8769 = CIRCLE('',#8770,1.2);
#8770 = AXIS2_PLACEMENT_3D('',#8771,#8772,#8773);
#8771 = CARTESIAN_POINT('',(25.05,1.79,13.7));
#8772 = DIRECTION('',(0.,-1.,0.));
#8773 = DIRECTION('',(1.,0.,0.));
#8774 = PCURVE('',#4712,#8775);
#8775 = DEFINITIONAL_REPRESENTATION('',(#8776),#8780);
#8776 = CIRCLE('',#8777,1.2);
#8777 = AXIS2_PLACEMENT_2D('',#8778,#8779);
#8778 = CARTESIAN_POINT('',(-3.552713678801E-15,1.06581410364E-14));
#8779 = DIRECTION('',(0.,1.));
#8780 = ( GEOMETRIC_REPRESENTATION_CONTEXT(2) 
PARAMETRIC_REPRESENTATION_CONTEXT() REPRESENTATION_CONTEXT('2D SPACE',''
  ) );
#8781 = PCURVE('',#8782,#8787);
#8782 = CYLINDRICAL_SURFACE('',#8783,1.2);
#8783 = AXIS2_PLACEMENT_3D('',#8784,#8785,#8786);
#8784 = CARTESIAN_POINT('',(25.05,-1.,13.7));
#8785 = DIRECTION('',(0.,-1.,0.));
#8786 = DIRECTION('',(1.,0.,0.));
#8787 = DEFINITIONAL_REPRESENTATION('',(#8788),#8792);
#8788 = LINE('',#8789,#8790);
#8789 = CARTESIAN_POINT('',(0.,-2.79));
#8790 = VECTOR('',#8791,1.);
#8791 = DIRECTION('',(1.,0.));
#8792 = ( GEOMETRIC_REPRESENTATION_CONTEXT(2) 
PARAMETRIC_REPRESENTATION_CONTEXT() REPRESENTATION_CONTEXT('2D SPACE',''
  ) );
#8793 = ADVANCED_FACE('',(#8794,#8802),#5011,.T.);
#8794 = FACE_BOUND('',#8795,.T.);
#8795 = EDGE_LOOP('',(#8796,#8797,#8798,#8799,#8800,#8801));
#8796 = ORIENTED_EDGE('',*,*,#4995,.T.);
#8797 = ORIENTED_EDGE('',*,*,#5049,.T.);
#8798 = ORIENTED_EDGE('',*,*,#5147,.T.);
#8799 = ORIENTED_EDGE('',*,*,#5245,.T.);
#8800 = ORIENTED_EDGE('',*,*,#5218,.T.);
#8801 = ORIENTED_EDGE('',*,*,#5120,.T.);
#8802 = FACE_BOUND('',#8803,.T.);
#8803 = EDGE_LOOP('',(#8804));
#8804 = ORIENTED_EDGE('',*,*,#5729,.F.);
#8805 = ADVANCED_FACE('',(#8806,#8814),#5360,.T.);
#8806 = FACE_BOUND('',#8807,.T.);
#8807 = EDGE_LOOP('',(#8808,#8809,#8810,#8811,#8812,#8813));
#8808 = ORIENTED_EDGE('',*,*,#5344,.T.);
#8809 = ORIENTED_EDGE('',*,*,#5398,.T.);
#8810 = ORIENTED_EDGE('',*,*,#5496,.T.);
#8811 = ORIENTED_EDGE('',*,*,#5594,.T.);
#8812 = ORIENTED_EDGE('',*,*,#5567,.T.);
#8813 = ORIENTED_EDGE('',*,*,#5469,.T.);
#8814 = FACE_BOUND('',#8815,.T.);
#8815 = EDGE_LOOP('',(#8816));
#8816 = ORIENTED_EDGE('',*,*,#7307,.F.);
#8817 = ADVANCED_FACE('',(#8818,#8899,#8934,#8969,#9004),#5819,.T.);
#8818 = FACE_BOUND('',#8819,.T.);
#8819 = EDGE_LOOP('',(#8820,#8821,#8822,#8823,#8824,#8825,#8826,#8827,
    #8848,#8874,#8893,#8894,#8895,#8896,#8897,#8898));
#8820 = ORIENTED_EDGE('',*,*,#6448,.F.);
#8821 = ORIENTED_EDGE('',*,*,#6348,.T.);
#8822 = ORIENTED_EDGE('',*,*,#6251,.F.);
#8823 = ORIENTED_EDGE('',*,*,#6153,.T.);
#8824 = ORIENTED_EDGE('',*,*,#6077,.T.);
#8825 = ORIENTED_EDGE('',*,*,#5956,.T.);
#8826 = ORIENTED_EDGE('',*,*,#5803,.T.);
#8827 = ORIENTED_EDGE('',*,*,#8828,.T.);
#8828 = EDGE_CURVE('',#5804,#8829,#8831,.T.);
#8829 = VERTEX_POINT('',#8830);
#8830 = CARTESIAN_POINT('',(-19.,3.,60.));
#8831 = SURFACE_CURVE('',#8832,(#8836,#8842),.PCURVE_S1.);
#8832 = LINE('',#8833,#8834);
#8833 = CARTESIAN_POINT('',(-31.99638989169,3.,39.783393501805));
#8834 = VECTOR('',#8835,1.);
#8835 = DIRECTION('',(-0.540757591313,0.,-0.841178475377));
#8836 = PCURVE('',#5819,#8837);
#8837 = DEFINITIONAL_REPRESENTATION('',(#8838),#8841);
#8838 = B_SPLINE_CURVE_WITH_KNOTS('',1,(#8839,#8840),.UNSPECIFIED.,.F.,
  .F.,(2,2),(-27.60009579156,-24.03367072504),.PIECEWISE_BEZIER_KNOTS.);
#8839 = CARTESIAN_POINT('',(60.,32.928571428571));
#8840 = CARTESIAN_POINT('',(57.,31.));
#8841 = ( GEOMETRIC_REPRESENTATION_CONTEXT(2) 
PARAMETRIC_REPRESENTATION_CONTEXT() REPRESENTATION_CONTEXT('2D SPACE',''
  ) );
#8842 = PCURVE('',#5846,#8843);
#8843 = DEFINITIONAL_REPRESENTATION('',(#8844),#8847);
#8844 = B_SPLINE_CURVE_WITH_KNOTS('',1,(#8845,#8846),.UNSPECIFIED.,.F.,
  .F.,(2,2),(-27.60009579156,-24.03367072504),.PIECEWISE_BEZIER_KNOTS.);
#8845 = CARTESIAN_POINT('',(13.076891910573,-2.));
#8846 = CARTESIAN_POINT('',(16.643316977093,-2.));
#8847 = ( GEOMETRIC_REPRESENTATION_CONTEXT(2) 
PARAMETRIC_REPRESENTATION_CONTEXT() REPRESENTATION_CONTEXT('2D SPACE',''
  ) );
#8848 = ORIENTED_EDGE('',*,*,#8849,.T.);
#8849 = EDGE_CURVE('',#8829,#8850,#8852,.T.);
#8850 = VERTEX_POINT('',#8851);
#8851 = CARTESIAN_POINT('',(19.,3.,60.));
#8852 = SURFACE_CURVE('',#8853,(#8857,#8863),.PCURVE_S1.);
#8853 = LINE('',#8854,#8855);
#8854 = CARTESIAN_POINT('',(-34.5,3.,60.));
#8855 = VECTOR('',#8856,1.);
#8856 = DIRECTION('',(1.,-0.,0.));
#8857 = PCURVE('',#5819,#8858);
#8858 = DEFINITIONAL_REPRESENTATION('',(#8859),#8862);
#8859 = B_SPLINE_CURVE_WITH_KNOTS('',1,(#8860,#8861),.UNSPECIFIED.,.F.,
  .F.,(2,2),(15.5,53.5),.PIECEWISE_BEZIER_KNOTS.);
#8860 = CARTESIAN_POINT('',(57.,31.));
#8861 = CARTESIAN_POINT('',(57.,69.));
#8862 = ( GEOMETRIC_REPRESENTATION_CONTEXT(2) 
PARAMETRIC_REPRESENTATION_CONTEXT() REPRESENTATION_CONTEXT('2D SPACE',''
  ) );
#8863 = PCURVE('',#8864,#8869);
#8864 = PLANE('',#8865);
#8865 = AXIS2_PLACEMENT_3D('',#8866,#8867,#8868);
#8866 = CARTESIAN_POINT('',(-19.,5.,60.));
#8867 = DIRECTION('',(-0.,0.,1.));
#8868 = DIRECTION('',(1.,0.,0.));
#8869 = DEFINITIONAL_REPRESENTATION('',(#8870),#8873);
#8870 = B_SPLINE_CURVE_WITH_KNOTS('',1,(#8871,#8872),.UNSPECIFIED.,.F.,
  .F.,(2,2),(15.5,53.5),.PIECEWISE_BEZIER_KNOTS.);
#8871 = CARTESIAN_POINT('',(0.,-2.));
#8872 = CARTESIAN_POINT('',(38.,-2.));
#8873 = ( GEOMETRIC_REPRESENTATION_CONTEXT(2) 
PARAMETRIC_REPRESENTATION_CONTEXT() REPRESENTATION_CONTEXT('2D SPACE',''
  ) );
#8874 = ORIENTED_EDGE('',*,*,#8875,.T.);
#8875 = EDGE_CURVE('',#8850,#5884,#8876,.T.);
#8876 = SURFACE_CURVE('',#8877,(#8881,#8887),.PCURVE_S1.);
#8877 = LINE('',#8878,#8879);
#8878 = CARTESIAN_POINT('',(21.875451263538,3.,55.527075812274));
#8879 = VECTOR('',#8880,1.);
#8880 = DIRECTION('',(-0.540757591313,0.,0.841178475377));
#8881 = PCURVE('',#5819,#8882);
#8882 = DEFINITIONAL_REPRESENTATION('',(#8883),#8886);
#8883 = B_SPLINE_CURVE_WITH_KNOTS('',1,(#8884,#8885),.UNSPECIFIED.,.F.,
  .F.,(2,2),(5.317449647916,8.883874714436),.PIECEWISE_BEZIER_KNOTS.);
#8884 = CARTESIAN_POINT('',(57.,69.));
#8885 = CARTESIAN_POINT('',(60.,67.071428571429));
#8886 = ( GEOMETRIC_REPRESENTATION_CONTEXT(2) 
PARAMETRIC_REPRESENTATION_CONTEXT() REPRESENTATION_CONTEXT('2D SPACE',''
  ) );
#8887 = PCURVE('',#5898,#8888);
#8888 = DEFINITIONAL_REPRESENTATION('',(#8889),#8892);
#8889 = B_SPLINE_CURVE_WITH_KNOTS('',1,(#8890,#8891),.UNSPECIFIED.,.F.,
  .F.,(2,2),(5.317449647916,8.883874714436),.PIECEWISE_BEZIER_KNOTS.);
#8890 = CARTESIAN_POINT('',(0.,-2.));
#8891 = CARTESIAN_POINT('',(3.56642506652,-2.));
#8892 = ( GEOMETRIC_REPRESENTATION_CONTEXT(2) 
PARAMETRIC_REPRESENTATION_CONTEXT() REPRESENTATION_CONTEXT('2D SPACE',''
  ) );
#8893 = ORIENTED_EDGE('',*,*,#5909,.T.);
#8894 = ORIENTED_EDGE('',*,*,#6005,.F.);
#8895 = ORIENTED_EDGE('',*,*,#6104,.T.);
#8896 = ORIENTED_EDGE('',*,*,#6202,.F.);
#8897 = ORIENTED_EDGE('',*,*,#6322,.F.);
#8898 = ORIENTED_EDGE('',*,*,#6397,.F.);
#8899 = FACE_BOUND('',#8900,.T.);
#8900 = EDGE_LOOP('',(#8901));
#8901 = ORIENTED_EDGE('',*,*,#8902,.T.);
#8902 = EDGE_CURVE('',#8903,#8903,#8905,.T.);
#8903 = VERTEX_POINT('',#8904);
#8904 = CARTESIAN_POINT('',(-21.55,3.,13.7));
#8905 = SURFACE_CURVE('',#8906,(#8911,#8922),.PCURVE_S1.);
#8906 = CIRCLE('',#8907,3.5);
#8907 = AXIS2_PLACEMENT_3D('',#8908,#8909,#8910);
#8908 = CARTESIAN_POINT('',(-25.05,3.,13.7));
#8909 = DIRECTION('',(0.,-1.,0.));
#8910 = DIRECTION('',(1.,0.,0.));
#8911 = PCURVE('',#5819,#8912);
#8912 = DEFINITIONAL_REPRESENTATION('',(#8913),#8921);
#8913 = ( BOUNDED_CURVE() B_SPLINE_CURVE(2,(#8914,#8915,#8916,#8917,
#8918,#8919,#8920),.UNSPECIFIED.,.T.,.F.) B_SPLINE_CURVE_WITH_KNOTS((1,2
    ,2,2,2,1),(-2.094395102393,0.,2.094395102393,4.188790204786,
6.28318530718,8.377580409573),.UNSPECIFIED.) CURVE() 
GEOMETRIC_REPRESENTATION_ITEM() RATIONAL_B_SPLINE_CURVE((1.,0.5,1.,0.5,
1.,0.5,1.)) REPRESENTATION_ITEM('') );
#8914 = CARTESIAN_POINT('',(10.7,28.45));
#8915 = CARTESIAN_POINT('',(16.762177826491,28.45));
#8916 = CARTESIAN_POINT('',(13.731088913246,23.2));
#8917 = CARTESIAN_POINT('',(10.7,17.95));
#8918 = CARTESIAN_POINT('',(7.668911086754,23.2));
#8919 = CARTESIAN_POINT('',(4.637822173509,28.45));
#8920 = CARTESIAN_POINT('',(10.7,28.45));
#8921 = ( GEOMETRIC_REPRESENTATION_CONTEXT(2) 
PARAMETRIC_REPRESENTATION_CONTEXT() REPRESENTATION_CONTEXT('2D SPACE',''
  ) );
#8922 = PCURVE('',#8923,#8928);
#8923 = CYLINDRICAL_SURFACE('',#8924,3.5);
#8924 = AXIS2_PLACEMENT_3D('',#8925,#8926,#8927);
#8925 = CARTESIAN_POINT('',(-25.05,0.,13.7));
#8926 = DIRECTION('',(0.,-1.,0.));
#8927 = DIRECTION('',(1.,0.,0.));
#8928 = DEFINITIONAL_REPRESENTATION('',(#8929),#8933);
#8929 = LINE('',#8930,#8931);
#8930 = CARTESIAN_POINT('',(0.,-3.));
#8931 = VECTOR('',#8932,1.);
#8932 = DIRECTION('',(1.,0.));
#8933 = ( GEOMETRIC_REPRESENTATION_CONTEXT(2) 
PARAMETRIC_REPRESENTATION_CONTEXT() REPRESENTATION_CONTEXT('2D SPACE',''
  ) );
#8934 = FACE_BOUND('',#8935,.T.);
#8935 = EDGE_LOOP('',(#8936));
#8936 = ORIENTED_EDGE('',*,*,#8937,.T.);
#8937 = EDGE_CURVE('',#8938,#8938,#8940,.T.);
#8938 = VERTEX_POINT('',#8939);
#8939 = CARTESIAN_POINT('',(-2.05,3.,13.7));
#8940 = SURFACE_CURVE('',#8941,(#8946,#8957),.PCURVE_S1.);
#8941 = CIRCLE('',#8942,3.5);
#8942 = AXIS2_PLACEMENT_3D('',#8943,#8944,#8945);
#8943 = CARTESIAN_POINT('',(-5.55,3.,13.7));
#8944 = DIRECTION('',(0.,-1.,0.));
#8945 = DIRECTION('',(1.,0.,0.));
#8946 = PCURVE('',#5819,#8947);
#8947 = DEFINITIONAL_REPRESENTATION('',(#8948),#8956);
#8948 = ( BOUNDED_CURVE() B_SPLINE_CURVE(2,(#8949,#8950,#8951,#8952,
#8953,#8954,#8955),.UNSPECIFIED.,.T.,.F.) B_SPLINE_CURVE_WITH_KNOTS((1,2
    ,2,2,2,1),(-2.094395102393,0.,2.094395102393,4.188790204786,
6.28318530718,8.377580409573),.UNSPECIFIED.) CURVE() 
GEOMETRIC_REPRESENTATION_ITEM() RATIONAL_B_SPLINE_CURVE((1.,0.5,1.,0.5,
1.,0.5,1.)) REPRESENTATION_ITEM('') );
#8949 = CARTESIAN_POINT('',(10.7,47.95));
#8950 = CARTESIAN_POINT('',(16.762177826491,47.95));
#8951 = CARTESIAN_POINT('',(13.731088913246,42.7));
#8952 = CARTESIAN_POINT('',(10.7,37.45));
#8953 = CARTESIAN_POINT('',(7.668911086754,42.7));
#8954 = CARTESIAN_POINT('',(4.637822173509,47.95));
#8955 = CARTESIAN_POINT('',(10.7,47.95));
#8956 = ( GEOMETRIC_REPRESENTATION_CONTEXT(2) 
PARAMETRIC_REPRESENTATION_CONTEXT() REPRESENTATION_CONTEXT('2D SPACE',''
  ) );
#8957 = PCURVE('',#8958,#8963);
#8958 = CYLINDRICAL_SURFACE('',#8959,3.5);
#8959 = AXIS2_PLACEMENT_3D('',#8960,#8961,#8962);
#8960 = CARTESIAN_POINT('',(-5.55,0.,13.7));
#8961 = DIRECTION('',(0.,-1.,0.));
#8962 = DIRECTION('',(1.,0.,0.));
#8963 = DEFINITIONAL_REPRESENTATION('',(#8964),#8968);
#8964 = LINE('',#8965,#8966);
#8965 = CARTESIAN_POINT('',(0.,-3.));
#8966 = VECTOR('',#8967,1.);
#8967 = DIRECTION('',(1.,0.));
#8968 = ( GEOMETRIC_REPRESENTATION_CONTEXT(2) 
PARAMETRIC_REPRESENTATION_CONTEXT() REPRESENTATION_CONTEXT('2D SPACE',''
  ) );
#8969 = FACE_BOUND('',#8970,.T.);
#8970 = EDGE_LOOP('',(#8971));
#8971 = ORIENTED_EDGE('',*,*,#8972,.T.);
#8972 = EDGE_CURVE('',#8973,#8973,#8975,.T.);
#8973 = VERTEX_POINT('',#8974);
#8974 = CARTESIAN_POINT('',(9.05,3.,13.7));
#8975 = SURFACE_CURVE('',#8976,(#8981,#8992),.PCURVE_S1.);
#8976 = CIRCLE('',#8977,3.5);
#8977 = AXIS2_PLACEMENT_3D('',#8978,#8979,#8980);
#8978 = CARTESIAN_POINT('',(5.55,3.,13.7));
#8979 = DIRECTION('',(0.,-1.,0.));
#8980 = DIRECTION('',(1.,0.,0.));
#8981 = PCURVE('',#5819,#8982);
#8982 = DEFINITIONAL_REPRESENTATION('',(#8983),#8991);
#8983 = ( BOUNDED_CURVE() B_SPLINE_CURVE(2,(#8984,#8985,#8986,#8987,
#8988,#8989,#8990),.UNSPECIFIED.,.T.,.F.) B_SPLINE_CURVE_WITH_KNOTS((1,2
    ,2,2,2,1),(-2.094395102393,0.,2.094395102393,4.188790204786,
6.28318530718,8.377580409573),.UNSPECIFIED.) CURVE() 
GEOMETRIC_REPRESENTATION_ITEM() RATIONAL_B_SPLINE_CURVE((1.,0.5,1.,0.5,
1.,0.5,1.)) REPRESENTATION_ITEM('') );
#8984 = CARTESIAN_POINT('',(10.7,59.05));
#8985 = CARTESIAN_POINT('',(16.762177826491,59.05));
#8986 = CARTESIAN_POINT('',(13.731088913246,53.8));
#8987 = CARTESIAN_POINT('',(10.7,48.55));
#8988 = CARTESIAN_POINT('',(7.668911086754,53.8));
#8989 = CARTESIAN_POINT('',(4.637822173509,59.05));
#8990 = CARTESIAN_POINT('',(10.7,59.05));
#8991 = ( GEOMETRIC_REPRESENTATION_CONTEXT(2) 
PARAMETRIC_REPRESENTATION_CONTEXT() REPRESENTATION_CONTEXT('2D SPACE',''
  ) );
#8992 = PCURVE('',#8993,#8998);
#8993 = CYLINDRICAL_SURFACE('',#8994,3.5);
#8994 = AXIS2_PLACEMENT_3D('',#8995,#8996,#8997);
#8995 = CARTESIAN_POINT('',(5.55,0.,13.7));
#8996 = DIRECTION('',(0.,-1.,0.));
#8997 = DIRECTION('',(1.,0.,0.));
#8998 = DEFINITIONAL_REPRESENTATION('',(#8999),#9003);
#8999 = LINE('',#9000,#9001);
#9000 = CARTESIAN_POINT('',(0.,-3.));
#9001 = VECTOR('',#9002,1.);
#9002 = DIRECTION('',(1.,0.));
#9003 = ( GEOMETRIC_REPRESENTATION_CONTEXT(2) 
PARAMETRIC_REPRESENTATION_CONTEXT() REPRESENTATION_CONTEXT('2D SPACE',''
  ) );
#9004 = FACE_BOUND('',#9005,.T.);
#9005 = EDGE_LOOP('',(#9006));
#9006 = ORIENTED_EDGE('',*,*,#9007,.T.);
#9007 = EDGE_CURVE('',#9008,#9008,#9010,.T.);
#9008 = VERTEX_POINT('',#9009);
#9009 = CARTESIAN_POINT('',(28.55,3.,13.7));
#9010 = SURFACE_CURVE('',#9011,(#9016,#9027),.PCURVE_S1.);
#9011 = CIRCLE('',#9012,3.5);
#9012 = AXIS2_PLACEMENT_3D('',#9013,#9014,#9015);
#9013 = CARTESIAN_POINT('',(25.05,3.,13.7));
#9014 = DIRECTION('',(0.,-1.,0.));
#9015 = DIRECTION('',(1.,0.,0.));
#9016 = PCURVE('',#5819,#9017);
#9017 = DEFINITIONAL_REPRESENTATION('',(#9018),#9026);
#9018 = ( BOUNDED_CURVE() B_SPLINE_CURVE(2,(#9019,#9020,#9021,#9022,
#9023,#9024,#9025),.UNSPECIFIED.,.T.,.F.) B_SPLINE_CURVE_WITH_KNOTS((1,2
    ,2,2,2,1),(-2.094395102393,0.,2.094395102393,4.188790204786,
6.28318530718,8.377580409573),.UNSPECIFIED.) CURVE() 
GEOMETRIC_REPRESENTATION_ITEM() RATIONAL_B_SPLINE_CURVE((1.,0.5,1.,0.5,
1.,0.5,1.)) REPRESENTATION_ITEM('') );
#9019 = CARTESIAN_POINT('',(10.7,78.55));
#9020 = CARTESIAN_POINT('',(16.762177826491,78.55));
#9021 = CARTESIAN_POINT('',(13.731088913246,73.3));
#9022 = CARTESIAN_POINT('',(10.7,68.05));
#9023 = CARTESIAN_POINT('',(7.668911086754,73.3));
#9024 = CARTESIAN_POINT('',(4.637822173509,78.55));
#9025 = CARTESIAN_POINT('',(10.7,78.55));
#9026 = ( GEOMETRIC_REPRESENTATION_CONTEXT(2) 
PARAMETRIC_REPRESENTATION_CONTEXT() REPRESENTATION_CONTEXT('2D SPACE',''
  ) );
#9027 = PCURVE('',#9028,#9033);
#9028 = CYLINDRICAL_SURFACE('',#9029,3.5);
#9029 = AXIS2_PLACEMENT_3D('',#9030,#9031,#9032);
#9030 = CARTESIAN_POINT('',(25.05,0.,13.7));
#9031 = DIRECTION('',(0.,-1.,0.));
#9032 = DIRECTION('',(1.,0.,0.));
#9033 = DEFINITIONAL_REPRESENTATION('',(#9034),#9038);
#9034 = LINE('',#9035,#9036);
#9035 = CARTESIAN_POINT('',(0.,-3.));
#9036 = VECTOR('',#9037,1.);
#9037 = DIRECTION('',(1.,0.));
#9038 = ( GEOMETRIC_REPRESENTATION_CONTEXT(2) 
PARAMETRIC_REPRESENTATION_CONTEXT() REPRESENTATION_CONTEXT('2D SPACE',''
  ) );
#9039 = ADVANCED_FACE('',(#9040),#5898,.F.);
#9040 = FACE_BOUND('',#9041,.F.);
#9041 = EDGE_LOOP('',(#9042,#9065,#9086,#9087));
#9042 = ORIENTED_EDGE('',*,*,#9043,.F.);
#9043 = EDGE_CURVE('',#9044,#5858,#9046,.T.);
#9044 = VERTEX_POINT('',#9045);
#9045 = CARTESIAN_POINT('',(19.,5.,60.));
#9046 = SURFACE_CURVE('',#9047,(#9051,#9058),.PCURVE_S1.);
#9047 = LINE('',#9048,#9049);
#9048 = CARTESIAN_POINT('',(19.,5.,60.));
#9049 = VECTOR('',#9050,1.);
#9050 = DIRECTION('',(-0.540757591313,0.,0.841178475377));
#9051 = PCURVE('',#5898,#9052);
#9052 = DEFINITIONAL_REPRESENTATION('',(#9053),#9057);
#9053 = LINE('',#9054,#9055);
#9054 = CARTESIAN_POINT('',(0.,0.));
#9055 = VECTOR('',#9056,1.);
#9056 = DIRECTION('',(1.,0.));
#9057 = ( GEOMETRIC_REPRESENTATION_CONTEXT(2) 
PARAMETRIC_REPRESENTATION_CONTEXT() REPRESENTATION_CONTEXT('2D SPACE',''
  ) );
#9058 = PCURVE('',#5872,#9059);
#9059 = DEFINITIONAL_REPRESENTATION('',(#9060),#9064);
#9060 = LINE('',#9061,#9062);
#9061 = CARTESIAN_POINT('',(14.,19.));
#9062 = VECTOR('',#9063,1.);
#9063 = DIRECTION('',(-0.841178475377,-0.540757591313));
#9064 = ( GEOMETRIC_REPRESENTATION_CONTEXT(2) 
PARAMETRIC_REPRESENTATION_CONTEXT() REPRESENTATION_CONTEXT('2D SPACE',''
  ) );
#9065 = ORIENTED_EDGE('',*,*,#9066,.T.);
#9066 = EDGE_CURVE('',#9044,#8850,#9067,.T.);
#9067 = SURFACE_CURVE('',#9068,(#9072,#9079),.PCURVE_S1.);
#9068 = LINE('',#9069,#9070);
#9069 = CARTESIAN_POINT('',(19.,5.,60.));
#9070 = VECTOR('',#9071,1.);
#9071 = DIRECTION('',(0.,-1.,0.));
#9072 = PCURVE('',#5898,#9073);
#9073 = DEFINITIONAL_REPRESENTATION('',(#9074),#9078);
#9074 = LINE('',#9075,#9076);
#9075 = CARTESIAN_POINT('',(0.,0.));
#9076 = VECTOR('',#9077,1.);
#9077 = DIRECTION('',(0.,-1.));
#9078 = ( GEOMETRIC_REPRESENTATION_CONTEXT(2) 
PARAMETRIC_REPRESENTATION_CONTEXT() REPRESENTATION_CONTEXT('2D SPACE',''
  ) );
#9079 = PCURVE('',#8864,#9080);
#9080 = DEFINITIONAL_REPRESENTATION('',(#9081),#9085);
#9081 = LINE('',#9082,#9083);
#9082 = CARTESIAN_POINT('',(38.,0.));
#9083 = VECTOR('',#9084,1.);
#9084 = DIRECTION('',(0.,-1.));
#9085 = ( GEOMETRIC_REPRESENTATION_CONTEXT(2) 
PARAMETRIC_REPRESENTATION_CONTEXT() REPRESENTATION_CONTEXT('2D SPACE',''
  ) );
#9086 = ORIENTED_EDGE('',*,*,#8875,.T.);
#9087 = ORIENTED_EDGE('',*,*,#5883,.F.);
#9088 = ADVANCED_FACE('',(#9089),#5872,.F.);
#9089 = FACE_BOUND('',#9090,.F.);
#9090 = EDGE_LOOP('',(#9091,#9092,#9093,#9116));
#9091 = ORIENTED_EDGE('',*,*,#9043,.T.);
#9092 = ORIENTED_EDGE('',*,*,#5857,.F.);
#9093 = ORIENTED_EDGE('',*,*,#9094,.T.);
#9094 = EDGE_CURVE('',#5832,#9095,#9097,.T.);
#9095 = VERTEX_POINT('',#9096);
#9096 = CARTESIAN_POINT('',(-19.,5.,60.));
#9097 = SURFACE_CURVE('',#9098,(#9102,#9109),.PCURVE_S1.);
#9098 = LINE('',#9099,#9100);
#9099 = CARTESIAN_POINT('',(-10.,5.,74.));
#9100 = VECTOR('',#9101,1.);
#9101 = DIRECTION('',(-0.540757591313,0.,-0.841178475377));
#9102 = PCURVE('',#5872,#9103);
#9103 = DEFINITIONAL_REPRESENTATION('',(#9104),#9108);
#9104 = LINE('',#9105,#9106);
#9105 = CARTESIAN_POINT('',(0.,-10.));
#9106 = VECTOR('',#9107,1.);
#9107 = DIRECTION('',(0.841178475377,-0.540757591313));
#9108 = ( GEOMETRIC_REPRESENTATION_CONTEXT(2) 
PARAMETRIC_REPRESENTATION_CONTEXT() REPRESENTATION_CONTEXT('2D SPACE',''
  ) );
#9109 = PCURVE('',#5846,#9110);
#9110 = DEFINITIONAL_REPRESENTATION('',(#9111),#9115);
#9111 = LINE('',#9112,#9113);
#9112 = CARTESIAN_POINT('',(0.,0.));
#9113 = VECTOR('',#9114,1.);
#9114 = DIRECTION('',(1.,0.));
#9115 = ( GEOMETRIC_REPRESENTATION_CONTEXT(2) 
PARAMETRIC_REPRESENTATION_CONTEXT() REPRESENTATION_CONTEXT('2D SPACE',''
  ) );
#9116 = ORIENTED_EDGE('',*,*,#9117,.T.);
#9117 = EDGE_CURVE('',#9095,#9044,#9118,.T.);
#9118 = SURFACE_CURVE('',#9119,(#9123,#9130),.PCURVE_S1.);
#9119 = LINE('',#9120,#9121);
#9120 = CARTESIAN_POINT('',(-19.,5.,60.));
#9121 = VECTOR('',#9122,1.);
#9122 = DIRECTION('',(1.,0.,0.));
#9123 = PCURVE('',#5872,#9124);
#9124 = DEFINITIONAL_REPRESENTATION('',(#9125),#9129);
#9125 = LINE('',#9126,#9127);
#9126 = CARTESIAN_POINT('',(14.,-19.));
#9127 = VECTOR('',#9128,1.);
#9128 = DIRECTION('',(0.,1.));
#9129 = ( GEOMETRIC_REPRESENTATION_CONTEXT(2) 
PARAMETRIC_REPRESENTATION_CONTEXT() REPRESENTATION_CONTEXT('2D SPACE',''
  ) );
#9130 = PCURVE('',#8864,#9131);
#9131 = DEFINITIONAL_REPRESENTATION('',(#9132),#9136);
#9132 = LINE('',#9133,#9134);
#9133 = CARTESIAN_POINT('',(0.,0.));
#9134 = VECTOR('',#9135,1.);
#9135 = DIRECTION('',(1.,0.));
#9136 = ( GEOMETRIC_REPRESENTATION_CONTEXT(2) 
PARAMETRIC_REPRESENTATION_CONTEXT() REPRESENTATION_CONTEXT('2D SPACE',''
  ) );
#9137 = ADVANCED_FACE('',(#9138),#5846,.F.);
#9138 = FACE_BOUND('',#9139,.F.);
#9139 = EDGE_LOOP('',(#9140,#9141,#9142,#9143));
#9140 = ORIENTED_EDGE('',*,*,#9094,.F.);
#9141 = ORIENTED_EDGE('',*,*,#5831,.F.);
#9142 = ORIENTED_EDGE('',*,*,#8828,.T.);
#9143 = ORIENTED_EDGE('',*,*,#9144,.F.);
#9144 = EDGE_CURVE('',#9095,#8829,#9145,.T.);
#9145 = SURFACE_CURVE('',#9146,(#9150,#9157),.PCURVE_S1.);
#9146 = LINE('',#9147,#9148);
#9147 = CARTESIAN_POINT('',(-19.,5.,60.));
#9148 = VECTOR('',#9149,1.);
#9149 = DIRECTION('',(0.,-1.,0.));
#9150 = PCURVE('',#5846,#9151);
#9151 = DEFINITIONAL_REPRESENTATION('',(#9152),#9156);
#9152 = LINE('',#9153,#9154);
#9153 = CARTESIAN_POINT('',(16.643316977093,0.));
#9154 = VECTOR('',#9155,1.);
#9155 = DIRECTION('',(-0.,-1.));
#9156 = ( GEOMETRIC_REPRESENTATION_CONTEXT(2) 
PARAMETRIC_REPRESENTATION_CONTEXT() REPRESENTATION_CONTEXT('2D SPACE',''
  ) );
#9157 = PCURVE('',#8864,#9158);
#9158 = DEFINITIONAL_REPRESENTATION('',(#9159),#9163);
#9159 = LINE('',#9160,#9161);
#9160 = CARTESIAN_POINT('',(0.,0.));
#9161 = VECTOR('',#9162,1.);
#9162 = DIRECTION('',(0.,-1.));
#9163 = ( GEOMETRIC_REPRESENTATION_CONTEXT(2) 
PARAMETRIC_REPRESENTATION_CONTEXT() REPRESENTATION_CONTEXT('2D SPACE',''
  ) );
#9164 = ADVANCED_FACE('',(#9165),#6665,.F.);
#9165 = FACE_BOUND('',#9166,.T.);
#9166 = EDGE_LOOP('',(#9167,#9168,#9189,#9190));
#9167 = ORIENTED_EDGE('',*,*,#7834,.F.);
#9168 = ORIENTED_EDGE('',*,*,#9169,.T.);
#9169 = EDGE_CURVE('',#7812,#6645,#9170,.T.);
#9170 = SEAM_CURVE('',#9171,(#9175,#9182),.PCURVE_S1.);
#9171 = LINE('',#9172,#9173);
#9172 = CARTESIAN_POINT('',(-28.,16.,-1.));
#9173 = VECTOR('',#9174,1.);
#9174 = DIRECTION('',(0.,0.,1.));
#9175 = PCURVE('',#6665,#9176);
#9176 = DEFINITIONAL_REPRESENTATION('',(#9177),#9181);
#9177 = LINE('',#9178,#9179);
#9178 = CARTESIAN_POINT('',(-6.28318530718,0.));
#9179 = VECTOR('',#9180,1.);
#9180 = DIRECTION('',(-0.,-1.));
#9181 = ( GEOMETRIC_REPRESENTATION_CONTEXT(2) 
PARAMETRIC_REPRESENTATION_CONTEXT() REPRESENTATION_CONTEXT('2D SPACE',''
  ) );
#9182 = PCURVE('',#6665,#9183);
#9183 = DEFINITIONAL_REPRESENTATION('',(#9184),#9188);
#9184 = LINE('',#9185,#9186);
#9185 = CARTESIAN_POINT('',(-0.,0.));
#9186 = VECTOR('',#9187,1.);
#9187 = DIRECTION('',(-0.,-1.));
#9188 = ( GEOMETRIC_REPRESENTATION_CONTEXT(2) 
PARAMETRIC_REPRESENTATION_CONTEXT() REPRESENTATION_CONTEXT('2D SPACE',''
  ) );
#9189 = ORIENTED_EDGE('',*,*,#6644,.F.);
#9190 = ORIENTED_EDGE('',*,*,#9169,.F.);
#9191 = ADVANCED_FACE('',(#9192),#6696,.F.);
#9192 = FACE_BOUND('',#9193,.F.);
#9193 = EDGE_LOOP('',(#9194,#9213,#9214,#9235));
#9194 = ORIENTED_EDGE('',*,*,#9195,.F.);
#9195 = EDGE_CURVE('',#7731,#6680,#9196,.T.);
#9196 = SURFACE_CURVE('',#9197,(#9201,#9207),.PCURVE_S1.);
#9197 = LINE('',#9198,#9199);
#9198 = CARTESIAN_POINT('',(-5.3,9.4,-0.25));
#9199 = VECTOR('',#9200,1.);
#9200 = DIRECTION('',(0.,0.,1.));
#9201 = PCURVE('',#6696,#9202);
#9202 = DEFINITIONAL_REPRESENTATION('',(#9203),#9206);
#9203 = B_SPLINE_CURVE_WITH_KNOTS('',1,(#9204,#9205),.UNSPECIFIED.,.F.,
  .F.,(2,2),(1.64,3.25),.PIECEWISE_BEZIER_KNOTS.);
#9204 = CARTESIAN_POINT('',(2.39,-3.2));
#9205 = CARTESIAN_POINT('',(4.,-3.2));
#9206 = ( GEOMETRIC_REPRESENTATION_CONTEXT(2) 
PARAMETRIC_REPRESENTATION_CONTEXT() REPRESENTATION_CONTEXT('2D SPACE',''
  ) );
#9207 = PCURVE('',#6722,#9208);
#9208 = DEFINITIONAL_REPRESENTATION('',(#9209),#9212);
#9209 = B_SPLINE_CURVE_WITH_KNOTS('',1,(#9210,#9211),.UNSPECIFIED.,.F.,
  .F.,(2,2),(1.64,3.25),.PIECEWISE_BEZIER_KNOTS.);
#9210 = CARTESIAN_POINT('',(0.89,23.));
#9211 = CARTESIAN_POINT('',(2.5,23.));
#9212 = ( GEOMETRIC_REPRESENTATION_CONTEXT(2) 
PARAMETRIC_REPRESENTATION_CONTEXT() REPRESENTATION_CONTEXT('2D SPACE',''
  ) );
#9213 = ORIENTED_EDGE('',*,*,#7730,.T.);
#9214 = ORIENTED_EDGE('',*,*,#9215,.T.);
#9215 = EDGE_CURVE('',#7466,#6682,#9216,.T.);
#9216 = SURFACE_CURVE('',#9217,(#9221,#9228),.PCURVE_S1.);
#9217 = LINE('',#9218,#9219);
#9218 = CARTESIAN_POINT('',(-5.3,26.,-1.));
#9219 = VECTOR('',#9220,1.);
#9220 = DIRECTION('',(0.,0.,1.));
#9221 = PCURVE('',#6696,#9222);
#9222 = DEFINITIONAL_REPRESENTATION('',(#9223),#9227);
#9223 = LINE('',#9224,#9225);
#9224 = CARTESIAN_POINT('',(0.,-19.8));
#9225 = VECTOR('',#9226,1.);
#9226 = DIRECTION('',(1.,0.));
#9227 = ( GEOMETRIC_REPRESENTATION_CONTEXT(2) 
PARAMETRIC_REPRESENTATION_CONTEXT() REPRESENTATION_CONTEXT('2D SPACE',''
  ) );
#9228 = PCURVE('',#6876,#9229);
#9229 = DEFINITIONAL_REPRESENTATION('',(#9230),#9234);
#9230 = LINE('',#9231,#9232);
#9231 = CARTESIAN_POINT('',(0.,20.));
#9232 = VECTOR('',#9233,1.);
#9233 = DIRECTION('',(1.,0.));
#9234 = ( GEOMETRIC_REPRESENTATION_CONTEXT(2) 
PARAMETRIC_REPRESENTATION_CONTEXT() REPRESENTATION_CONTEXT('2D SPACE',''
  ) );
#9235 = ORIENTED_EDGE('',*,*,#6679,.F.);
#9236 = ADVANCED_FACE('',(#9237),#6722,.F.);
#9237 = FACE_BOUND('',#9238,.F.);
#9238 = EDGE_LOOP('',(#9239,#9262,#9263,#9264,#9265));
#9239 = ORIENTED_EDGE('',*,*,#9240,.F.);
#9240 = EDGE_CURVE('',#7753,#9241,#9243,.T.);
#9241 = VERTEX_POINT('',#9242);
#9242 = CARTESIAN_POINT('',(-2.3,9.4,0.5));
#9243 = SURFACE_CURVE('',#9244,(#9248,#9255),.PCURVE_S1.);
#9244 = LINE('',#9245,#9246);
#9245 = CARTESIAN_POINT('',(-28.3,9.4,0.5));
#9246 = VECTOR('',#9247,1.);
#9247 = DIRECTION('',(1.,0.,0.));
#9248 = PCURVE('',#6722,#9249);
#9249 = DEFINITIONAL_REPRESENTATION('',(#9250),#9254);
#9250 = LINE('',#9251,#9252);
#9251 = CARTESIAN_POINT('',(0.,0.));
#9252 = VECTOR('',#9253,1.);
#9253 = DIRECTION('',(0.,1.));
#9254 = ( GEOMETRIC_REPRESENTATION_CONTEXT(2) 
PARAMETRIC_REPRESENTATION_CONTEXT() REPRESENTATION_CONTEXT('2D SPACE',''
  ) );
#9255 = PCURVE('',#7634,#9256);
#9256 = DEFINITIONAL_REPRESENTATION('',(#9257),#9261);
#9257 = LINE('',#9258,#9259);
#9258 = CARTESIAN_POINT('',(0.,4.9));
#9259 = VECTOR('',#9260,1.);
#9260 = DIRECTION('',(1.,0.));
#9261 = ( GEOMETRIC_REPRESENTATION_CONTEXT(2) 
PARAMETRIC_REPRESENTATION_CONTEXT() REPRESENTATION_CONTEXT('2D SPACE',''
  ) );
#9262 = ORIENTED_EDGE('',*,*,#7752,.T.);
#9263 = ORIENTED_EDGE('',*,*,#9195,.T.);
#9264 = ORIENTED_EDGE('',*,*,#6707,.F.);
#9265 = ORIENTED_EDGE('',*,*,#9266,.F.);
#9266 = EDGE_CURVE('',#9241,#6708,#9267,.T.);
#9267 = SURFACE_CURVE('',#9268,(#9272,#9279),.PCURVE_S1.);
#9268 = LINE('',#9269,#9270);
#9269 = CARTESIAN_POINT('',(-2.3,9.4,0.5));
#9270 = VECTOR('',#9271,1.);
#9271 = DIRECTION('',(0.,0.,1.));
#9272 = PCURVE('',#6722,#9273);
#9273 = DEFINITIONAL_REPRESENTATION('',(#9274),#9278);
#9274 = LINE('',#9275,#9276);
#9275 = CARTESIAN_POINT('',(0.,26.));
#9276 = VECTOR('',#9277,1.);
#9277 = DIRECTION('',(1.,0.));
#9278 = ( GEOMETRIC_REPRESENTATION_CONTEXT(2) 
PARAMETRIC_REPRESENTATION_CONTEXT() REPRESENTATION_CONTEXT('2D SPACE',''
  ) );
#9279 = PCURVE('',#6748,#9280);
#9280 = DEFINITIONAL_REPRESENTATION('',(#9281),#9285);
#9281 = LINE('',#9282,#9283);
#9282 = CARTESIAN_POINT('',(0.,-4.9));
#9283 = VECTOR('',#9284,1.);
#9284 = DIRECTION('',(1.,0.));
#9285 = ( GEOMETRIC_REPRESENTATION_CONTEXT(2) 
PARAMETRIC_REPRESENTATION_CONTEXT() REPRESENTATION_CONTEXT('2D SPACE',''
  ) );
#9286 = ADVANCED_FACE('',(#9287),#6876,.F.);
#9287 = FACE_BOUND('',#9288,.F.);
#9288 = EDGE_LOOP('',(#9289,#9290,#9291,#9312));
#9289 = ORIENTED_EDGE('',*,*,#9215,.F.);
#9290 = ORIENTED_EDGE('',*,*,#7510,.T.);
#9291 = ORIENTED_EDGE('',*,*,#9292,.T.);
#9292 = EDGE_CURVE('',#7489,#6838,#9293,.T.);
#9293 = SURFACE_CURVE('',#9294,(#9298,#9305),.PCURVE_S1.);
#9294 = LINE('',#9295,#9296);
#9295 = CARTESIAN_POINT('',(-25.3,26.,-1.));
#9296 = VECTOR('',#9297,1.);
#9297 = DIRECTION('',(0.,0.,1.));
#9298 = PCURVE('',#6876,#9299);
#9299 = DEFINITIONAL_REPRESENTATION('',(#9300),#9304);
#9300 = LINE('',#9301,#9302);
#9301 = CARTESIAN_POINT('',(0.,0.));
#9302 = VECTOR('',#9303,1.);
#9303 = DIRECTION('',(1.,0.));
#9304 = ( GEOMETRIC_REPRESENTATION_CONTEXT(2) 
PARAMETRIC_REPRESENTATION_CONTEXT() REPRESENTATION_CONTEXT('2D SPACE',''
  ) );
#9305 = PCURVE('',#6852,#9306);
#9306 = DEFINITIONAL_REPRESENTATION('',(#9307),#9311);
#9307 = LINE('',#9308,#9309);
#9308 = CARTESIAN_POINT('',(0.,-19.8));
#9309 = VECTOR('',#9310,1.);
#9310 = DIRECTION('',(1.,0.));
#9311 = ( GEOMETRIC_REPRESENTATION_CONTEXT(2) 
PARAMETRIC_REPRESENTATION_CONTEXT() REPRESENTATION_CONTEXT('2D SPACE',''
  ) );
#9312 = ORIENTED_EDGE('',*,*,#6863,.F.);
#9313 = ADVANCED_FACE('',(#9314),#6748,.F.);
#9314 = FACE_BOUND('',#9315,.F.);
#9315 = EDGE_LOOP('',(#9316,#9339,#9360,#9361));
#9316 = ORIENTED_EDGE('',*,*,#9317,.F.);
#9317 = EDGE_CURVE('',#9318,#6734,#9320,.T.);
#9318 = VERTEX_POINT('',#9319);
#9319 = CARTESIAN_POINT('',(-2.3,4.5,0.5));
#9320 = SURFACE_CURVE('',#9321,(#9325,#9332),.PCURVE_S1.);
#9321 = LINE('',#9322,#9323);
#9322 = CARTESIAN_POINT('',(-2.3,4.5,0.5));
#9323 = VECTOR('',#9324,1.);
#9324 = DIRECTION('',(0.,0.,1.));
#9325 = PCURVE('',#6748,#9326);
#9326 = DEFINITIONAL_REPRESENTATION('',(#9327),#9331);
#9327 = LINE('',#9328,#9329);
#9328 = CARTESIAN_POINT('',(0.,0.));
#9329 = VECTOR('',#9330,1.);
#9330 = DIRECTION('',(1.,0.));
#9331 = ( GEOMETRIC_REPRESENTATION_CONTEXT(2) 
PARAMETRIC_REPRESENTATION_CONTEXT() REPRESENTATION_CONTEXT('2D SPACE',''
  ) );
#9332 = PCURVE('',#6774,#9333);
#9333 = DEFINITIONAL_REPRESENTATION('',(#9334),#9338);
#9334 = LINE('',#9335,#9336);
#9335 = CARTESIAN_POINT('',(0.,26.));
#9336 = VECTOR('',#9337,1.);
#9337 = DIRECTION('',(1.,0.));
#9338 = ( GEOMETRIC_REPRESENTATION_CONTEXT(2) 
PARAMETRIC_REPRESENTATION_CONTEXT() REPRESENTATION_CONTEXT('2D SPACE',''
  ) );
#9339 = ORIENTED_EDGE('',*,*,#9340,.T.);
#9340 = EDGE_CURVE('',#9318,#9241,#9341,.T.);
#9341 = SURFACE_CURVE('',#9342,(#9346,#9353),.PCURVE_S1.);
#9342 = LINE('',#9343,#9344);
#9343 = CARTESIAN_POINT('',(-2.3,4.5,0.5));
#9344 = VECTOR('',#9345,1.);
#9345 = DIRECTION('',(0.,1.,0.));
#9346 = PCURVE('',#6748,#9347);
#9347 = DEFINITIONAL_REPRESENTATION('',(#9348),#9352);
#9348 = LINE('',#9349,#9350);
#9349 = CARTESIAN_POINT('',(0.,0.));
#9350 = VECTOR('',#9351,1.);
#9351 = DIRECTION('',(0.,-1.));
#9352 = ( GEOMETRIC_REPRESENTATION_CONTEXT(2) 
PARAMETRIC_REPRESENTATION_CONTEXT() REPRESENTATION_CONTEXT('2D SPACE',''
  ) );
#9353 = PCURVE('',#7634,#9354);
#9354 = DEFINITIONAL_REPRESENTATION('',(#9355),#9359);
#9355 = LINE('',#9356,#9357);
#9356 = CARTESIAN_POINT('',(26.,0.));
#9357 = VECTOR('',#9358,1.);
#9358 = DIRECTION('',(0.,1.));
#9359 = ( GEOMETRIC_REPRESENTATION_CONTEXT(2) 
PARAMETRIC_REPRESENTATION_CONTEXT() REPRESENTATION_CONTEXT('2D SPACE',''
  ) );
#9360 = ORIENTED_EDGE('',*,*,#9266,.T.);
#9361 = ORIENTED_EDGE('',*,*,#6733,.F.);
#9362 = ADVANCED_FACE('',(#9363),#6852,.T.);
#9363 = FACE_BOUND('',#9364,.T.);
#9364 = EDGE_LOOP('',(#9365,#9384,#9385,#9386));
#9365 = ORIENTED_EDGE('',*,*,#9366,.F.);
#9366 = EDGE_CURVE('',#7646,#6812,#9367,.T.);
#9367 = SURFACE_CURVE('',#9368,(#9372,#9378),.PCURVE_S1.);
#9368 = LINE('',#9369,#9370);
#9369 = CARTESIAN_POINT('',(-25.3,9.4,-0.25));
#9370 = VECTOR('',#9371,1.);
#9371 = DIRECTION('',(0.,0.,1.));
#9372 = PCURVE('',#6852,#9373);
#9373 = DEFINITIONAL_REPRESENTATION('',(#9374),#9377);
#9374 = B_SPLINE_CURVE_WITH_KNOTS('',1,(#9375,#9376),.UNSPECIFIED.,.F.,
  .F.,(2,2),(1.64,3.25),.PIECEWISE_BEZIER_KNOTS.);
#9375 = CARTESIAN_POINT('',(2.39,-3.2));
#9376 = CARTESIAN_POINT('',(4.,-3.2));
#9377 = ( GEOMETRIC_REPRESENTATION_CONTEXT(2) 
PARAMETRIC_REPRESENTATION_CONTEXT() REPRESENTATION_CONTEXT('2D SPACE',''
  ) );
#9378 = PCURVE('',#6826,#9379);
#9379 = DEFINITIONAL_REPRESENTATION('',(#9380),#9383);
#9380 = B_SPLINE_CURVE_WITH_KNOTS('',1,(#9381,#9382),.UNSPECIFIED.,.F.,
  .F.,(2,2),(1.64,3.25),.PIECEWISE_BEZIER_KNOTS.);
#9381 = CARTESIAN_POINT('',(0.89,3.));
#9382 = CARTESIAN_POINT('',(2.5,3.));
#9383 = ( GEOMETRIC_REPRESENTATION_CONTEXT(2) 
PARAMETRIC_REPRESENTATION_CONTEXT() REPRESENTATION_CONTEXT('2D SPACE',''
  ) );
#9384 = ORIENTED_EDGE('',*,*,#7683,.F.);
#9385 = ORIENTED_EDGE('',*,*,#9292,.T.);
#9386 = ORIENTED_EDGE('',*,*,#6837,.F.);
#9387 = ADVANCED_FACE('',(#9388),#6774,.T.);
#9388 = FACE_BOUND('',#9389,.T.);
#9389 = EDGE_LOOP('',(#9390,#9391,#9414,#9435));
#9390 = ORIENTED_EDGE('',*,*,#9317,.F.);
#9391 = ORIENTED_EDGE('',*,*,#9392,.F.);
#9392 = EDGE_CURVE('',#9393,#9318,#9395,.T.);
#9393 = VERTEX_POINT('',#9394);
#9394 = CARTESIAN_POINT('',(-28.3,4.5,0.5));
#9395 = SURFACE_CURVE('',#9396,(#9400,#9407),.PCURVE_S1.);
#9396 = LINE('',#9397,#9398);
#9397 = CARTESIAN_POINT('',(-28.3,4.5,0.5));
#9398 = VECTOR('',#9399,1.);
#9399 = DIRECTION('',(1.,0.,0.));
#9400 = PCURVE('',#6774,#9401);
#9401 = DEFINITIONAL_REPRESENTATION('',(#9402),#9406);
#9402 = LINE('',#9403,#9404);
#9403 = CARTESIAN_POINT('',(0.,0.));
#9404 = VECTOR('',#9405,1.);
#9405 = DIRECTION('',(0.,1.));
#9406 = ( GEOMETRIC_REPRESENTATION_CONTEXT(2) 
PARAMETRIC_REPRESENTATION_CONTEXT() REPRESENTATION_CONTEXT('2D SPACE',''
  ) );
#9407 = PCURVE('',#7634,#9408);
#9408 = DEFINITIONAL_REPRESENTATION('',(#9409),#9413);
#9409 = LINE('',#9410,#9411);
#9410 = CARTESIAN_POINT('',(0.,0.));
#9411 = VECTOR('',#9412,1.);
#9412 = DIRECTION('',(1.,0.));
#9413 = ( GEOMETRIC_REPRESENTATION_CONTEXT(2) 
PARAMETRIC_REPRESENTATION_CONTEXT() REPRESENTATION_CONTEXT('2D SPACE',''
  ) );
#9414 = ORIENTED_EDGE('',*,*,#9415,.T.);
#9415 = EDGE_CURVE('',#9393,#6760,#9416,.T.);
#9416 = SURFACE_CURVE('',#9417,(#9421,#9428),.PCURVE_S1.);
#9417 = LINE('',#9418,#9419);
#9418 = CARTESIAN_POINT('',(-28.3,4.5,0.5));
#9419 = VECTOR('',#9420,1.);
#9420 = DIRECTION('',(0.,0.,1.));
#9421 = PCURVE('',#6774,#9422);
#9422 = DEFINITIONAL_REPRESENTATION('',(#9423),#9427);
#9423 = LINE('',#9424,#9425);
#9424 = CARTESIAN_POINT('',(0.,0.));
#9425 = VECTOR('',#9426,1.);
#9426 = DIRECTION('',(1.,0.));
#9427 = ( GEOMETRIC_REPRESENTATION_CONTEXT(2) 
PARAMETRIC_REPRESENTATION_CONTEXT() REPRESENTATION_CONTEXT('2D SPACE',''
  ) );
#9428 = PCURVE('',#6800,#9429);
#9429 = DEFINITIONAL_REPRESENTATION('',(#9430),#9434);
#9430 = LINE('',#9431,#9432);
#9431 = CARTESIAN_POINT('',(0.,0.));
#9432 = VECTOR('',#9433,1.);
#9433 = DIRECTION('',(1.,0.));
#9434 = ( GEOMETRIC_REPRESENTATION_CONTEXT(2) 
PARAMETRIC_REPRESENTATION_CONTEXT() REPRESENTATION_CONTEXT('2D SPACE',''
  ) );
#9435 = ORIENTED_EDGE('',*,*,#6759,.F.);
#9436 = ADVANCED_FACE('',(#9437),#6826,.F.);
#9437 = FACE_BOUND('',#9438,.F.);
#9438 = EDGE_LOOP('',(#9439,#9462,#9483,#9484,#9485));
#9439 = ORIENTED_EDGE('',*,*,#9440,.F.);
#9440 = EDGE_CURVE('',#9441,#7621,#9443,.T.);
#9441 = VERTEX_POINT('',#9442);
#9442 = CARTESIAN_POINT('',(-28.3,9.4,0.5));
#9443 = SURFACE_CURVE('',#9444,(#9448,#9455),.PCURVE_S1.);
#9444 = LINE('',#9445,#9446);
#9445 = CARTESIAN_POINT('',(-28.3,9.4,0.5));
#9446 = VECTOR('',#9447,1.);
#9447 = DIRECTION('',(1.,0.,0.));
#9448 = PCURVE('',#6826,#9449);
#9449 = DEFINITIONAL_REPRESENTATION('',(#9450),#9454);
#9450 = LINE('',#9451,#9452);
#9451 = CARTESIAN_POINT('',(0.,0.));
#9452 = VECTOR('',#9453,1.);
#9453 = DIRECTION('',(0.,1.));
#9454 = ( GEOMETRIC_REPRESENTATION_CONTEXT(2) 
PARAMETRIC_REPRESENTATION_CONTEXT() REPRESENTATION_CONTEXT('2D SPACE',''
  ) );
#9455 = PCURVE('',#7634,#9456);
#9456 = DEFINITIONAL_REPRESENTATION('',(#9457),#9461);
#9457 = LINE('',#9458,#9459);
#9458 = CARTESIAN_POINT('',(0.,4.9));
#9459 = VECTOR('',#9460,1.);
#9460 = DIRECTION('',(1.,0.));
#9461 = ( GEOMETRIC_REPRESENTATION_CONTEXT(2) 
PARAMETRIC_REPRESENTATION_CONTEXT() REPRESENTATION_CONTEXT('2D SPACE',''
  ) );
#9462 = ORIENTED_EDGE('',*,*,#9463,.T.);
#9463 = EDGE_CURVE('',#9441,#6786,#9464,.T.);
#9464 = SURFACE_CURVE('',#9465,(#9469,#9476),.PCURVE_S1.);
#9465 = LINE('',#9466,#9467);
#9466 = CARTESIAN_POINT('',(-28.3,9.4,0.5));
#9467 = VECTOR('',#9468,1.);
#9468 = DIRECTION('',(0.,0.,1.));
#9469 = PCURVE('',#6826,#9470);
#9470 = DEFINITIONAL_REPRESENTATION('',(#9471),#9475);
#9471 = LINE('',#9472,#9473);
#9472 = CARTESIAN_POINT('',(0.,0.));
#9473 = VECTOR('',#9474,1.);
#9474 = DIRECTION('',(1.,0.));
#9475 = ( GEOMETRIC_REPRESENTATION_CONTEXT(2) 
PARAMETRIC_REPRESENTATION_CONTEXT() REPRESENTATION_CONTEXT('2D SPACE',''
  ) );
#9476 = PCURVE('',#6800,#9477);
#9477 = DEFINITIONAL_REPRESENTATION('',(#9478),#9482);
#9478 = LINE('',#9479,#9480);
#9479 = CARTESIAN_POINT('',(0.,-4.9));
#9480 = VECTOR('',#9481,1.);
#9481 = DIRECTION('',(1.,0.));
#9482 = ( GEOMETRIC_REPRESENTATION_CONTEXT(2) 
PARAMETRIC_REPRESENTATION_CONTEXT() REPRESENTATION_CONTEXT('2D SPACE',''
  ) );
#9483 = ORIENTED_EDGE('',*,*,#6811,.F.);
#9484 = ORIENTED_EDGE('',*,*,#9366,.F.);
#9485 = ORIENTED_EDGE('',*,*,#7645,.F.);
#9486 = ADVANCED_FACE('',(#9487),#6800,.T.);
#9487 = FACE_BOUND('',#9488,.T.);
#9488 = EDGE_LOOP('',(#9489,#9490,#9511,#9512));
#9489 = ORIENTED_EDGE('',*,*,#9415,.F.);
#9490 = ORIENTED_EDGE('',*,*,#9491,.T.);
#9491 = EDGE_CURVE('',#9393,#9441,#9492,.T.);
#9492 = SURFACE_CURVE('',#9493,(#9497,#9504),.PCURVE_S1.);
#9493 = LINE('',#9494,#9495);
#9494 = CARTESIAN_POINT('',(-28.3,4.5,0.5));
#9495 = VECTOR('',#9496,1.);
#9496 = DIRECTION('',(0.,1.,0.));
#9497 = PCURVE('',#6800,#9498);
#9498 = DEFINITIONAL_REPRESENTATION('',(#9499),#9503);
#9499 = LINE('',#9500,#9501);
#9500 = CARTESIAN_POINT('',(0.,0.));
#9501 = VECTOR('',#9502,1.);
#9502 = DIRECTION('',(0.,-1.));
#9503 = ( GEOMETRIC_REPRESENTATION_CONTEXT(2) 
PARAMETRIC_REPRESENTATION_CONTEXT() REPRESENTATION_CONTEXT('2D SPACE',''
  ) );
#9504 = PCURVE('',#7634,#9505);
#9505 = DEFINITIONAL_REPRESENTATION('',(#9506),#9510);
#9506 = LINE('',#9507,#9508);
#9507 = CARTESIAN_POINT('',(0.,0.));
#9508 = VECTOR('',#9509,1.);
#9509 = DIRECTION('',(0.,1.));
#9510 = ( GEOMETRIC_REPRESENTATION_CONTEXT(2) 
PARAMETRIC_REPRESENTATION_CONTEXT() REPRESENTATION_CONTEXT('2D SPACE',''
  ) );
#9511 = ORIENTED_EDGE('',*,*,#9463,.T.);
#9512 = ORIENTED_EDGE('',*,*,#6785,.F.);
#9513 = ADVANCED_FACE('',(#9514),#6992,.F.);
#9514 = FACE_BOUND('',#9515,.F.);
#9515 = EDGE_LOOP('',(#9516,#9535,#9536,#9557));
#9516 = ORIENTED_EDGE('',*,*,#9517,.F.);
#9517 = EDGE_CURVE('',#8241,#6976,#9518,.T.);
#9518 = SURFACE_CURVE('',#9519,(#9523,#9529),.PCURVE_S1.);
#9519 = LINE('',#9520,#9521);
#9520 = CARTESIAN_POINT('',(25.3,9.4,-0.25));
#9521 = VECTOR('',#9522,1.);
#9522 = DIRECTION('',(0.,0.,1.));
#9523 = PCURVE('',#6992,#9524);
#9524 = DEFINITIONAL_REPRESENTATION('',(#9525),#9528);
#9525 = B_SPLINE_CURVE_WITH_KNOTS('',1,(#9526,#9527),.UNSPECIFIED.,.F.,
  .F.,(2,2),(1.64,3.25),.PIECEWISE_BEZIER_KNOTS.);
#9526 = CARTESIAN_POINT('',(2.39,-3.2));
#9527 = CARTESIAN_POINT('',(4.,-3.2));
#9528 = ( GEOMETRIC_REPRESENTATION_CONTEXT(2) 
PARAMETRIC_REPRESENTATION_CONTEXT() REPRESENTATION_CONTEXT('2D SPACE',''
  ) );
#9529 = PCURVE('',#7018,#9530);
#9530 = DEFINITIONAL_REPRESENTATION('',(#9531),#9534);
#9531 = B_SPLINE_CURVE_WITH_KNOTS('',1,(#9532,#9533),.UNSPECIFIED.,.F.,
  .F.,(2,2),(1.64,3.25),.PIECEWISE_BEZIER_KNOTS.);
#9532 = CARTESIAN_POINT('',(0.89,23.));
#9533 = CARTESIAN_POINT('',(2.5,23.));
#9534 = ( GEOMETRIC_REPRESENTATION_CONTEXT(2) 
PARAMETRIC_REPRESENTATION_CONTEXT() REPRESENTATION_CONTEXT('2D SPACE',''
  ) );
#9535 = ORIENTED_EDGE('',*,*,#8240,.T.);
#9536 = ORIENTED_EDGE('',*,*,#9537,.T.);
#9537 = EDGE_CURVE('',#7996,#6978,#9538,.T.);
#9538 = SURFACE_CURVE('',#9539,(#9543,#9550),.PCURVE_S1.);
#9539 = LINE('',#9540,#9541);
#9540 = CARTESIAN_POINT('',(25.3,26.,-1.));
#9541 = VECTOR('',#9542,1.);
#9542 = DIRECTION('',(0.,0.,1.));
#9543 = PCURVE('',#6992,#9544);
#9544 = DEFINITIONAL_REPRESENTATION('',(#9545),#9549);
#9545 = LINE('',#9546,#9547);
#9546 = CARTESIAN_POINT('',(0.,-19.8));
#9547 = VECTOR('',#9548,1.);
#9548 = DIRECTION('',(1.,0.));
#9549 = ( GEOMETRIC_REPRESENTATION_CONTEXT(2) 
PARAMETRIC_REPRESENTATION_CONTEXT() REPRESENTATION_CONTEXT('2D SPACE',''
  ) );
#9550 = PCURVE('',#7172,#9551);
#9551 = DEFINITIONAL_REPRESENTATION('',(#9552),#9556);
#9552 = LINE('',#9553,#9554);
#9553 = CARTESIAN_POINT('',(0.,20.));
#9554 = VECTOR('',#9555,1.);
#9555 = DIRECTION('',(1.,0.));
#9556 = ( GEOMETRIC_REPRESENTATION_CONTEXT(2) 
PARAMETRIC_REPRESENTATION_CONTEXT() REPRESENTATION_CONTEXT('2D SPACE',''
  ) );
#9557 = ORIENTED_EDGE('',*,*,#6975,.F.);
#9558 = ADVANCED_FACE('',(#9559),#7018,.F.);
#9559 = FACE_BOUND('',#9560,.F.);
#9560 = EDGE_LOOP('',(#9561,#9584,#9585,#9586,#9587));
#9561 = ORIENTED_EDGE('',*,*,#9562,.F.);
#9562 = EDGE_CURVE('',#8263,#9563,#9565,.T.);
#9563 = VERTEX_POINT('',#9564);
#9564 = CARTESIAN_POINT('',(28.3,9.4,0.5));
#9565 = SURFACE_CURVE('',#9566,(#9570,#9577),.PCURVE_S1.);
#9566 = LINE('',#9567,#9568);
#9567 = CARTESIAN_POINT('',(2.3,9.4,0.5));
#9568 = VECTOR('',#9569,1.);
#9569 = DIRECTION('',(1.,0.,0.));
#9570 = PCURVE('',#7018,#9571);
#9571 = DEFINITIONAL_REPRESENTATION('',(#9572),#9576);
#9572 = LINE('',#9573,#9574);
#9573 = CARTESIAN_POINT('',(0.,0.));
#9574 = VECTOR('',#9575,1.);
#9575 = DIRECTION('',(0.,1.));
#9576 = ( GEOMETRIC_REPRESENTATION_CONTEXT(2) 
PARAMETRIC_REPRESENTATION_CONTEXT() REPRESENTATION_CONTEXT('2D SPACE',''
  ) );
#9577 = PCURVE('',#8101,#9578);
#9578 = DEFINITIONAL_REPRESENTATION('',(#9579),#9583);
#9579 = LINE('',#9580,#9581);
#9580 = CARTESIAN_POINT('',(0.,4.9));
#9581 = VECTOR('',#9582,1.);
#9582 = DIRECTION('',(1.,0.));
#9583 = ( GEOMETRIC_REPRESENTATION_CONTEXT(2) 
PARAMETRIC_REPRESENTATION_CONTEXT() REPRESENTATION_CONTEXT('2D SPACE',''
  ) );
#9584 = ORIENTED_EDGE('',*,*,#8262,.T.);
#9585 = ORIENTED_EDGE('',*,*,#9517,.T.);
#9586 = ORIENTED_EDGE('',*,*,#7003,.F.);
#9587 = ORIENTED_EDGE('',*,*,#9588,.F.);
#9588 = EDGE_CURVE('',#9563,#7004,#9589,.T.);
#9589 = SURFACE_CURVE('',#9590,(#9594,#9601),.PCURVE_S1.);
#9590 = LINE('',#9591,#9592);
#9591 = CARTESIAN_POINT('',(28.3,9.4,0.5));
#9592 = VECTOR('',#9593,1.);
#9593 = DIRECTION('',(0.,0.,1.));
#9594 = PCURVE('',#7018,#9595);
#9595 = DEFINITIONAL_REPRESENTATION('',(#9596),#9600);
#9596 = LINE('',#9597,#9598);
#9597 = CARTESIAN_POINT('',(0.,26.));
#9598 = VECTOR('',#9599,1.);
#9599 = DIRECTION('',(1.,0.));
#9600 = ( GEOMETRIC_REPRESENTATION_CONTEXT(2) 
PARAMETRIC_REPRESENTATION_CONTEXT() REPRESENTATION_CONTEXT('2D SPACE',''
  ) );
#9601 = PCURVE('',#7044,#9602);
#9602 = DEFINITIONAL_REPRESENTATION('',(#9603),#9607);
#9603 = LINE('',#9604,#9605);
#9604 = CARTESIAN_POINT('',(0.,-4.9));
#9605 = VECTOR('',#9606,1.);
#9606 = DIRECTION('',(1.,0.));
#9607 = ( GEOMETRIC_REPRESENTATION_CONTEXT(2) 
PARAMETRIC_REPRESENTATION_CONTEXT() REPRESENTATION_CONTEXT('2D SPACE',''
  ) );
#9608 = ADVANCED_FACE('',(#9609),#7172,.F.);
#9609 = FACE_BOUND('',#9610,.F.);
#9610 = EDGE_LOOP('',(#9611,#9612,#9613,#9634));
#9611 = ORIENTED_EDGE('',*,*,#9537,.F.);
#9612 = ORIENTED_EDGE('',*,*,#8040,.T.);
#9613 = ORIENTED_EDGE('',*,*,#9614,.T.);
#9614 = EDGE_CURVE('',#8019,#7134,#9615,.T.);
#9615 = SURFACE_CURVE('',#9616,(#9620,#9627),.PCURVE_S1.);
#9616 = LINE('',#9617,#9618);
#9617 = CARTESIAN_POINT('',(5.3,26.,-1.));
#9618 = VECTOR('',#9619,1.);
#9619 = DIRECTION('',(0.,0.,1.));
#9620 = PCURVE('',#7172,#9621);
#9621 = DEFINITIONAL_REPRESENTATION('',(#9622),#9626);
#9622 = LINE('',#9623,#9624);
#9623 = CARTESIAN_POINT('',(0.,0.));
#9624 = VECTOR('',#9625,1.);
#9625 = DIRECTION('',(1.,0.));
#9626 = ( GEOMETRIC_REPRESENTATION_CONTEXT(2) 
PARAMETRIC_REPRESENTATION_CONTEXT() REPRESENTATION_CONTEXT('2D SPACE',''
  ) );
#9627 = PCURVE('',#7148,#9628);
#9628 = DEFINITIONAL_REPRESENTATION('',(#9629),#9633);
#9629 = LINE('',#9630,#9631);
#9630 = CARTESIAN_POINT('',(0.,-19.8));
#9631 = VECTOR('',#9632,1.);
#9632 = DIRECTION('',(1.,0.));
#9633 = ( GEOMETRIC_REPRESENTATION_CONTEXT(2) 
PARAMETRIC_REPRESENTATION_CONTEXT() REPRESENTATION_CONTEXT('2D SPACE',''
  ) );
#9634 = ORIENTED_EDGE('',*,*,#7159,.F.);
#9635 = ADVANCED_FACE('',(#9636),#7044,.F.);
#9636 = FACE_BOUND('',#9637,.F.);
#9637 = EDGE_LOOP('',(#9638,#9661,#9682,#9683));
#9638 = ORIENTED_EDGE('',*,*,#9639,.F.);
#9639 = EDGE_CURVE('',#9640,#7030,#9642,.T.);
#9640 = VERTEX_POINT('',#9641);
#9641 = CARTESIAN_POINT('',(28.3,4.5,0.5));
#9642 = SURFACE_CURVE('',#9643,(#9647,#9654),.PCURVE_S1.);
#9643 = LINE('',#9644,#9645);
#9644 = CARTESIAN_POINT('',(28.3,4.5,0.5));
#9645 = VECTOR('',#9646,1.);
#9646 = DIRECTION('',(0.,0.,1.));
#9647 = PCURVE('',#7044,#9648);
#9648 = DEFINITIONAL_REPRESENTATION('',(#9649),#9653);
#9649 = LINE('',#9650,#9651);
#9650 = CARTESIAN_POINT('',(0.,0.));
#9651 = VECTOR('',#9652,1.);
#9652 = DIRECTION('',(1.,0.));
#9653 = ( GEOMETRIC_REPRESENTATION_CONTEXT(2) 
PARAMETRIC_REPRESENTATION_CONTEXT() REPRESENTATION_CONTEXT('2D SPACE',''
  ) );
#9654 = PCURVE('',#7070,#9655);
#9655 = DEFINITIONAL_REPRESENTATION('',(#9656),#9660);
#9656 = LINE('',#9657,#9658);
#9657 = CARTESIAN_POINT('',(0.,26.));
#9658 = VECTOR('',#9659,1.);
#9659 = DIRECTION('',(1.,0.));
#9660 = ( GEOMETRIC_REPRESENTATION_CONTEXT(2) 
PARAMETRIC_REPRESENTATION_CONTEXT() REPRESENTATION_CONTEXT('2D SPACE',''
  ) );
#9661 = ORIENTED_EDGE('',*,*,#9662,.T.);
#9662 = EDGE_CURVE('',#9640,#9563,#9663,.T.);
#9663 = SURFACE_CURVE('',#9664,(#9668,#9675),.PCURVE_S1.);
#9664 = LINE('',#9665,#9666);
#9665 = CARTESIAN_POINT('',(28.3,4.5,0.5));
#9666 = VECTOR('',#9667,1.);
#9667 = DIRECTION('',(0.,1.,0.));
#9668 = PCURVE('',#7044,#9669);
#9669 = DEFINITIONAL_REPRESENTATION('',(#9670),#9674);
#9670 = LINE('',#9671,#9672);
#9671 = CARTESIAN_POINT('',(0.,0.));
#9672 = VECTOR('',#9673,1.);
#9673 = DIRECTION('',(0.,-1.));
#9674 = ( GEOMETRIC_REPRESENTATION_CONTEXT(2) 
PARAMETRIC_REPRESENTATION_CONTEXT() REPRESENTATION_CONTEXT('2D SPACE',''
  ) );
#9675 = PCURVE('',#8101,#9676);
#9676 = DEFINITIONAL_REPRESENTATION('',(#9677),#9681);
#9677 = LINE('',#9678,#9679);
#9678 = CARTESIAN_POINT('',(26.,0.));
#9679 = VECTOR('',#9680,1.);
#9680 = DIRECTION('',(0.,1.));
#9681 = ( GEOMETRIC_REPRESENTATION_CONTEXT(2) 
PARAMETRIC_REPRESENTATION_CONTEXT() REPRESENTATION_CONTEXT('2D SPACE',''
  ) );
#9682 = ORIENTED_EDGE('',*,*,#9588,.T.);
#9683 = ORIENTED_EDGE('',*,*,#7029,.F.);
#9684 = ADVANCED_FACE('',(#9685),#7148,.T.);
#9685 = FACE_BOUND('',#9686,.T.);
#9686 = EDGE_LOOP('',(#9687,#9706,#9707,#9708));
#9687 = ORIENTED_EDGE('',*,*,#9688,.F.);
#9688 = EDGE_CURVE('',#8113,#7108,#9689,.T.);
#9689 = SURFACE_CURVE('',#9690,(#9694,#9700),.PCURVE_S1.);
#9690 = LINE('',#9691,#9692);
#9691 = CARTESIAN_POINT('',(5.3,9.4,-0.25));
#9692 = VECTOR('',#9693,1.);
#9693 = DIRECTION('',(0.,0.,1.));
#9694 = PCURVE('',#7148,#9695);
#9695 = DEFINITIONAL_REPRESENTATION('',(#9696),#9699);
#9696 = B_SPLINE_CURVE_WITH_KNOTS('',1,(#9697,#9698),.UNSPECIFIED.,.F.,
  .F.,(2,2),(1.64,3.25),.PIECEWISE_BEZIER_KNOTS.);
#9697 = CARTESIAN_POINT('',(2.39,-3.2));
#9698 = CARTESIAN_POINT('',(4.,-3.2));
#9699 = ( GEOMETRIC_REPRESENTATION_CONTEXT(2) 
PARAMETRIC_REPRESENTATION_CONTEXT() REPRESENTATION_CONTEXT('2D SPACE',''
  ) );
#9700 = PCURVE('',#7122,#9701);
#9701 = DEFINITIONAL_REPRESENTATION('',(#9702),#9705);
#9702 = B_SPLINE_CURVE_WITH_KNOTS('',1,(#9703,#9704),.UNSPECIFIED.,.F.,
  .F.,(2,2),(1.64,3.25),.PIECEWISE_BEZIER_KNOTS.);
#9703 = CARTESIAN_POINT('',(0.89,3.));
#9704 = CARTESIAN_POINT('',(2.5,3.));
#9705 = ( GEOMETRIC_REPRESENTATION_CONTEXT(2) 
PARAMETRIC_REPRESENTATION_CONTEXT() REPRESENTATION_CONTEXT('2D SPACE',''
  ) );
#9706 = ORIENTED_EDGE('',*,*,#8150,.F.);
#9707 = ORIENTED_EDGE('',*,*,#9614,.T.);
#9708 = ORIENTED_EDGE('',*,*,#7133,.F.);
#9709 = ADVANCED_FACE('',(#9710),#7070,.T.);
#9710 = FACE_BOUND('',#9711,.T.);
#9711 = EDGE_LOOP('',(#9712,#9713,#9736,#9757));
#9712 = ORIENTED_EDGE('',*,*,#9639,.F.);
#9713 = ORIENTED_EDGE('',*,*,#9714,.F.);
#9714 = EDGE_CURVE('',#9715,#9640,#9717,.T.);
#9715 = VERTEX_POINT('',#9716);
#9716 = CARTESIAN_POINT('',(2.3,4.5,0.5));
#9717 = SURFACE_CURVE('',#9718,(#9722,#9729),.PCURVE_S1.);
#9718 = LINE('',#9719,#9720);
#9719 = CARTESIAN_POINT('',(2.3,4.5,0.5));
#9720 = VECTOR('',#9721,1.);
#9721 = DIRECTION('',(1.,0.,0.));
#9722 = PCURVE('',#7070,#9723);
#9723 = DEFINITIONAL_REPRESENTATION('',(#9724),#9728);
#9724 = LINE('',#9725,#9726);
#9725 = CARTESIAN_POINT('',(0.,0.));
#9726 = VECTOR('',#9727,1.);
#9727 = DIRECTION('',(0.,1.));
#9728 = ( GEOMETRIC_REPRESENTATION_CONTEXT(2) 
PARAMETRIC_REPRESENTATION_CONTEXT() REPRESENTATION_CONTEXT('2D SPACE',''
  ) );
#9729 = PCURVE('',#8101,#9730);
#9730 = DEFINITIONAL_REPRESENTATION('',(#9731),#9735);
#9731 = LINE('',#9732,#9733);
#9732 = CARTESIAN_POINT('',(0.,0.));
#9733 = VECTOR('',#9734,1.);
#9734 = DIRECTION('',(1.,0.));
#9735 = ( GEOMETRIC_REPRESENTATION_CONTEXT(2) 
PARAMETRIC_REPRESENTATION_CONTEXT() REPRESENTATION_CONTEXT('2D SPACE',''
  ) );
#9736 = ORIENTED_EDGE('',*,*,#9737,.T.);
#9737 = EDGE_CURVE('',#9715,#7056,#9738,.T.);
#9738 = SURFACE_CURVE('',#9739,(#9743,#9750),.PCURVE_S1.);
#9739 = LINE('',#9740,#9741);
#9740 = CARTESIAN_POINT('',(2.3,4.5,0.5));
#9741 = VECTOR('',#9742,1.);
#9742 = DIRECTION('',(0.,0.,1.));
#9743 = PCURVE('',#7070,#9744);
#9744 = DEFINITIONAL_REPRESENTATION('',(#9745),#9749);
#9745 = LINE('',#9746,#9747);
#9746 = CARTESIAN_POINT('',(0.,0.));
#9747 = VECTOR('',#9748,1.);
#9748 = DIRECTION('',(1.,0.));
#9749 = ( GEOMETRIC_REPRESENTATION_CONTEXT(2) 
PARAMETRIC_REPRESENTATION_CONTEXT() REPRESENTATION_CONTEXT('2D SPACE',''
  ) );
#9750 = PCURVE('',#7096,#9751);
#9751 = DEFINITIONAL_REPRESENTATION('',(#9752),#9756);
#9752 = LINE('',#9753,#9754);
#9753 = CARTESIAN_POINT('',(0.,0.));
#9754 = VECTOR('',#9755,1.);
#9755 = DIRECTION('',(1.,0.));
#9756 = ( GEOMETRIC_REPRESENTATION_CONTEXT(2) 
PARAMETRIC_REPRESENTATION_CONTEXT() REPRESENTATION_CONTEXT('2D SPACE',''
  ) );
#9757 = ORIENTED_EDGE('',*,*,#7055,.F.);
#9758 = ADVANCED_FACE('',(#9759),#7122,.F.);
#9759 = FACE_BOUND('',#9760,.F.);
#9760 = EDGE_LOOP('',(#9761,#9784,#9805,#9806,#9807));
#9761 = ORIENTED_EDGE('',*,*,#9762,.F.);
#9762 = EDGE_CURVE('',#9763,#8088,#9765,.T.);
#9763 = VERTEX_POINT('',#9764);
#9764 = CARTESIAN_POINT('',(2.3,9.4,0.5));
#9765 = SURFACE_CURVE('',#9766,(#9770,#9777),.PCURVE_S1.);
#9766 = LINE('',#9767,#9768);
#9767 = CARTESIAN_POINT('',(2.3,9.4,0.5));
#9768 = VECTOR('',#9769,1.);
#9769 = DIRECTION('',(1.,0.,0.));
#9770 = PCURVE('',#7122,#9771);
#9771 = DEFINITIONAL_REPRESENTATION('',(#9772),#9776);
#9772 = LINE('',#9773,#9774);
#9773 = CARTESIAN_POINT('',(0.,0.));
#9774 = VECTOR('',#9775,1.);
#9775 = DIRECTION('',(0.,1.));
#9776 = ( GEOMETRIC_REPRESENTATION_CONTEXT(2) 
PARAMETRIC_REPRESENTATION_CONTEXT() REPRESENTATION_CONTEXT('2D SPACE',''
  ) );
#9777 = PCURVE('',#8101,#9778);
#9778 = DEFINITIONAL_REPRESENTATION('',(#9779),#9783);
#9779 = LINE('',#9780,#9781);
#9780 = CARTESIAN_POINT('',(0.,4.9));
#9781 = VECTOR('',#9782,1.);
#9782 = DIRECTION('',(1.,0.));
#9783 = ( GEOMETRIC_REPRESENTATION_CONTEXT(2) 
PARAMETRIC_REPRESENTATION_CONTEXT() REPRESENTATION_CONTEXT('2D SPACE',''
  ) );
#9784 = ORIENTED_EDGE('',*,*,#9785,.T.);
#9785 = EDGE_CURVE('',#9763,#7082,#9786,.T.);
#9786 = SURFACE_CURVE('',#9787,(#9791,#9798),.PCURVE_S1.);
#9787 = LINE('',#9788,#9789);
#9788 = CARTESIAN_POINT('',(2.3,9.4,0.5));
#9789 = VECTOR('',#9790,1.);
#9790 = DIRECTION('',(0.,0.,1.));
#9791 = PCURVE('',#7122,#9792);
#9792 = DEFINITIONAL_REPRESENTATION('',(#9793),#9797);
#9793 = LINE('',#9794,#9795);
#9794 = CARTESIAN_POINT('',(0.,0.));
#9795 = VECTOR('',#9796,1.);
#9796 = DIRECTION('',(1.,0.));
#9797 = ( GEOMETRIC_REPRESENTATION_CONTEXT(2) 
PARAMETRIC_REPRESENTATION_CONTEXT() REPRESENTATION_CONTEXT('2D SPACE',''
  ) );
#9798 = PCURVE('',#7096,#9799);
#9799 = DEFINITIONAL_REPRESENTATION('',(#9800),#9804);
#9800 = LINE('',#9801,#9802);
#9801 = CARTESIAN_POINT('',(0.,-4.9));
#9802 = VECTOR('',#9803,1.);
#9803 = DIRECTION('',(1.,0.));
#9804 = ( GEOMETRIC_REPRESENTATION_CONTEXT(2) 
PARAMETRIC_REPRESENTATION_CONTEXT() REPRESENTATION_CONTEXT('2D SPACE',''
  ) );
#9805 = ORIENTED_EDGE('',*,*,#7107,.F.);
#9806 = ORIENTED_EDGE('',*,*,#9688,.F.);
#9807 = ORIENTED_EDGE('',*,*,#8112,.F.);
#9808 = ADVANCED_FACE('',(#9809),#7096,.T.);
#9809 = FACE_BOUND('',#9810,.T.);
#9810 = EDGE_LOOP('',(#9811,#9812,#9833,#9834));
#9811 = ORIENTED_EDGE('',*,*,#9737,.F.);
#9812 = ORIENTED_EDGE('',*,*,#9813,.T.);
#9813 = EDGE_CURVE('',#9715,#9763,#9814,.T.);
#9814 = SURFACE_CURVE('',#9815,(#9819,#9826),.PCURVE_S1.);
#9815 = LINE('',#9816,#9817);
#9816 = CARTESIAN_POINT('',(2.3,4.5,0.5));
#9817 = VECTOR('',#9818,1.);
#9818 = DIRECTION('',(0.,1.,0.));
#9819 = PCURVE('',#7096,#9820);
#9820 = DEFINITIONAL_REPRESENTATION('',(#9821),#9825);
#9821 = LINE('',#9822,#9823);
#9822 = CARTESIAN_POINT('',(0.,0.));
#9823 = VECTOR('',#9824,1.);
#9824 = DIRECTION('',(0.,-1.));
#9825 = ( GEOMETRIC_REPRESENTATION_CONTEXT(2) 
PARAMETRIC_REPRESENTATION_CONTEXT() REPRESENTATION_CONTEXT('2D SPACE',''
  ) );
#9826 = PCURVE('',#8101,#9827);
#9827 = DEFINITIONAL_REPRESENTATION('',(#9828),#9832);
#9828 = LINE('',#9829,#9830);
#9829 = CARTESIAN_POINT('',(0.,0.));
#9830 = VECTOR('',#9831,1.);
#9831 = DIRECTION('',(0.,1.));
#9832 = ( GEOMETRIC_REPRESENTATION_CONTEXT(2) 
PARAMETRIC_REPRESENTATION_CONTEXT() REPRESENTATION_CONTEXT('2D SPACE',''
  ) );
#9833 = ORIENTED_EDGE('',*,*,#9785,.T.);
#9834 = ORIENTED_EDGE('',*,*,#7081,.F.);
#9835 = ADVANCED_FACE('',(#9836),#7206,.F.);
#9836 = FACE_BOUND('',#9837,.T.);
#9837 = EDGE_LOOP('',(#9838,#9839,#9860,#9861));
#9838 = ORIENTED_EDGE('',*,*,#8368,.F.);
#9839 = ORIENTED_EDGE('',*,*,#9840,.T.);
#9840 = EDGE_CURVE('',#8346,#7186,#9841,.T.);
#9841 = SEAM_CURVE('',#9842,(#9846,#9853),.PCURVE_S1.);
#9842 = LINE('',#9843,#9844);
#9843 = CARTESIAN_POINT('',(38.,16.,-1.));
#9844 = VECTOR('',#9845,1.);
#9845 = DIRECTION('',(0.,0.,1.));
#9846 = PCURVE('',#7206,#9847);
#9847 = DEFINITIONAL_REPRESENTATION('',(#9848),#9852);
#9848 = LINE('',#9849,#9850);
#9849 = CARTESIAN_POINT('',(-6.28318530718,0.));
#9850 = VECTOR('',#9851,1.);
#9851 = DIRECTION('',(-0.,-1.));
#9852 = ( GEOMETRIC_REPRESENTATION_CONTEXT(2) 
PARAMETRIC_REPRESENTATION_CONTEXT() REPRESENTATION_CONTEXT('2D SPACE',''
  ) );
#9853 = PCURVE('',#7206,#9854);
#9854 = DEFINITIONAL_REPRESENTATION('',(#9855),#9859);
#9855 = LINE('',#9856,#9857);
#9856 = CARTESIAN_POINT('',(-0.,0.));
#9857 = VECTOR('',#9858,1.);
#9858 = DIRECTION('',(-0.,-1.));
#9859 = ( GEOMETRIC_REPRESENTATION_CONTEXT(2) 
PARAMETRIC_REPRESENTATION_CONTEXT() REPRESENTATION_CONTEXT('2D SPACE',''
  ) );
#9860 = ORIENTED_EDGE('',*,*,#7185,.F.);
#9861 = ORIENTED_EDGE('',*,*,#9840,.F.);
#9862 = ADVANCED_FACE('',(#9863),#7634,.T.);
#9863 = FACE_BOUND('',#9864,.T.);
#9864 = EDGE_LOOP('',(#9865,#9866,#9867,#9868,#9869,#9870,#9871,#9872));
#9865 = ORIENTED_EDGE('',*,*,#9440,.F.);
#9866 = ORIENTED_EDGE('',*,*,#9491,.F.);
#9867 = ORIENTED_EDGE('',*,*,#9392,.T.);
#9868 = ORIENTED_EDGE('',*,*,#9340,.T.);
#9869 = ORIENTED_EDGE('',*,*,#9240,.F.);
#9870 = ORIENTED_EDGE('',*,*,#7790,.T.);
#9871 = ORIENTED_EDGE('',*,*,#7866,.T.);
#9872 = ORIENTED_EDGE('',*,*,#7620,.T.);
#9873 = ADVANCED_FACE('',(#9874),#8101,.T.);
#9874 = FACE_BOUND('',#9875,.T.);
#9875 = EDGE_LOOP('',(#9876,#9877,#9878,#9879,#9880,#9881,#9882,#9883));
#9876 = ORIENTED_EDGE('',*,*,#9762,.F.);
#9877 = ORIENTED_EDGE('',*,*,#9813,.F.);
#9878 = ORIENTED_EDGE('',*,*,#9714,.T.);
#9879 = ORIENTED_EDGE('',*,*,#9662,.T.);
#9880 = ORIENTED_EDGE('',*,*,#9562,.F.);
#9881 = ORIENTED_EDGE('',*,*,#8300,.T.);
#9882 = ORIENTED_EDGE('',*,*,#8324,.T.);
#9883 = ORIENTED_EDGE('',*,*,#8087,.T.);
#9884 = ADVANCED_FACE('',(#9885),#8650,.F.);
#9885 = FACE_BOUND('',#9886,.F.);
#9886 = EDGE_LOOP('',(#9887,#9888,#9911,#9938));
#9887 = ORIENTED_EDGE('',*,*,#8633,.F.);
#9888 = ORIENTED_EDGE('',*,*,#9889,.T.);
#9889 = EDGE_CURVE('',#8634,#9890,#9892,.T.);
#9890 = VERTEX_POINT('',#9891);
#9891 = CARTESIAN_POINT('',(-23.85,7.,13.7));
#9892 = SEAM_CURVE('',#9893,(#9897,#9904),.PCURVE_S1.);
#9893 = LINE('',#9894,#9895);
#9894 = CARTESIAN_POINT('',(-23.85,-1.,13.7));
#9895 = VECTOR('',#9896,1.);
#9896 = DIRECTION('',(-0.,1.,-0.));
#9897 = PCURVE('',#8650,#9898);
#9898 = DEFINITIONAL_REPRESENTATION('',(#9899),#9903);
#9899 = LINE('',#9900,#9901);
#9900 = CARTESIAN_POINT('',(6.28318530718,0.));
#9901 = VECTOR('',#9902,1.);
#9902 = DIRECTION('',(0.,-1.));
#9903 = ( GEOMETRIC_REPRESENTATION_CONTEXT(2) 
PARAMETRIC_REPRESENTATION_CONTEXT() REPRESENTATION_CONTEXT('2D SPACE',''
  ) );
#9904 = PCURVE('',#8650,#9905);
#9905 = DEFINITIONAL_REPRESENTATION('',(#9906),#9910);
#9906 = LINE('',#9907,#9908);
#9907 = CARTESIAN_POINT('',(0.,0.));
#9908 = VECTOR('',#9909,1.);
#9909 = DIRECTION('',(0.,-1.));
#9910 = ( GEOMETRIC_REPRESENTATION_CONTEXT(2) 
PARAMETRIC_REPRESENTATION_CONTEXT() REPRESENTATION_CONTEXT('2D SPACE',''
  ) );
#9911 = ORIENTED_EDGE('',*,*,#9912,.T.);
#9912 = EDGE_CURVE('',#9890,#9890,#9913,.T.);
#9913 = SURFACE_CURVE('',#9914,(#9919,#9926),.PCURVE_S1.);
#9914 = CIRCLE('',#9915,1.2);
#9915 = AXIS2_PLACEMENT_3D('',#9916,#9917,#9918);
#9916 = CARTESIAN_POINT('',(-25.05,7.,13.7));
#9917 = DIRECTION('',(0.,-1.,0.));
#9918 = DIRECTION('',(1.,0.,0.));
#9919 = PCURVE('',#8650,#9920);
#9920 = DEFINITIONAL_REPRESENTATION('',(#9921),#9925);
#9921 = LINE('',#9922,#9923);
#9922 = CARTESIAN_POINT('',(0.,-8.));
#9923 = VECTOR('',#9924,1.);
#9924 = DIRECTION('',(1.,0.));
#9925 = ( GEOMETRIC_REPRESENTATION_CONTEXT(2) 
PARAMETRIC_REPRESENTATION_CONTEXT() REPRESENTATION_CONTEXT('2D SPACE',''
  ) );
#9926 = PCURVE('',#9927,#9932);
#9927 = PLANE('',#9928);
#9928 = AXIS2_PLACEMENT_3D('',#9929,#9930,#9931);
#9929 = CARTESIAN_POINT('',(-25.05,7.,13.7));
#9930 = DIRECTION('',(-0.,-1.,-0.));
#9931 = DIRECTION('',(0.,0.,-1.));
#9932 = DEFINITIONAL_REPRESENTATION('',(#9933),#9937);
#9933 = CIRCLE('',#9934,1.2);
#9934 = AXIS2_PLACEMENT_2D('',#9935,#9936);
#9935 = CARTESIAN_POINT('',(0.,0.));
#9936 = DIRECTION('',(0.,1.));
#9937 = ( GEOMETRIC_REPRESENTATION_CONTEXT(2) 
PARAMETRIC_REPRESENTATION_CONTEXT() REPRESENTATION_CONTEXT('2D SPACE',''
  ) );
#9938 = ORIENTED_EDGE('',*,*,#9889,.F.);
#9939 = ADVANCED_FACE('',(#9940),#8690,.F.);
#9940 = FACE_BOUND('',#9941,.F.);
#9941 = EDGE_LOOP('',(#9942,#9943,#9966,#9993));
#9942 = ORIENTED_EDGE('',*,*,#8673,.F.);
#9943 = ORIENTED_EDGE('',*,*,#9944,.T.);
#9944 = EDGE_CURVE('',#8674,#9945,#9947,.T.);
#9945 = VERTEX_POINT('',#9946);
#9946 = CARTESIAN_POINT('',(-4.35,7.,13.7));
#9947 = SEAM_CURVE('',#9948,(#9952,#9959),.PCURVE_S1.);
#9948 = LINE('',#9949,#9950);
#9949 = CARTESIAN_POINT('',(-4.35,-1.,13.7));
#9950 = VECTOR('',#9951,1.);
#9951 = DIRECTION('',(-0.,1.,-0.));
#9952 = PCURVE('',#8690,#9953);
#9953 = DEFINITIONAL_REPRESENTATION('',(#9954),#9958);
#9954 = LINE('',#9955,#9956);
#9955 = CARTESIAN_POINT('',(6.28318530718,0.));
#9956 = VECTOR('',#9957,1.);
#9957 = DIRECTION('',(0.,-1.));
#9958 = ( GEOMETRIC_REPRESENTATION_CONTEXT(2) 
PARAMETRIC_REPRESENTATION_CONTEXT() REPRESENTATION_CONTEXT('2D SPACE',''
  ) );
#9959 = PCURVE('',#8690,#9960);
#9960 = DEFINITIONAL_REPRESENTATION('',(#9961),#9965);
#9961 = LINE('',#9962,#9963);
#9962 = CARTESIAN_POINT('',(0.,0.));
#9963 = VECTOR('',#9964,1.);
#9964 = DIRECTION('',(0.,-1.));
#9965 = ( GEOMETRIC_REPRESENTATION_CONTEXT(2) 
PARAMETRIC_REPRESENTATION_CONTEXT() REPRESENTATION_CONTEXT('2D SPACE',''
  ) );
#9966 = ORIENTED_EDGE('',*,*,#9967,.T.);
#9967 = EDGE_CURVE('',#9945,#9945,#9968,.T.);
#9968 = SURFACE_CURVE('',#9969,(#9974,#9981),.PCURVE_S1.);
#9969 = CIRCLE('',#9970,1.2);
#9970 = AXIS2_PLACEMENT_3D('',#9971,#9972,#9973);
#9971 = CARTESIAN_POINT('',(-5.55,7.,13.7));
#9972 = DIRECTION('',(0.,-1.,0.));
#9973 = DIRECTION('',(1.,0.,0.));
#9974 = PCURVE('',#8690,#9975);
#9975 = DEFINITIONAL_REPRESENTATION('',(#9976),#9980);
#9976 = LINE('',#9977,#9978);
#9977 = CARTESIAN_POINT('',(0.,-8.));
#9978 = VECTOR('',#9979,1.);
#9979 = DIRECTION('',(1.,0.));
#9980 = ( GEOMETRIC_REPRESENTATION_CONTEXT(2) 
PARAMETRIC_REPRESENTATION_CONTEXT() REPRESENTATION_CONTEXT('2D SPACE',''
  ) );
#9981 = PCURVE('',#9982,#9987);
#9982 = PLANE('',#9983);
#9983 = AXIS2_PLACEMENT_3D('',#9984,#9985,#9986);
#9984 = CARTESIAN_POINT('',(-5.55,7.,13.7));
#9985 = DIRECTION('',(-0.,-1.,-0.));
#9986 = DIRECTION('',(0.,0.,-1.));
#9987 = DEFINITIONAL_REPRESENTATION('',(#9988),#9992);
#9988 = CIRCLE('',#9989,1.2);
#9989 = AXIS2_PLACEMENT_2D('',#9990,#9991);
#9990 = CARTESIAN_POINT('',(0.,0.));
#9991 = DIRECTION('',(0.,1.));
#9992 = ( GEOMETRIC_REPRESENTATION_CONTEXT(2) 
PARAMETRIC_REPRESENTATION_CONTEXT() REPRESENTATION_CONTEXT('2D SPACE',''
  ) );
#9993 = ORIENTED_EDGE('',*,*,#9944,.F.);
#9994 = ADVANCED_FACE('',(#9995),#8742,.F.);
#9995 = FACE_BOUND('',#9996,.F.);
#9996 = EDGE_LOOP('',(#9997,#9998,#10021,#10048));
#9997 = ORIENTED_EDGE('',*,*,#8725,.F.);
#9998 = ORIENTED_EDGE('',*,*,#9999,.T.);
#9999 = EDGE_CURVE('',#8726,#10000,#10002,.T.);
#10000 = VERTEX_POINT('',#10001);
#10001 = CARTESIAN_POINT('',(6.75,7.,13.7));
#10002 = SEAM_CURVE('',#10003,(#10007,#10014),.PCURVE_S1.);
#10003 = LINE('',#10004,#10005);
#10004 = CARTESIAN_POINT('',(6.75,-1.,13.7));
#10005 = VECTOR('',#10006,1.);
#10006 = DIRECTION('',(-0.,1.,-0.));
#10007 = PCURVE('',#8742,#10008);
#10008 = DEFINITIONAL_REPRESENTATION('',(#10009),#10013);
#10009 = LINE('',#10010,#10011);
#10010 = CARTESIAN_POINT('',(6.28318530718,0.));
#10011 = VECTOR('',#10012,1.);
#10012 = DIRECTION('',(0.,-1.));
#10013 = ( GEOMETRIC_REPRESENTATION_CONTEXT(2) 
PARAMETRIC_REPRESENTATION_CONTEXT() REPRESENTATION_CONTEXT('2D SPACE',''
  ) );
#10014 = PCURVE('',#8742,#10015);
#10015 = DEFINITIONAL_REPRESENTATION('',(#10016),#10020);
#10016 = LINE('',#10017,#10018);
#10017 = CARTESIAN_POINT('',(0.,0.));
#10018 = VECTOR('',#10019,1.);
#10019 = DIRECTION('',(0.,-1.));
#10020 = ( GEOMETRIC_REPRESENTATION_CONTEXT(2) 
PARAMETRIC_REPRESENTATION_CONTEXT() REPRESENTATION_CONTEXT('2D SPACE',''
  ) );
#10021 = ORIENTED_EDGE('',*,*,#10022,.T.);
#10022 = EDGE_CURVE('',#10000,#10000,#10023,.T.);
#10023 = SURFACE_CURVE('',#10024,(#10029,#10036),.PCURVE_S1.);
#10024 = CIRCLE('',#10025,1.2);
#10025 = AXIS2_PLACEMENT_3D('',#10026,#10027,#10028);
#10026 = CARTESIAN_POINT('',(5.55,7.,13.7));
#10027 = DIRECTION('',(0.,-1.,0.));
#10028 = DIRECTION('',(1.,0.,0.));
#10029 = PCURVE('',#8742,#10030);
#10030 = DEFINITIONAL_REPRESENTATION('',(#10031),#10035);
#10031 = LINE('',#10032,#10033);
#10032 = CARTESIAN_POINT('',(0.,-8.));
#10033 = VECTOR('',#10034,1.);
#10034 = DIRECTION('',(1.,0.));
#10035 = ( GEOMETRIC_REPRESENTATION_CONTEXT(2) 
PARAMETRIC_REPRESENTATION_CONTEXT() REPRESENTATION_CONTEXT('2D SPACE',''
  ) );
#10036 = PCURVE('',#10037,#10042);
#10037 = PLANE('',#10038);
#10038 = AXIS2_PLACEMENT_3D('',#10039,#10040,#10041);
#10039 = CARTESIAN_POINT('',(5.55,7.,13.7));
#10040 = DIRECTION('',(-0.,-1.,-0.));
#10041 = DIRECTION('',(0.,0.,-1.));
#10042 = DEFINITIONAL_REPRESENTATION('',(#10043),#10047);
#10043 = CIRCLE('',#10044,1.2);
#10044 = AXIS2_PLACEMENT_2D('',#10045,#10046);
#10045 = CARTESIAN_POINT('',(0.,0.));
#10046 = DIRECTION('',(0.,1.));
#10047 = ( GEOMETRIC_REPRESENTATION_CONTEXT(2) 
PARAMETRIC_REPRESENTATION_CONTEXT() REPRESENTATION_CONTEXT('2D SPACE',''
  ) );
#10048 = ORIENTED_EDGE('',*,*,#9999,.F.);
#10049 = ADVANCED_FACE('',(#10050),#8782,.F.);
#10050 = FACE_BOUND('',#10051,.F.);
#10051 = EDGE_LOOP('',(#10052,#10053,#10076,#10103));
#10052 = ORIENTED_EDGE('',*,*,#8765,.F.);
#10053 = ORIENTED_EDGE('',*,*,#10054,.T.);
#10054 = EDGE_CURVE('',#8766,#10055,#10057,.T.);
#10055 = VERTEX_POINT('',#10056);
#10056 = CARTESIAN_POINT('',(26.25,7.,13.7));
#10057 = SEAM_CURVE('',#10058,(#10062,#10069),.PCURVE_S1.);
#10058 = LINE('',#10059,#10060);
#10059 = CARTESIAN_POINT('',(26.25,-1.,13.7));
#10060 = VECTOR('',#10061,1.);
#10061 = DIRECTION('',(-0.,1.,-0.));
#10062 = PCURVE('',#8782,#10063);
#10063 = DEFINITIONAL_REPRESENTATION('',(#10064),#10068);
#10064 = LINE('',#10065,#10066);
#10065 = CARTESIAN_POINT('',(6.28318530718,0.));
#10066 = VECTOR('',#10067,1.);
#10067 = DIRECTION('',(0.,-1.));
#10068 = ( GEOMETRIC_REPRESENTATION_CONTEXT(2) 
PARAMETRIC_REPRESENTATION_CONTEXT() REPRESENTATION_CONTEXT('2D SPACE',''
  ) );
#10069 = PCURVE('',#8782,#10070);
#10070 = DEFINITIONAL_REPRESENTATION('',(#10071),#10075);
#10071 = LINE('',#10072,#10073);
#10072 = CARTESIAN_POINT('',(0.,0.));
#10073 = VECTOR('',#10074,1.);
#10074 = DIRECTION('',(0.,-1.));
#10075 = ( GEOMETRIC_REPRESENTATION_CONTEXT(2) 
PARAMETRIC_REPRESENTATION_CONTEXT() REPRESENTATION_CONTEXT('2D SPACE',''
  ) );
#10076 = ORIENTED_EDGE('',*,*,#10077,.T.);
#10077 = EDGE_CURVE('',#10055,#10055,#10078,.T.);
#10078 = SURFACE_CURVE('',#10079,(#10084,#10091),.PCURVE_S1.);
#10079 = CIRCLE('',#10080,1.2);
#10080 = AXIS2_PLACEMENT_3D('',#10081,#10082,#10083);
#10081 = CARTESIAN_POINT('',(25.05,7.,13.7));
#10082 = DIRECTION('',(0.,-1.,0.));
#10083 = DIRECTION('',(1.,0.,0.));
#10084 = PCURVE('',#8782,#10085);
#10085 = DEFINITIONAL_REPRESENTATION('',(#10086),#10090);
#10086 = LINE('',#10087,#10088);
#10087 = CARTESIAN_POINT('',(0.,-8.));
#10088 = VECTOR('',#10089,1.);
#10089 = DIRECTION('',(1.,0.));
#10090 = ( GEOMETRIC_REPRESENTATION_CONTEXT(2) 
PARAMETRIC_REPRESENTATION_CONTEXT() REPRESENTATION_CONTEXT('2D SPACE',''
  ) );
#10091 = PCURVE('',#10092,#10097);
#10092 = PLANE('',#10093);
#10093 = AXIS2_PLACEMENT_3D('',#10094,#10095,#10096);
#10094 = CARTESIAN_POINT('',(25.05,7.,13.7));
#10095 = DIRECTION('',(-0.,-1.,-0.));
#10096 = DIRECTION('',(0.,0.,-1.));
#10097 = DEFINITIONAL_REPRESENTATION('',(#10098),#10102);
#10098 = CIRCLE('',#10099,1.2);
#10099 = AXIS2_PLACEMENT_2D('',#10100,#10101);
#10100 = CARTESIAN_POINT('',(0.,0.));
#10101 = DIRECTION('',(0.,1.));
#10102 = ( GEOMETRIC_REPRESENTATION_CONTEXT(2) 
PARAMETRIC_REPRESENTATION_CONTEXT() REPRESENTATION_CONTEXT('2D SPACE',''
  ) );
#10103 = ORIENTED_EDGE('',*,*,#10054,.F.);
#10104 = ADVANCED_FACE('',(#10105),#8864,.F.);
#10105 = FACE_BOUND('',#10106,.F.);
#10106 = EDGE_LOOP('',(#10107,#10108,#10109,#10110));
#10107 = ORIENTED_EDGE('',*,*,#9117,.F.);
#10108 = ORIENTED_EDGE('',*,*,#9144,.T.);
#10109 = ORIENTED_EDGE('',*,*,#8849,.T.);
#10110 = ORIENTED_EDGE('',*,*,#9066,.F.);
#10111 = ADVANCED_FACE('',(#10112),#8923,.T.);
#10112 = FACE_BOUND('',#10113,.T.);
#10113 = EDGE_LOOP('',(#10114,#10115,#10138,#10160));
#10114 = ORIENTED_EDGE('',*,*,#8902,.F.);
#10115 = ORIENTED_EDGE('',*,*,#10116,.T.);
#10116 = EDGE_CURVE('',#8903,#10117,#10119,.T.);
#10117 = VERTEX_POINT('',#10118);
#10118 = CARTESIAN_POINT('',(-21.55,7.,13.7));
#10119 = SEAM_CURVE('',#10120,(#10124,#10131),.PCURVE_S1.);
#10120 = LINE('',#10121,#10122);
#10121 = CARTESIAN_POINT('',(-21.55,0.,13.7));
#10122 = VECTOR('',#10123,1.);
#10123 = DIRECTION('',(-0.,1.,-0.));
#10124 = PCURVE('',#8923,#10125);
#10125 = DEFINITIONAL_REPRESENTATION('',(#10126),#10130);
#10126 = LINE('',#10127,#10128);
#10127 = CARTESIAN_POINT('',(6.28318530718,0.));
#10128 = VECTOR('',#10129,1.);
#10129 = DIRECTION('',(0.,-1.));
#10130 = ( GEOMETRIC_REPRESENTATION_CONTEXT(2) 
PARAMETRIC_REPRESENTATION_CONTEXT() REPRESENTATION_CONTEXT('2D SPACE',''
  ) );
#10131 = PCURVE('',#8923,#10132);
#10132 = DEFINITIONAL_REPRESENTATION('',(#10133),#10137);
#10133 = LINE('',#10134,#10135);
#10134 = CARTESIAN_POINT('',(0.,0.));
#10135 = VECTOR('',#10136,1.);
#10136 = DIRECTION('',(0.,-1.));
#10137 = ( GEOMETRIC_REPRESENTATION_CONTEXT(2) 
PARAMETRIC_REPRESENTATION_CONTEXT() REPRESENTATION_CONTEXT('2D SPACE',''
  ) );
#10138 = ORIENTED_EDGE('',*,*,#10139,.T.);
#10139 = EDGE_CURVE('',#10117,#10117,#10140,.T.);
#10140 = SURFACE_CURVE('',#10141,(#10146,#10153),.PCURVE_S1.);
#10141 = CIRCLE('',#10142,3.5);
#10142 = AXIS2_PLACEMENT_3D('',#10143,#10144,#10145);
#10143 = CARTESIAN_POINT('',(-25.05,7.,13.7));
#10144 = DIRECTION('',(0.,-1.,0.));
#10145 = DIRECTION('',(1.,0.,0.));
#10146 = PCURVE('',#8923,#10147);
#10147 = DEFINITIONAL_REPRESENTATION('',(#10148),#10152);
#10148 = LINE('',#10149,#10150);
#10149 = CARTESIAN_POINT('',(0.,-7.));
#10150 = VECTOR('',#10151,1.);
#10151 = DIRECTION('',(1.,0.));
#10152 = ( GEOMETRIC_REPRESENTATION_CONTEXT(2) 
PARAMETRIC_REPRESENTATION_CONTEXT() REPRESENTATION_CONTEXT('2D SPACE',''
  ) );
#10153 = PCURVE('',#9927,#10154);
#10154 = DEFINITIONAL_REPRESENTATION('',(#10155),#10159);
#10155 = CIRCLE('',#10156,3.5);
#10156 = AXIS2_PLACEMENT_2D('',#10157,#10158);
#10157 = CARTESIAN_POINT('',(0.,0.));
#10158 = DIRECTION('',(0.,1.));
#10159 = ( GEOMETRIC_REPRESENTATION_CONTEXT(2) 
PARAMETRIC_REPRESENTATION_CONTEXT() REPRESENTATION_CONTEXT('2D SPACE',''
  ) );
#10160 = ORIENTED_EDGE('',*,*,#10116,.F.);
#10161 = ADVANCED_FACE('',(#10162),#8958,.T.);
#10162 = FACE_BOUND('',#10163,.T.);
#10163 = EDGE_LOOP('',(#10164,#10165,#10188,#10210));
#10164 = ORIENTED_EDGE('',*,*,#8937,.F.);
#10165 = ORIENTED_EDGE('',*,*,#10166,.T.);
#10166 = EDGE_CURVE('',#8938,#10167,#10169,.T.);
#10167 = VERTEX_POINT('',#10168);
#10168 = CARTESIAN_POINT('',(-2.05,7.,13.7));
#10169 = SEAM_CURVE('',#10170,(#10174,#10181),.PCURVE_S1.);
#10170 = LINE('',#10171,#10172);
#10171 = CARTESIAN_POINT('',(-2.05,0.,13.7));
#10172 = VECTOR('',#10173,1.);
#10173 = DIRECTION('',(-0.,1.,-0.));
#10174 = PCURVE('',#8958,#10175);
#10175 = DEFINITIONAL_REPRESENTATION('',(#10176),#10180);
#10176 = LINE('',#10177,#10178);
#10177 = CARTESIAN_POINT('',(6.28318530718,0.));
#10178 = VECTOR('',#10179,1.);
#10179 = DIRECTION('',(0.,-1.));
#10180 = ( GEOMETRIC_REPRESENTATION_CONTEXT(2) 
PARAMETRIC_REPRESENTATION_CONTEXT() REPRESENTATION_CONTEXT('2D SPACE',''
  ) );
#10181 = PCURVE('',#8958,#10182);
#10182 = DEFINITIONAL_REPRESENTATION('',(#10183),#10187);
#10183 = LINE('',#10184,#10185);
#10184 = CARTESIAN_POINT('',(0.,0.));
#10185 = VECTOR('',#10186,1.);
#10186 = DIRECTION('',(0.,-1.));
#10187 = ( GEOMETRIC_REPRESENTATION_CONTEXT(2) 
PARAMETRIC_REPRESENTATION_CONTEXT() REPRESENTATION_CONTEXT('2D SPACE',''
  ) );
#10188 = ORIENTED_EDGE('',*,*,#10189,.T.);
#10189 = EDGE_CURVE('',#10167,#10167,#10190,.T.);
#10190 = SURFACE_CURVE('',#10191,(#10196,#10203),.PCURVE_S1.);
#10191 = CIRCLE('',#10192,3.5);
#10192 = AXIS2_PLACEMENT_3D('',#10193,#10194,#10195);
#10193 = CARTESIAN_POINT('',(-5.55,7.,13.7));
#10194 = DIRECTION('',(0.,-1.,0.));
#10195 = DIRECTION('',(1.,0.,0.));
#10196 = PCURVE('',#8958,#10197);
#10197 = DEFINITIONAL_REPRESENTATION('',(#10198),#10202);
#10198 = LINE('',#10199,#10200);
#10199 = CARTESIAN_POINT('',(0.,-7.));
#10200 = VECTOR('',#10201,1.);
#10201 = DIRECTION('',(1.,0.));
#10202 = ( GEOMETRIC_REPRESENTATION_CONTEXT(2) 
PARAMETRIC_REPRESENTATION_CONTEXT() REPRESENTATION_CONTEXT('2D SPACE',''
  ) );
#10203 = PCURVE('',#9982,#10204);
#10204 = DEFINITIONAL_REPRESENTATION('',(#10205),#10209);
#10205 = CIRCLE('',#10206,3.5);
#10206 = AXIS2_PLACEMENT_2D('',#10207,#10208);
#10207 = CARTESIAN_POINT('',(0.,0.));
#10208 = DIRECTION('',(0.,1.));
#10209 = ( GEOMETRIC_REPRESENTATION_CONTEXT(2) 
PARAMETRIC_REPRESENTATION_CONTEXT() REPRESENTATION_CONTEXT('2D SPACE',''
  ) );
#10210 = ORIENTED_EDGE('',*,*,#10166,.F.);
#10211 = ADVANCED_FACE('',(#10212),#8993,.T.);
#10212 = FACE_BOUND('',#10213,.T.);
#10213 = EDGE_LOOP('',(#10214,#10215,#10238,#10260));
#10214 = ORIENTED_EDGE('',*,*,#8972,.F.);
#10215 = ORIENTED_EDGE('',*,*,#10216,.T.);
#10216 = EDGE_CURVE('',#8973,#10217,#10219,.T.);
#10217 = VERTEX_POINT('',#10218);
#10218 = CARTESIAN_POINT('',(9.05,7.,13.7));
#10219 = SEAM_CURVE('',#10220,(#10224,#10231),.PCURVE_S1.);
#10220 = LINE('',#10221,#10222);
#10221 = CARTESIAN_POINT('',(9.05,0.,13.7));
#10222 = VECTOR('',#10223,1.);
#10223 = DIRECTION('',(-0.,1.,-0.));
#10224 = PCURVE('',#8993,#10225);
#10225 = DEFINITIONAL_REPRESENTATION('',(#10226),#10230);
#10226 = LINE('',#10227,#10228);
#10227 = CARTESIAN_POINT('',(6.28318530718,0.));
#10228 = VECTOR('',#10229,1.);
#10229 = DIRECTION('',(0.,-1.));
#10230 = ( GEOMETRIC_REPRESENTATION_CONTEXT(2) 
PARAMETRIC_REPRESENTATION_CONTEXT() REPRESENTATION_CONTEXT('2D SPACE',''
  ) );
#10231 = PCURVE('',#8993,#10232);
#10232 = DEFINITIONAL_REPRESENTATION('',(#10233),#10237);
#10233 = LINE('',#10234,#10235);
#10234 = CARTESIAN_POINT('',(0.,0.));
#10235 = VECTOR('',#10236,1.);
#10236 = DIRECTION('',(0.,-1.));
#10237 = ( GEOMETRIC_REPRESENTATION_CONTEXT(2) 
PARAMETRIC_REPRESENTATION_CONTEXT() REPRESENTATION_CONTEXT('2D SPACE',''
  ) );
#10238 = ORIENTED_EDGE('',*,*,#10239,.T.);
#10239 = EDGE_CURVE('',#10217,#10217,#10240,.T.);
#10240 = SURFACE_CURVE('',#10241,(#10246,#10253),.PCURVE_S1.);
#10241 = CIRCLE('',#10242,3.5);
#10242 = AXIS2_PLACEMENT_3D('',#10243,#10244,#10245);
#10243 = CARTESIAN_POINT('',(5.55,7.,13.7));
#10244 = DIRECTION('',(0.,-1.,0.));
#10245 = DIRECTION('',(1.,0.,0.));
#10246 = PCURVE('',#8993,#10247);
#10247 = DEFINITIONAL_REPRESENTATION('',(#10248),#10252);
#10248 = LINE('',#10249,#10250);
#10249 = CARTESIAN_POINT('',(0.,-7.));
#10250 = VECTOR('',#10251,1.);
#10251 = DIRECTION('',(1.,0.));
#10252 = ( GEOMETRIC_REPRESENTATION_CONTEXT(2) 
PARAMETRIC_REPRESENTATION_CONTEXT() REPRESENTATION_CONTEXT('2D SPACE',''
  ) );
#10253 = PCURVE('',#10037,#10254);
#10254 = DEFINITIONAL_REPRESENTATION('',(#10255),#10259);
#10255 = CIRCLE('',#10256,3.5);
#10256 = AXIS2_PLACEMENT_2D('',#10257,#10258);
#10257 = CARTESIAN_POINT('',(0.,0.));
#10258 = DIRECTION('',(0.,1.));
#10259 = ( GEOMETRIC_REPRESENTATION_CONTEXT(2) 
PARAMETRIC_REPRESENTATION_CONTEXT() REPRESENTATION_CONTEXT('2D SPACE',''
  ) );
#10260 = ORIENTED_EDGE('',*,*,#10216,.F.);
#10261 = ADVANCED_FACE('',(#10262),#9028,.T.);
#10262 = FACE_BOUND('',#10263,.T.);
#10263 = EDGE_LOOP('',(#10264,#10265,#10288,#10310));
#10264 = ORIENTED_EDGE('',*,*,#9007,.F.);
#10265 = ORIENTED_EDGE('',*,*,#10266,.T.);
#10266 = EDGE_CURVE('',#9008,#10267,#10269,.T.);
#10267 = VERTEX_POINT('',#10268);
#10268 = CARTESIAN_POINT('',(28.55,7.,13.7));
#10269 = SEAM_CURVE('',#10270,(#10274,#10281),.PCURVE_S1.);
#10270 = LINE('',#10271,#10272);
#10271 = CARTESIAN_POINT('',(28.55,0.,13.7));
#10272 = VECTOR('',#10273,1.);
#10273 = DIRECTION('',(-0.,1.,-0.));
#10274 = PCURVE('',#9028,#10275);
#10275 = DEFINITIONAL_REPRESENTATION('',(#10276),#10280);
#10276 = LINE('',#10277,#10278);
#10277 = CARTESIAN_POINT('',(6.28318530718,0.));
#10278 = VECTOR('',#10279,1.);
#10279 = DIRECTION('',(0.,-1.));
#10280 = ( GEOMETRIC_REPRESENTATION_CONTEXT(2) 
PARAMETRIC_REPRESENTATION_CONTEXT() REPRESENTATION_CONTEXT('2D SPACE',''
  ) );
#10281 = PCURVE('',#9028,#10282);
#10282 = DEFINITIONAL_REPRESENTATION('',(#10283),#10287);
#10283 = LINE('',#10284,#10285);
#10284 = CARTESIAN_POINT('',(0.,0.));
#10285 = VECTOR('',#10286,1.);
#10286 = DIRECTION('',(0.,-1.));
#10287 = ( GEOMETRIC_REPRESENTATION_CONTEXT(2) 
PARAMETRIC_REPRESENTATION_CONTEXT() REPRESENTATION_CONTEXT('2D SPACE',''
  ) );
#10288 = ORIENTED_EDGE('',*,*,#10289,.T.);
#10289 = EDGE_CURVE('',#10267,#10267,#10290,.T.);
#10290 = SURFACE_CURVE('',#10291,(#10296,#10303),.PCURVE_S1.);
#10291 = CIRCLE('',#10292,3.5);
#10292 = AXIS2_PLACEMENT_3D('',#10293,#10294,#10295);
#10293 = CARTESIAN_POINT('',(25.05,7.,13.7));
#10294 = DIRECTION('',(0.,-1.,0.));
#10295 = DIRECTION('',(1.,0.,0.));
#10296 = PCURVE('',#9028,#10297);
#10297 = DEFINITIONAL_REPRESENTATION('',(#10298),#10302);
#10298 = LINE('',#10299,#10300);
#10299 = CARTESIAN_POINT('',(0.,-7.));
#10300 = VECTOR('',#10301,1.);
#10301 = DIRECTION('',(1.,0.));
#10302 = ( GEOMETRIC_REPRESENTATION_CONTEXT(2) 
PARAMETRIC_REPRESENTATION_CONTEXT() REPRESENTATION_CONTEXT('2D SPACE',''
  ) );
#10303 = PCURVE('',#10092,#10304);
#10304 = DEFINITIONAL_REPRESENTATION('',(#10305),#10309);
#10305 = CIRCLE('',#10306,3.5);
#10306 = AXIS2_PLACEMENT_2D('',#10307,#10308);
#10307 = CARTESIAN_POINT('',(0.,0.));
#10308 = DIRECTION('',(0.,1.));
#10309 = ( GEOMETRIC_REPRESENTATION_CONTEXT(2) 
PARAMETRIC_REPRESENTATION_CONTEXT() REPRESENTATION_CONTEXT('2D SPACE',''
  ) );
#10310 = ORIENTED_EDGE('',*,*,#10266,.F.);
#10311 = ADVANCED_FACE('',(#10312,#10315),#9927,.F.);
#10312 = FACE_BOUND('',#10313,.F.);
#10313 = EDGE_LOOP('',(#10314));
#10314 = ORIENTED_EDGE('',*,*,#10139,.T.);
#10315 = FACE_BOUND('',#10316,.F.);
#10316 = EDGE_LOOP('',(#10317));
#10317 = ORIENTED_EDGE('',*,*,#9912,.F.);
#10318 = ADVANCED_FACE('',(#10319,#10322),#9982,.F.);
#10319 = FACE_BOUND('',#10320,.F.);
#10320 = EDGE_LOOP('',(#10321));
#10321 = ORIENTED_EDGE('',*,*,#10189,.T.);
#10322 = FACE_BOUND('',#10323,.F.);
#10323 = EDGE_LOOP('',(#10324));
#10324 = ORIENTED_EDGE('',*,*,#9967,.F.);
#10325 = ADVANCED_FACE('',(#10326,#10329),#10037,.F.);
#10326 = FACE_BOUND('',#10327,.F.);
#10327 = EDGE_LOOP('',(#10328));
#10328 = ORIENTED_EDGE('',*,*,#10239,.T.);
#10329 = FACE_BOUND('',#10330,.F.);
#10330 = EDGE_LOOP('',(#10331));
#10331 = ORIENTED_EDGE('',*,*,#10022,.F.);
#10332 = ADVANCED_FACE('',(#10333,#10336),#10092,.F.);
#10333 = FACE_BOUND('',#10334,.F.);
#10334 = EDGE_LOOP('',(#10335));
#10335 = ORIENTED_EDGE('',*,*,#10289,.T.);
#10336 = FACE_BOUND('',#10337,.F.);
#10337 = EDGE_LOOP('',(#10338));
#10338 = ORIENTED_EDGE('',*,*,#10077,.F.);
#10339 = ( GEOMETRIC_REPRESENTATION_CONTEXT(3) 
GLOBAL_UNCERTAINTY_ASSIGNED_CONTEXT((#10343)) 
GLOBAL_UNIT_ASSIGNED_CONTEXT((#10340,#10341,#10342)) 
REPRESENTATION_CONTEXT('Context #1',
  '3D Context with UNIT and UNCERTAINTY') );
#10340 = ( LENGTH_UNIT() NAMED_UNIT(*) SI_UNIT(.MILLI.,.METRE.) );
#10341 = ( NAMED_UNIT(*) PLANE_ANGLE_UNIT() SI_UNIT($,.RADIAN.) );
#10342 = ( NAMED_UNIT(*) SI_UNIT($,.STERADIAN.) SOLID_ANGLE_UNIT() );
#10343 = UNCERTAINTY_MEASURE_WITH_UNIT(LENGTH_MEASURE(5.E-07),#10340,
  'distance_accuracy_value','confusion accuracy');
#10344 = PRODUCT_RELATED_PRODUCT_CATEGORY('part',$,(#7));
ENDSEC;
END-ISO-10303-21;
